position,ref_base,unique_cov,redundant_cov,total_cov
1,A,30,0,30
2,T,30,0,30
3,A,29,0,29
4,A,29,0,29
5,T,29,0,29
6,T,29,0,29
7,T,29,0,29
8,C,29,0,29
9,A,29,0,29
10,A,28,0,28
11,T,28,0,28
12,G,27,0,27
13,A,27,0,27
14,A,27,0,27
15,T,27,0,27
16,A,25,0,25
17,G,25,0,25
18,C,24,0,24
19,A,23,0,23
20,A,23,0,23
21,A,24,0,24
22,A,24,0,24
23,C,24,0,24
24,G,23,0,23
25,G,23,0,23
26,G,23,0,23
27,G,23,0,23
28,A,22,0,22
29,C,24,0,24
30,C,24,0,24
31,C,24,0,24
32,T,23,0,23
33,A,22,0,22
34,A,22,0,22
35,T,22,0,22
36,T,22,0,22
37,T,22,0,22
38,T,22,0,22
39,T,22,0,22
40,A,22,0,22
41,A,23,0,23
42,C,23,0,23
43,T,23,0,23
44,A,23,0,23
45,T,23,0,23
46,A,23,0,23
47,T,23,0,23
48,T,23,0,23
49,G,23,0,23
50,A,23,0,23
51,A,23,0,23
52,A,23,0,23
53,A,23,0,23
54,A,23,0,23
55,A,23,0,23
56,C,23,0,23
57,T,23,0,23
58,T,21,0,21
59,T,22,0,22
60,T,22,0,22
61,T,22,0,22
62,T,21,0,21
63,T,21,0,21
64,T,21,0,21
65,T,22,0,22
66,C,22,0,22
67,A,22,0,22
68,T,23,0,23
69,A,23,0,23
70,T,23,0,23
71,A,23,0,23
72,C,23,0,23
73,G,23,0,23
74,C,24,0,24
75,T,24,0,24
76,T,23,0,23
77,T,25,0,25
78,A,24,0,24
79,C,24,0,24
80,C,24,0,24
81,T,24,0,24
82,T,24,0,24
83,G,24,0,24
84,A,24,0,24
85,C,25,0,25
86,A,26,0,26
87,T,26,0,26
88,G,26,0,26
89,C,26,0,26
90,T,26,0,26
91,T,26,0,26
92,T,26,0,26
93,T,26,0,26
94,T,26,0,26
95,T,26,0,26
96,C,27,0,27
97,A,27,0,27
98,A,31,0,31
99,A,31,0,31
100,G,31,0,31
101,C,31,0,31
102,T,31,0,31
103,A,30,0,30
104,T,32,0,32
105,G,31,0,31
106,A,32,0,32
107,G,32,0,32
108,T,31,0,31
109,C,31,0,31
110,G,32,0,32
111,T,32,0,32
112,T,31,0,31
113,T,31,0,31
114,C,31,0,31
115,A,31,0,31
116,A,31,0,31
117,A,32,0,32
118,T,32,0,32
119,A,31,0,31
120,G,29,0,29
121,A,29,0,29
122,G,29,0,29
123,G,29,0,29
124,G,29,0,29
125,A,28,0,28
126,A,28,0,28
127,A,28,0,28
128,T,28,0,28
129,A,28,0,28
130,C,28,0,28
131,A,28,0,28
132,A,27,0,27
133,T,27,0,27
134,G,29,0,29
135,G,29,0,29
136,C,29,0,29
137,A,29,0,29
138,A,30,0,30
139,A,30,0,30
140,A,30,0,30
141,G,30,0,30
142,A,30,0,30
143,A,29,0,29
144,T,31,0,31
145,A,31,0,31
146,A,30,0,30
147,A,30,0,30
148,A,31,0,31
149,A,31,0,31
150,C,31,0,31
151,C,31,0,31
152,C,31,0,31
153,A,31,0,31
154,A,31,0,31
155,C,30,0,30
156,T,30,0,30
157,G,30,0,30
158,C,30,0,30
159,G,30,0,30
160,T,30,0,30
161,T,30,0,30
162,A,30,0,30
163,A,31,0,31
164,C,31,0,31
165,A,31,0,31
166,G,31,0,31
167,A,31,0,31
168,A,31,0,31
169,G,31,0,31
170,G,31,0,31
171,G,32,0,32
172,T,31,0,31
173,T,32,0,32
174,T,32,0,32
175,C,32,0,32
176,T,32,0,32
177,A,33,0,33
178,A,33,0,33
179,A,33,0,33
180,A,32,0,32
181,T,33,0,33
182,A,34,0,34
183,C,34,0,34
184,C,35,0,35
185,T,35,0,35
186,A,35,0,35
187,T,35,0,35
188,A,35,0,35
189,A,37,0,37
190,G,37,0,37
191,G,37,0,37
192,T,36,0,36
193,G,36,0,36
194,A,37,0,37
195,A,37,0,37
196,T,37,0,37
197,T,37,0,37
198,A,37,0,37
199,A,37,0,37
200,A,37,0,37
201,T,38,0,38
202,T,38,0,38
203,A,38,0,38
204,C,38,0,38
205,A,39,0,39
206,T,39,0,39
207,C,40,0,40
208,G,40,0,40
209,T,41,0,41
210,A,40,0,40
211,A,40,0,40
212,T,40,0,40
213,C,40,0,40
214,A,40,0,40
215,T,40,0,40
216,C,39,0,39
217,A,40,0,40
218,G,42,0,42
219,T,41,0,41
220,T,41,0,41
221,T,42,0,42
222,A,42,0,42
223,A,43,0,43
224,T,44,0,44
225,T,42,0,42
226,C,43,0,43
227,A,43,0,43
228,T,42,0,42
229,T,42,0,42
230,C,42,0,42
231,G,42,0,42
232,A,42,0,42
233,G,43,0,43
234,T,43,0,43
235,A,43,0,43
236,T,44,0,44
237,A,43,0,43
238,T,43,0,43
239,T,43,0,43
240,C,43,0,43
241,T,43,0,43
242,G,43,0,43
243,C,44,0,44
244,A,44,0,44
245,A,47,0,47
246,G,47,0,47
247,A,46,0,46
248,G,47,0,47
249,A,43,0,43
250,A,42,0,42
251,A,43,0,43
252,T,42,0,42
253,T,42,0,42
254,T,42,0,42
255,T,41,0,41
256,G,41,0,41
257,T,41,0,41
258,A,42,0,42
259,G,42,0,42
260,A,42,0,42
261,A,41,0,41
262,A,41,0,41
263,A,41,0,41
264,G,42,0,42
265,G,42,0,42
266,G,44,0,44
267,G,44,0,44
268,T,44,0,44
269,G,44,0,44
270,T,44,0,44
271,T,44,0,44
272,T,44,0,44
273,T,44,0,44
274,T,44,0,44
275,T,44,0,44
276,A,44,0,44
277,C,44,0,44
278,A,46,0,46
279,T,46,0,46
280,T,47,0,47
281,T,49,0,49
282,T,49,0,49
283,T,49,0,49
284,T,49,0,49
285,T,47,0,47
286,G,46,0,46
287,C,46,0,46
288,C,48,0,48
289,T,48,0,48
290,C,48,0,48
291,T,48,0,48
292,A,48,0,48
293,A,49,0,49
294,C,51,0,51
295,T,49,0,49
296,T,50,0,50
297,A,50,0,50
298,G,50,0,50
299,A,50,0,50
300,G,51,0,51
301,G,51,0,51
302,T,51,0,51
303,T,51,0,51
304,A,51,0,51
305,A,52,0,52
306,A,52,0,52
307,A,52,0,52
308,C,52,0,52
309,A,52,0,52
310,A,52,0,52
311,T,52,0,52
312,T,52,0,52
313,A,52,0,52
314,T,51,0,51
315,G,51,0,51
316,G,52,0,52
317,T,54,0,54
318,T,54,0,54
319,A,54,0,54
320,A,54,0,54
321,T,53,0,53
322,A,52,0,52
323,A,51,0,51
324,A,51,0,51
325,A,51,0,51
326,T,51,0,51
327,C,51,0,51
328,T,51,0,51
329,C,51,0,51
330,C,51,0,51
331,G,50,0,50
332,G,48,0,48
333,A,49,0,49
334,A,50,0,50
335,G,49,0,49
336,A,49,0,49
337,A,49,0,49
338,A,51,0,51
339,G,54,0,54
340,T,52,0,52
341,T,53,0,53
342,A,53,0,53
343,A,53,0,53
344,G,53,0,53
345,T,52,0,52
346,G,52,0,52
347,C,52,0,52
348,G,52,0,52
349,C,52,0,52
350,A,52,0,52
351,T,51,0,51
352,C,50,0,50
353,A,50,0,50
354,T,49,0,49
355,A,49,0,49
356,T,48,0,48
357,A,48,0,48
358,G,47,0,47
359,A,47,0,47
360,A,47,0,47
361,T,47,0,47
362,A,47,0,47
363,T,48,0,48
364,A,47,0,47
365,G,48,0,48
366,A,48,0,48
367,A,48,0,48
368,A,47,0,47
369,A,46,0,46
370,T,46,0,46
371,T,47,0,47
372,A,46,0,46
373,G,46,0,46
374,C,45,0,45
375,A,44,0,44
376,G,44,0,44
377,A,45,0,45
378,A,45,0,45
379,A,45,0,45
380,A,45,0,45
381,T,45,0,45
382,G,45,0,45
383,C,45,0,45
384,T,44,0,44
385,G,43,0,43
386,A,43,0,43
387,A,42,0,42
388,A,42,0,42
389,T,42,0,42
390,G,42,0,42
391,G,42,0,42
392,G,42,0,42
393,G,42,0,42
394,T,40,0,40
395,C,40,0,40
396,T,40,0,40
397,G,40,0,40
398,T,40,0,40
399,A,39,0,39
400,A,40,0,40
401,G,40,0,40
402,C,40,0,40
403,C,40,0,40
404,G,40,0,40
405,T,40,0,40
406,G,40,0,40
407,G,40,0,40
408,T,39,0,39
409,C,38,0,38
410,A,38,0,38
411,A,38,0,38
412,T,38,0,38
413,T,38,0,38
414,G,38,0,38
415,A,37,0,37
416,T,35,0,35
417,T,34,0,34
418,G,34,0,34
419,G,34,0,34
420,A,34,0,34
421,T,34,0,34
422,T,34,0,34
423,G,35,0,35
424,G,36,0,36
425,T,36,0,36
426,T,36,0,36
427,A,36,0,36
428,A,36,0,36
429,T,33,0,33
430,C,34,0,34
431,A,33,0,33
432,A,31,0,31
433,C,31,0,31
434,T,31,0,31
435,G,31,0,31
436,G,31,0,31
437,A,31,0,31
438,A,31,0,31
439,C,31,0,31
440,A,30,0,30
441,G,30,0,30
442,A,30,0,30
443,C,31,0,31
444,T,30,0,30
445,G,27,0,27
446,A,27,0,27
447,T,26,0,26
448,T,25,0,25
449,T,25,0,25
450,C,25,0,25
451,A,24,0,24
452,T,25,0,25
453,T,25,0,25
454,A,25,0,25
455,A,25,0,25
456,A,25,0,25
457,G,25,0,25
458,A,25,0,25
459,A,25,0,25
460,A,26,0,26
461,G,26,0,26
462,T,26,0,26
463,G,26,0,26
464,A,26,0,26
465,A,26,0,26
466,G,27,0,27
467,C,26,0,26
468,T,24,0,24
469,A,24,0,24
470,A,25,0,25
471,A,25,0,25
472,C,25,0,25
473,T,25,0,25
474,T,25,0,25
475,C,25,0,25
476,T,26,0,26
477,T,26,0,26
478,T,26,0,26
479,T,25,0,25
480,G,25,0,25
481,A,25,0,25
482,A,25,0,25
483,T,25,0,25
484,T,25,0,25
485,T,23,0,23
486,G,23,0,23
487,T,23,0,23
488,T,23,0,23
489,A,23,0,23
490,A,22,0,22
491,G,22,0,22
492,G,21,0,21
493,A,21,0,21
494,C,21,0,21
495,A,21,0,21
496,G,21,0,21
497,C,22,0,22
498,T,22,0,22
499,C,22,0,22
500,C,22,0,22
501,A,22,0,22
502,A,22,0,22
503,G,22,0,22
504,A,22,0,22
505,G,22,0,22
506,A,22,0,22
507,T,22,0,22
508,C,25,0,25
509,A,26,0,26
510,A,26,0,26
511,T,26,0,26
512,T,26,0,26
513,T,26,0,26
514,G,25,0,25
515,A,25,0,25
516,A,24,0,24
517,A,24,0,24
518,A,24,0,24
519,A,25,0,25
520,A,25,0,25
521,G,25,0,25
522,C,24,0,24
523,G,24,0,24
524,G,24,0,24
525,G,26,0,26
526,G,26,0,26
527,T,26,0,26
528,T,24,0,24
529,C,24,0,24
530,C,24,0,24
531,T,24,0,24
532,A,24,0,24
533,T,25,0,25
534,T,25,0,25
535,G,26,0,26
536,T,26,0,26
537,T,26,0,26
538,T,26,0,26
539,T,25,0,25
540,C,25,0,25
541,A,25,0,25
542,A,25,0,25
543,A,26,0,26
544,A,26,0,26
545,G,26,0,26
546,C,26,0,26
547,A,26,0,26
548,A,26,0,26
549,T,26,0,26
550,C,25,0,25
551,G,24,0,24
552,A,24,0,24
553,C,24,0,24
554,A,24,0,24
555,A,24,0,24
556,C,24,0,24
557,T,24,0,24
558,T,24,0,24
559,A,24,0,24
560,G,24,0,24
561,T,24,0,24
562,T,22,0,22
563,A,22,0,22
564,T,22,0,22
565,G,22,0,22
566,A,23,0,23
567,C,23,0,23
568,A,24,0,24
569,T,24,0,24
570,T,24,0,24
571,A,24,0,24
572,A,26,0,26
573,A,26,0,26
574,C,25,0,25
575,G,25,0,25
576,G,25,0,25
577,A,25,0,25
578,G,25,0,25
579,T,26,0,26
580,G,27,0,27
581,A,26,0,26
582,A,28,0,28
583,T,28,0,28
584,C,28,0,28
585,A,28,0,28
586,C,28,0,28
587,G,29,0,29
588,T,29,0,29
589,G,29,0,29
590,T,29,0,29
591,T,29,0,29
592,A,30,0,30
593,G,30,0,30
594,T,29,0,29
595,T,29,0,29
596,T,29,0,29
597,T,31,0,31
598,T,31,0,31
599,T,30,0,30
600,A,30,0,30
601,C,30,0,30
602,T,30,0,30
603,T,29,0,29
604,T,29,0,29
605,C,29,0,29
606,A,29,0,29
607,C,29,0,29
608,G,29,0,29
609,C,29,0,29
610,C,29,0,29
611,T,28,0,28
612,T,28,0,28
613,T,28,0,28
614,A,28,0,28
615,T,28,0,28
616,G,28,0,28
617,A,28,0,28
618,C,29,0,29
619,T,29,0,29
620,G,29,0,29
621,T,29,0,29
622,G,29,0,29
623,G,30,0,30
624,T,30,0,30
625,C,29,0,29
626,T,29,0,29
627,T,29,0,29
628,A,31,0,31
629,T,31,0,31
630,T,31,0,31
631,G,32,0,32
632,T,32,0,32
633,C,32,0,32
634,A,33,0,33
635,T,34,0,34
636,G,34,0,34
637,C,34,0,34
638,G,34,0,34
639,C,33,0,33
640,G,32,0,32
641,A,31,0,31
642,C,31,0,31
643,T,31,0,31
644,C,31,0,31
645,T,32,0,32
646,G,33,0,33
647,G,34,0,34
648,T,34,0,34
649,A,34,0,34
650,A,34,0,34
651,C,35,0,35
652,T,35,0,35
653,T,35,0,35
654,T,35,0,35
655,A,35,0,35
656,A,35,0,35
657,A,34,0,34
658,C,34,0,34
659,G,31,0,31
660,C,30,0,30
661,T,30,0,30
662,A,30,0,30
663,T,30,0,30
664,C,30,0,30
665,C,32,0,32
666,T,31,0,31
667,A,31,0,31
668,T,31,0,31
669,A,31,0,31
670,C,32,0,32
671,G,33,0,33
672,T,33,0,33
673,A,33,0,33
674,A,33,0,33
675,C,33,0,33
676,C,34,0,34
677,A,35,0,35
678,T,35,0,35
679,A,35,0,35
680,G,35,0,35
681,C,35,0,35
682,G,35,0,35
683,A,35,0,35
684,T,35,0,35
685,G,35,0,35
686,A,34,0,34
687,T,34,0,34
688,A,34,0,34
689,T,34,0,34
690,T,35,0,35
691,G,35,0,35
692,T,36,0,36
693,A,36,0,36
694,A,35,0,35
695,C,35,0,35
696,A,35,0,35
697,G,35,0,35
698,C,35,0,35
699,T,35,0,35
700,T,35,0,35
701,G,35,0,35
702,C,35,0,35
703,G,35,0,35
704,G,36,0,36
705,T,36,0,36
706,A,36,0,36
707,T,36,0,36
708,T,37,0,37
709,G,36,0,36
710,A,36,0,36
711,T,37,0,37
712,T,37,0,37
713,T,37,0,37
714,A,37,0,37
715,C,37,0,37
716,G,37,0,37
717,T,37,0,37
718,A,37,0,37
719,T,36,0,36
720,T,35,0,35
721,C,35,0,35
722,T,35,0,35
723,T,33,0,33
724,G,34,0,34
725,T,34,0,34
726,T,34,0,34
727,G,34,0,34
728,C,34,0,34
729,T,33,0,33
730,C,34,0,34
731,G,33,0,33
732,A,33,0,33
733,T,32,0,32
734,A,32,0,32
735,C,33,0,33
736,C,33,0,33
737,A,33,0,33
738,T,32,0,32
739,G,33,0,33
740,A,33,0,33
741,A,33,0,33
742,C,33,0,33
743,T,32,0,32
744,T,32,0,32
745,A,32,0,32
746,A,32,0,32
747,G,32,0,32
748,C,31,0,31
749,A,31,0,31
750,T,31,0,31
751,A,31,0,31
752,A,31,0,31
753,A,31,0,31
754,G,31,0,31
755,C,31,0,31
756,A,31,0,31
757,G,31,0,31
758,A,31,0,31
759,C,33,0,33
760,G,33,0,33
761,A,33,0,33
762,A,33,0,33
763,G,33,0,33
764,C,33,0,33
765,T,33,0,33
766,C,34,0,34
767,T,34,0,34
768,G,34,0,34
769,G,33,0,33
770,A,33,0,33
771,A,33,0,33
772,G,32,0,32
773,T,33,0,33
774,T,32,0,32
775,T,33,0,33
776,A,34,0,34
777,T,34,0,34
778,G,33,0,33
779,A,31,0,31
780,T,31,0,31
781,A,32,0,32
782,A,30,0,30
783,A,30,0,30
784,A,30,0,30
785,A,30,0,30
786,G,30,0,30
787,A,30,0,30
788,A,30,0,30
789,T,29,0,29
790,G,28,0,28
791,A,29,0,29
792,A,29,0,29
793,G,29,0,29
794,C,29,0,29
795,T,29,0,29
796,T,28,0,28
797,T,27,0,27
798,G,27,0,27
799,C,27,0,27
800,A,27,0,27
801,T,27,0,27
802,T,27,0,27
803,A,27,0,27
804,T,28,0,28
805,T,28,0,28
806,T,29,0,29
807,T,29,0,29
808,A,29,0,29
809,G,29,0,29
810,A,29,0,29
811,G,29,0,29
812,G,29,0,29
813,A,30,0,30
814,T,30,0,30
815,T,30,0,30
816,G,28,0,28
817,G,28,0,28
818,T,28,0,28
819,G,28,0,28
820,C,28,0,28
821,G,27,0,27
822,T,26,0,26
823,C,27,0,27
824,A,27,0,27
825,A,28,0,28
826,A,28,0,28
827,T,25,0,25
828,T,24,0,24
829,A,25,0,25
830,A,25,0,25
831,A,25,0,25
832,A,25,0,25
833,C,26,0,26
834,C,26,0,26
835,T,26,0,26
836,G,26,0,26
837,T,26,0,26
838,T,26,0,26
839,A,26,0,26
840,T,26,0,26
841,A,26,0,26
842,C,26,0,26
843,A,25,0,25
844,G,25,0,25
845,A,25,0,25
846,A,28,0,28
847,A,28,0,28
848,T,28,0,28
849,G,28,0,28
850,G,28,0,28
851,A,29,0,29
852,A,30,0,30
853,G,31,0,31
854,C,31,0,31
855,A,30,0,30
856,A,30,0,30
857,C,30,0,30
858,T,29,0,29
859,C,30,0,30
860,C,30,0,30
861,G,30,0,30
862,T,29,0,29
863,T,29,0,29
864,C,30,0,30
865,A,30,0,30
866,T,30,0,30
867,A,30,0,30
868,T,30,0,30
869,C,30,0,30
870,A,30,0,30
871,C,31,0,31
872,T,31,0,31
873,G,32,0,32
874,C,32,0,32
875,T,31,0,31
876,T,31,0,31
877,T,31,0,31
878,T,31,0,31
879,T,31,0,31
880,T,31,0,31
881,C,31,0,31
882,T,32,0,32
883,A,32,0,32
884,G,32,0,32
885,A,31,0,31
886,A,30,0,30
887,T,30,0,30
888,G,30,0,30
889,C,30,0,30
890,A,30,0,30
891,A,30,0,30
892,A,30,0,30
893,A,30,0,30
894,A,31,0,31
895,A,31,0,31
896,T,31,0,31
897,C,32,0,32
898,A,33,0,33
899,T,33,0,33
900,T,33,0,33
901,T,33,0,33
902,A,33,0,33
903,T,33,0,33
904,A,33,0,33
905,T,33,0,33
906,T,33,0,33
907,A,34,0,34
908,T,34,0,34
909,T,34,0,34
910,G,32,0,32
911,G,32,0,32
912,T,32,0,32
913,C,31,0,31
914,G,30,0,30
915,G,30,0,30
916,C,30,0,30
917,C,29,0,29
918,G,29,0,29
919,G,29,0,29
920,C,29,0,29
921,T,29,0,29
922,A,29,0,29
923,A,29,0,29
924,A,29,0,29
925,G,30,0,30
926,T,30,0,30
927,T,29,0,29
928,T,29,0,29
929,C,30,0,30
930,T,30,0,30
931,C,30,0,30
932,T,29,0,29
933,T,30,0,30
934,G,30,0,30
935,A,30,0,30
936,A,30,0,30
937,A,29,0,29
938,A,29,0,29
939,A,29,0,29
940,T,29,0,29
941,T,29,0,29
942,A,30,0,30
943,T,30,0,30
944,A,30,0,30
945,C,30,0,30
946,A,30,0,30
947,A,31,0,31
948,A,31,0,31
949,G,31,0,31
950,C,31,0,31
951,A,31,0,31
952,A,31,0,31
953,T,31,0,31
954,T,31,0,31
955,C,31,0,31
956,G,32,0,32
957,T,32,0,32
958,C,33,0,33
959,T,33,0,33
960,T,33,0,33
961,T,33,0,33
962,T,33,0,33
963,T,33,0,33
964,G,32,0,32
965,A,32,0,32
966,G,32,0,32
967,T,32,0,32
968,G,32,0,32
969,G,32,0,32
970,A,32,0,32
971,T,32,0,32
972,T,33,0,33
973,T,32,0,32
974,T,33,0,33
975,A,33,0,33
976,C,32,0,32
977,G,32,0,32
978,A,33,0,33
979,C,33,0,33
980,G,32,0,32
981,T,32,0,32
982,T,32,0,32
983,T,32,0,32
984,T,31,0,31
985,T,30,0,30
986,T,30,0,30
987,C,30,0,30
988,G,30,0,30
989,A,31,0,31
990,A,31,0,31
991,C,31,0,31
992,A,30,0,30
993,A,30,0,30
994,A,30,0,30
995,A,30,0,30
996,A,30,0,30
997,A,28,0,28
998,C,29,0,29
999,A,31,0,31
1000,T,32,0,32
1001,C,32,0,32
1002,A,31,0,31
1003,A,29,0,29
1004,A,29,0,29
1005,A,29,0,29
1006,A,29,0,29
1007,C,29,0,29
1008,A,28,0,28
1009,A,27,0,27
1010,G,27,0,27
1011,A,28,0,28
1012,T,27,0,27
1013,A,27,0,27
1014,C,28,0,28
1015,A,28,0,28
1016,C,28,0,28
1017,A,28,0,28
1018,G,29,0,29
1019,A,30,0,30
1020,T,30,0,30
1021,C,30,0,30
1022,T,30,0,30
1023,T,31,0,31
1024,G,31,0,31
1025,T,32,0,32
1026,T,32,0,32
1027,G,32,0,32
1028,A,32,0,32
1029,C,32,0,32
1030,A,32,0,32
1031,A,32,0,32
1032,G,31,0,31
1033,A,30,0,30
1034,T,30,0,30
1035,A,30,0,30
1036,C,29,0,29
1037,A,29,0,29
1038,C,30,0,30
1039,A,30,0,30
1040,T,30,0,30
1041,A,29,0,29
1042,G,29,0,29
1043,A,29,0,29
1044,A,29,0,29
1045,T,29,0,29
1046,A,30,0,30
1047,T,30,0,30
1048,A,29,0,29
1049,C,28,0,28
1050,A,28,0,28
1051,A,28,0,28
1052,C,28,0,28
1053,C,28,0,28
1054,C,30,0,30
1055,C,30,0,30
1056,T,30,0,30
1057,A,30,0,30
1058,A,30,0,30
1059,A,30,0,30
1060,T,32,0,32
1061,A,32,0,32
1062,T,32,0,32
1063,A,32,0,32
1064,T,32,0,32
1065,T,32,0,32
1066,T,32,0,32
1067,G,32,0,32
1068,T,32,0,32
1069,A,32,0,32
1070,A,32,0,32
1071,T,32,0,32
1072,T,33,0,33
1073,G,33,0,33
1074,T,34,0,34
1075,A,34,0,34
1076,A,33,0,33
1077,C,34,0,34
1078,A,35,0,35
1079,A,36,0,36
1080,A,35,0,35
1081,A,35,0,35
1082,A,36,0,36
1083,T,37,0,37
1084,G,36,0,36
1085,A,37,0,37
1086,G,37,0,37
1087,T,38,0,38
1088,G,38,0,38
1089,T,38,0,38
1090,T,40,0,40
1091,C,40,0,40
1092,A,41,0,41
1093,G,39,0,39
1094,A,39,0,39
1095,T,39,0,39
1096,C,39,0,39
1097,A,41,0,41
1098,C,40,0,40
1099,T,40,0,40
1100,C,41,0,41
1101,T,42,0,42
1102,G,42,0,42
1103,A,42,0,42
1104,A,42,0,42
1105,C,42,0,42
1106,A,41,0,41
1107,C,41,0,41
1108,A,41,0,41
1109,C,40,0,40
1110,T,40,0,40
1111,C,41,0,41
1112,A,42,0,42
1113,A,42,0,42
1114,A,43,0,43
1115,T,43,0,43
1116,T,43,0,43
1117,A,46,0,46
1118,A,46,0,46
1119,T,46,0,46
1120,A,46,0,46
1121,A,46,0,46
1122,T,46,0,46
1123,A,45,0,45
1124,T,45,0,45
1125,G,45,0,45
1126,A,45,0,45
1127,C,46,0,46
1128,C,47,0,47
1129,T,46,0,46
1130,C,46,0,46
1131,C,46,0,46
1132,G,46,0,46
1133,G,48,0,48
1134,T,48,0,48
1135,C,48,0,48
1136,A,49,0,49
1137,T,51,0,51
1138,A,52,0,52
1139,A,53,0,53
1140,A,52,0,52
1141,A,51,0,51
1142,A,51,0,51
1143,A,51,0,51
1144,A,51,0,51
1145,T,52,0,52
1146,G,52,0,52
1147,G,52,0,52
1148,C,52,0,52
1149,T,51,0,51
1150,T,50,0,50
1151,A,50,0,50
1152,T,50,0,50
1153,G,50,0,50
1154,A,50,0,50
1155,A,49,0,49
1156,A,48,0,48
1157,A,48,0,48
1158,A,48,0,48
1159,A,49,0,49
1160,T,50,0,50
1161,A,49,0,49
1162,A,48,0,48
1163,A,48,0,48
1164,G,49,0,49
1165,A,48,0,48
1166,A,50,0,50
1167,A,50,0,50
1168,A,50,0,50
1169,G,53,0,53
1170,C,52,0,52
1171,A,52,0,52
1172,A,52,0,52
1173,A,52,0,52
1174,A,53,0,53
1175,C,53,0,53
1176,T,54,0,54
1177,G,54,0,54
1178,A,54,0,54
1179,A,55,0,55
1180,T,58,0,58
1181,C,60,0,60
1182,C,60,0,60
1183,A,60,0,60
1184,C,60,0,60
1185,T,60,0,60
1186,T,60,0,60
1187,T,60,0,60
1188,A,61,0,61
1189,T,61,0,61
1190,C,62,0,62
1191,T,63,0,63
1192,T,65,0,65
1193,C,65,0,65
1194,A,66,0,66
1195,A,66,0,66
1196,A,66,0,66
1197,A,65,0,65
1198,A,65,0,65
1199,A,65,0,65
1200,C,66,0,66
1201,A,66,0,66
1202,A,66,0,66
1203,T,66,0,66
1204,A,67,0,67
1205,A,66,0,66
1206,A,66,0,66
1207,T,68,0,68
1208,C,67,0,67
1209,G,67,0,67
1210,C,67,0,67
1211,T,65,0,65
1212,T,65,0,65
1213,C,65,0,65
1214,A,66,0,66
1215,A,67,0,67
1216,A,68,0,68
1217,T,68,0,68
1218,C,69,0,69
1219,A,69,0,69
1220,A,69,0,69
1221,A,70,0,70
1222,T,70,0,70
1223,C,70,0,70
1224,A,70,0,70
1225,G,70,0,70
1226,A,70,0,70
1227,A,69,0,69
1228,C,68,0,68
1229,T,67,0,67
1230,T,67,0,67
1231,T,67,0,67
1232,T,67,0,67
1233,A,67,0,67
1234,A,66,0,66
1235,C,64,0,64
1236,T,63,0,63
1237,G,63,0,63
1238,A,63,0,63
1239,G,63,0,63
1240,G,63,0,63
1241,C,61,0,61
1242,A,61,0,61
1243,T,60,0,60
1244,T,60,0,60
1245,G,60,0,60
1246,C,59,0,59
1247,C,59,0,59
1248,T,59,0,59
1249,A,59,0,59
1250,A,59,0,59
1251,T,58,0,58
1252,G,58,0,58
1253,T,58,0,58
1254,T,58,0,58
1255,G,58,0,58
1256,C,58,0,58
1257,T,58,0,58
1258,A,57,0,57
1259,T,55,0,55
1260,G,54,0,54
1261,T,54,0,54
1262,T,54,0,54
1263,T,53,0,53
1264,T,53,0,53
1265,T,53,0,53
1266,G,53,0,53
1267,A,53,0,53
1268,A,52,0,52
1269,A,53,0,53
1270,C,53,0,53
1271,A,53,0,53
1272,T,54,0,54
1273,G,54,0,54
1274,G,55,0,55
1275,G,55,0,55
1276,T,54,0,54
1277,T,52,0,52
1278,G,51,0,51
1279,C,50,0,50
1280,A,51,0,51
1281,A,52,0,52
1282,T,52,0,52
1283,C,51,0,51
1284,G,52,0,52
1285,G,52,0,52
1286,A,52,0,52
1287,A,52,0,52
1288,A,51,0,51
1289,G,50,0,50
1290,G,49,0,49
1291,G,49,0,49
1292,A,49,0,49
1293,T,49,0,49
1294,T,49,0,49
1295,T,49,0,49
1296,G,48,0,48
1297,A,48,0,48
1298,T,48,0,48
1299,T,48,0,48
1300,G,48,0,48
1301,G,47,0,47
1302,A,48,0,48
1303,T,48,0,48
1304,C,48,0,48
1305,T,49,0,49
1306,A,49,0,49
1307,T,49,0,49
1308,G,49,0,49
1309,G,49,0,49
1310,A,49,0,49
1311,A,48,0,48
1312,T,48,0,48
1313,T,48,0,48
1314,T,48,0,48
1315,T,47,0,47
1316,T,47,0,47
1317,A,45,0,45
1318,G,45,0,45
1319,C,45,0,45
1320,T,42,0,42
1321,A,42,0,42
1322,A,43,0,43
1323,A,43,0,43
1324,A,43,0,43
1325,T,41,0,41
1326,G,41,0,41
1327,A,40,0,40
1328,A,42,0,42
1329,T,42,0,42
1330,A,40,0,40
1331,G,41,0,41
1332,G,39,0,39
1333,A,39,0,39
1334,T,39,0,39
1335,T,39,0,39
1336,T,39,0,39
1337,C,40,0,40
1338,T,40,0,40
1339,C,40,0,40
1340,C,39,0,39
1341,C,38,0,38
1342,C,37,0,37
1343,A,37,0,37
1344,C,38,0,38
1345,G,37,0,37
1346,C,38,0,38
1347,T,38,0,38
1348,G,38,0,38
1349,T,39,0,39
1350,G,39,0,39
1351,G,37,0,37
1352,A,36,0,36
1353,A,35,0,35
1354,G,35,0,35
1355,A,34,0,34
1356,A,35,0,35
1357,G,37,0,37
1358,C,35,0,35
1359,T,34,0,34
1360,A,35,0,35
1361,A,35,0,35
1362,A,35,0,35
1363,A,35,0,35
1364,G,35,0,35
1365,A,35,0,35
1366,A,33,0,33
1367,A,34,0,34
1368,C,34,0,34
1369,A,34,0,34
1370,T,34,0,34
1371,G,34,0,34
1372,G,33,0,33
1373,G,33,0,33
1374,A,32,0,32
1375,A,32,0,32
1376,T,32,0,32
1377,T,32,0,32
1378,A,32,0,32
1379,A,33,0,33
1380,A,33,0,33
1381,A,33,0,33
1382,G,33,0,33
1383,A,32,0,32
1384,G,32,0,32
1385,C,32,0,32
1386,T,32,0,32
1387,G,32,0,32
1388,C,32,0,32
1389,T,32,0,32
1390,C,32,0,32
1391,T,32,0,32
1392,G,31,0,31
1393,G,31,0,31
1394,C,31,0,31
1395,T,30,0,30
1396,A,30,0,30
1397,T,30,0,30
1398,C,31,0,31
1399,G,32,0,32
1400,C,32,0,32
1401,T,32,0,32
1402,A,32,0,32
1403,T,33,0,33
1404,C,35,0,35
1405,A,35,0,35
1406,T,36,0,36
1407,C,36,0,36
1408,T,36,0,36
1409,T,36,0,36
1410,C,35,0,35
1411,G,35,0,35
1412,A,35,0,35
1413,A,35,0,35
1414,A,35,0,35
1415,A,35,0,35
1416,A,35,0,35
1417,T,35,0,35
1418,A,35,0,35
1419,T,35,0,35
1420,T,34,0,34
1421,G,34,0,34
1422,C,34,0,34
1423,A,33,0,33
1424,G,33,0,33
1425,G,31,0,31
1426,G,31,0,31
1427,A,31,0,31
1428,A,31,0,31
1429,T,32,0,32
1430,T,32,0,32
1431,G,32,0,32
1432,G,31,0,31
1433,T,32,0,32
1434,G,33,0,33
1435,A,32,0,32
1436,A,32,0,32
1437,A,32,0,32
1438,T,32,0,32
1439,C,33,0,33
1440,T,34,0,34
1441,C,35,0,35
1442,C,35,0,35
1443,A,36,0,36
1444,G,37,0,37
1445,G,37,0,37
1446,T,39,0,39
1447,G,39,0,39
1448,G,39,0,39
1449,A,40,0,40
1450,T,40,0,40
1451,A,40,0,40
1452,T,40,0,40
1453,T,39,0,39
1454,T,39,0,39
1455,A,39,0,39
1456,C,39,0,39
1457,G,39,0,39
1458,A,39,0,39
1459,G,39,0,39
1460,G,39,0,39
1461,C,38,0,38
1462,A,38,0,38
1463,T,38,0,38
1464,G,38,0,38
1465,A,38,0,38
1466,T,39,0,39
1467,T,37,0,37
1468,G,37,0,37
1469,C,37,0,37
1470,C,37,0,37
1471,A,38,0,38
1472,A,38,0,38
1473,A,37,0,37
1474,G,37,0,37
1475,A,37,0,37
1476,A,35,0,35
1477,A,35,0,35
1478,A,35,0,35
1479,T,35,0,35
1480,C,35,0,35
1481,G,35,0,35
1482,A,33,0,33
1483,G,33,0,33
1484,G,32,0,32
1485,A,31,0,31
1486,G,32,0,32
1487,A,32,0,32
1488,A,31,0,31
1489,C,31,0,31
1490,T,30,0,30
1491,C,30,0,30
1492,T,30,0,30
1493,A,30,0,30
1494,T,29,0,29
1495,C,29,0,29
1496,T,30,0,30
1497,A,30,0,30
1498,G,29,0,29
1499,A,29,0,29
1500,A,29,0,29
1501,C,29,0,29
1502,G,30,0,30
1503,T,30,0,30
1504,T,30,0,30
1505,C,29,0,29
1506,T,29,0,29
1507,T,28,0,28
1508,T,27,0,27
1509,C,27,0,27
1510,T,27,0,27
1511,A,27,0,27
1512,T,27,0,27
1513,G,27,0,27
1514,T,27,0,27
1515,C,28,0,28
1516,C,28,0,28
1517,T,28,0,28
1518,A,27,0,27
1519,C,27,0,27
1520,T,27,0,27
1521,G,30,0,30
1522,A,30,0,30
1523,A,30,0,30
1524,T,30,0,30
1525,G,31,0,31
1526,A,32,0,32
1527,A,32,0,32
1528,G,32,0,32
1529,A,32,0,32
1530,T,31,0,31
1531,T,33,0,33
1532,C,34,0,34
1533,T,34,0,34
1534,G,35,0,35
1535,A,35,0,35
1536,G,35,0,35
1537,G,35,0,35
1538,A,35,0,35
1539,A,37,0,37
1540,A,37,0,37
1541,A,39,0,39
1542,A,41,0,41
1543,T,41,0,41
1544,T,42,0,42
1545,G,42,0,42
1546,A,42,0,42
1547,A,42,0,42
1548,A,41,0,41
1549,G,42,0,42
1550,T,40,0,40
1551,T,41,0,41
1552,T,41,0,41
1553,T,41,0,41
1554,T,40,0,40
1555,T,38,0,38
1556,G,38,0,38
1557,C,41,0,41
1558,A,42,0,42
1559,C,43,0,43
1560,G,43,0,43
1561,A,43,0,43
1562,A,43,0,43
1563,A,44,0,44
1564,A,44,0,44
1565,A,45,0,45
1566,A,44,0,44
1567,G,48,0,48
1568,C,48,0,48
1569,A,48,0,48
1570,G,48,0,48
1571,A,48,0,48
1572,A,49,0,49
1573,A,49,0,49
1574,A,50,0,50
1575,A,50,0,50
1576,A,50,0,50
1577,A,51,0,51
1578,C,52,0,52
1579,G,52,0,52
1580,A,52,0,52
1581,G,52,0,52
1582,C,51,0,51
1583,A,53,0,53
1584,G,54,0,54
1585,A,53,0,53
1586,T,53,0,53
1587,A,53,0,53
1588,A,52,0,52
1589,A,52,0,52
1590,A,52,0,52
1591,C,51,0,51
1592,C,50,0,50
1593,A,50,0,50
1594,A,49,0,49
1595,A,48,0,48
1596,T,48,0,48
1597,G,47,0,47
1598,A,47,0,47
1599,T,48,0,48
1600,C,47,0,47
1601,A,48,0,48
1602,A,48,0,48
1603,A,49,0,49
1604,A,49,0,49
1605,A,49,0,49
1606,A,50,0,50
1607,A,49,0,49
1608,T,49,0,49
1609,T,49,0,49
1610,C,49,0,49
1611,T,50,0,50
1612,T,51,0,51
1613,T,51,0,51
1614,G,53,0,53
1615,T,53,0,53
1616,T,53,0,53
1617,A,53,0,53
1618,A,52,0,52
1619,A,52,0,52
1620,A,52,0,52
1621,T,52,0,52
1622,C,51,0,51
1623,A,51,0,51
1624,G,51,0,51
1625,A,52,0,52
1626,A,52,0,52
1627,T,53,0,53
1628,T,53,0,53
1629,G,53,0,53
1630,A,53,0,53
1631,A,54,0,54
1632,A,54,0,54
1633,A,54,0,54
1634,A,53,0,53
1635,A,53,0,53
1636,G,53,0,53
1637,T,52,0,52
1638,T,53,0,53
1639,A,53,0,53
1640,T,53,0,53
1641,T,53,0,53
1642,A,53,0,53
1643,A,53,0,53
1644,A,53,0,53
1645,A,53,0,53
1646,C,53,0,53
1647,T,54,0,54
1648,T,54,0,54
1649,T,54,0,54
1650,A,55,0,55
1651,A,55,0,55
1652,A,55,0,55
1653,C,54,0,54
1654,A,54,0,54
1655,T,54,0,54
1656,G,55,0,55
1657,C,57,0,57
1658,A,57,0,57
1659,A,57,0,57
1660,A,58,0,58
1661,C,58,0,58
1662,A,58,0,58
1663,G,58,0,58
1664,T,58,0,58
1665,T,58,0,58
1666,T,57,0,57
1667,C,58,0,58
1668,A,58,0,58
1669,A,58,0,58
1670,A,58,0,58
1671,G,58,0,58
1672,A,55,0,55
1673,A,55,0,55
1674,G,54,0,54
1675,A,55,0,55
1676,T,54,0,54
1677,T,53,0,53
1678,G,53,0,53
1679,T,53,0,53
1680,A,53,0,53
1681,C,53,0,53
1682,T,52,0,52
1683,A,52,0,52
1684,T,52,0,52
1685,A,51,0,51
1686,A,52,0,52
1687,G,53,0,53
1688,A,53,0,53
1689,A,51,0,51
1690,A,49,0,49
1691,G,49,0,49
1692,G,46,0,46
1693,G,46,0,46
1694,G,46,0,46
1695,A,46,0,46
1696,A,46,0,46
1697,A,46,0,46
1698,A,46,0,46
1699,A,46,0,46
1700,A,46,0,46
1701,T,45,0,45
1702,G,44,0,44
1703,T,44,0,44
1704,C,44,0,44
1705,G,45,0,45
1706,G,45,0,45
1707,A,45,0,45
1708,T,43,0,43
1709,G,42,0,42
1710,A,41,0,41
1711,A,41,0,41
1712,A,42,0,42
1713,C,42,0,42
1714,A,41,0,41
1715,G,41,0,41
1716,A,40,0,40
1717,A,40,0,40
1718,G,38,0,38
1719,A,38,0,38
1720,A,39,0,39
1721,A,39,0,39
1722,T,40,0,40
1723,G,42,0,42
1724,A,41,0,41
1725,A,40,0,40
1726,A,40,0,40
1727,G,39,0,39
1728,A,38,0,38
1729,A,38,0,38
1730,A,38,0,38
1731,T,40,0,40
1732,C,40,0,40
1733,A,40,0,40
1734,A,38,0,38
1735,A,36,0,36
1736,T,37,0,37
1737,G,36,0,36
1738,G,36,0,36
1739,A,36,0,36
1740,G,36,0,36
1741,A,35,0,35
1742,A,35,0,35
1743,A,35,0,35
1744,G,35,0,35
1745,A,35,0,35
1746,G,35,0,35
1747,A,35,0,35
1748,T,35,0,35
1749,T,35,0,35
1750,A,34,0,34
1751,G,34,0,34
1752,T,34,0,34
1753,T,35,0,35
1754,A,34,0,34
1755,A,36,0,36
1756,T,36,0,36
1757,A,35,0,35
1758,G,35,0,35
1759,A,35,0,35
1760,A,35,0,35
1761,C,35,0,35
1762,C,34,0,34
1763,C,33,0,33
1764,T,33,0,33
1765,G,32,0,32
1766,C,32,0,32
1767,G,32,0,32
1768,G,32,0,32
1769,G,32,0,32
1770,G,32,0,32
1771,G,33,0,33
1772,G,33,0,33
1773,T,33,0,33
1774,A,33,0,33
1775,T,33,0,33
1776,T,32,0,32
1777,C,32,0,32
1778,C,31,0,31
1779,A,31,0,31
1780,T,30,0,30
1781,G,30,0,30
1782,A,29,0,29
1783,G,29,0,29
1784,A,29,0,29
1785,C,30,0,30
1786,C,30,0,30
1787,T,30,0,30
1788,C,31,0,31
1789,T,31,0,31
1790,C,31,0,31
1791,T,32,0,32
1792,C,32,0,32
1793,C,34,0,34
1794,C,34,0,34
1795,C,34,0,34
1796,G,34,0,34
1797,A,35,0,35
1798,A,34,0,34
1799,A,34,0,34
1800,G,34,0,34
1801,A,34,0,34
1802,A,34,0,34
1803,G,35,0,35
1804,G,35,0,35
1805,A,35,0,35
1806,T,35,0,35
1807,A,34,0,34
1808,T,33,0,33
1809,A,33,0,33
1810,T,33,0,33
1811,A,32,0,32
1812,T,33,0,33
1813,G,33,0,33
1814,A,35,0,35
1815,G,35,0,35
1816,A,35,0,35
1817,T,36,0,36
1818,G,35,0,35
1819,T,35,0,35
1820,T,35,0,35
1821,T,35,0,35
1822,T,35,0,35
1823,T,35,0,35
1824,A,35,0,35
1825,T,35,0,35
1826,T,34,0,34
1827,T,34,0,34
1828,A,33,0,33
1829,G,33,0,33
1830,C,33,0,33
1831,A,33,0,33
1832,A,33,0,33
1833,A,33,0,33
1834,T,32,0,32
1835,A,32,0,32
1836,C,32,0,32
1837,T,32,0,32
1838,T,31,0,31
1839,T,32,0,32
1840,T,32,0,32
1841,T,31,0,31
1842,A,31,0,31
1843,A,31,0,31
1844,A,31,0,31
1845,A,31,0,31
1846,C,31,0,31
1847,T,31,0,31
1848,T,31,0,31
1849,A,33,0,33
1850,T,33,0,33
1851,A,33,0,33
1852,A,33,0,33
1853,T,33,0,33
1854,C,33,0,33
1855,A,33,0,33
1856,A,32,0,32
1857,A,32,0,32
1858,T,32,0,32
1859,T,31,0,31
1860,A,31,0,31
1861,A,30,0,30
1862,T,30,0,30
1863,T,29,0,29
1864,T,30,0,30
1865,A,30,0,30
1866,A,30,0,30
1867,A,30,0,30
1868,G,30,0,30
1869,G,31,0,31
1870,A,31,0,31
1871,C,31,0,31
1872,C,31,0,31
1873,T,29,0,29
1874,C,28,0,28
1875,T,28,0,28
1876,T,28,0,28
1877,T,30,0,30
1878,A,30,0,30
1879,T,30,0,30
1880,C,30,0,30
1881,A,31,0,31
1882,G,31,0,31
1883,T,31,0,31
1884,T,32,0,32
1885,A,32,0,32
1886,A,34,0,34
1887,A,34,0,34
1888,A,34,0,34
1889,C,34,0,34
1890,G,34,0,34
1891,A,35,0,35
1892,T,35,0,35
1893,C,35,0,35
1894,A,35,0,35
1895,T,35,0,35
1896,T,35,0,35
1897,T,35,0,35
1898,T,35,0,35
1899,T,35,0,35
1900,T,35,0,35
1901,C,36,0,36
1902,T,36,0,36
1903,G,35,0,35
1904,A,34,0,34
1905,T,35,0,35
1906,A,35,0,35
1907,C,35,0,35
1908,A,37,0,37
1909,A,37,0,37
1910,A,38,0,38
1911,A,38,0,38
1912,T,38,0,38
1913,T,38,0,38
1914,A,38,0,38
1915,T,38,0,38
1916,G,38,0,38
1917,T,38,0,38
1918,A,38,0,38
1919,T,39,0,39
1920,T,39,0,39
1921,T,41,0,41
1922,C,40,0,40
1923,T,40,0,40
1924,T,40,0,40
1925,T,40,0,40
1926,G,40,0,40
1927,A,41,0,41
1928,C,41,0,41
1929,A,41,0,41
1930,T,41,0,41
1931,T,41,0,41
1932,T,41,0,41
1933,T,41,0,41
1934,T,42,0,42
1935,T,42,0,42
1936,T,41,0,41
1937,T,40,0,40
1938,A,43,0,43
1939,A,42,0,42
1940,A,42,0,42
1941,G,42,0,42
1942,A,41,0,41
1943,A,41,0,41
1944,A,38,0,38
1945,A,38,0,38
1946,A,37,0,37
1947,T,37,0,37
1948,A,36,0,36
1949,T,36,0,36
1950,A,36,0,36
1951,T,36,0,36
1952,C,35,0,35
1953,A,35,0,35
1954,G,35,0,35
1955,T,35,0,35
1956,T,35,0,35
1957,T,35,0,35
1958,T,35,0,35
1959,A,35,0,35
1960,A,35,0,35
1961,T,35,0,35
1962,C,36,0,36
1963,T,35,0,35
1964,A,35,0,35
1965,A,33,0,33
1966,A,33,0,33
1967,T,33,0,33
1968,T,32,0,32
1969,G,32,0,32
1970,A,32,0,32
1971,C,32,0,32
1972,G,32,0,32
1973,T,32,0,32
1974,T,32,0,32
1975,T,32,0,32
1976,T,32,0,32
1977,T,33,0,33
1978,A,33,0,33
1979,T,33,0,33
1980,T,33,0,33
1981,G,33,0,33
1982,A,33,0,33
1983,A,33,0,33
1984,T,34,0,34
1985,A,34,0,34
1986,T,34,0,34
1987,G,34,0,34
1988,G,34,0,34
1989,C,34,0,34
1990,A,33,0,33
1991,A,33,0,33
1992,A,33,0,33
1993,A,33,0,33
1994,T,33,0,33
1995,T,33,0,33
1996,T,33,0,33
1997,T,33,0,33
1998,A,33,0,33
1999,C,33,0,33
2000,G,31,0,31
2001,C,30,0,30
2002,T,30,0,30
2003,T,30,0,30
2004,A,30,0,30
2005,T,30,0,30
2006,T,30,0,30
2007,T,30,0,30
2008,G,30,0,30
2009,C,30,0,30
2010,G,30,0,30
2011,G,30,0,30
2012,G,30,0,30
2013,T,30,0,30
2014,G,30,0,30
2015,T,29,0,29
2016,C,29,0,29
2017,T,29,0,29
2018,C,26,0,26
2019,G,26,0,26
2020,T,24,0,24
2021,G,24,0,24
2022,A,23,0,23
2023,T,23,0,23
2024,A,23,0,23
2025,A,23,0,23
2026,A,22,0,22
2027,C,22,0,22
2028,A,21,0,21
2029,A,21,0,21
2030,G,21,0,21
2031,A,21,0,21
2032,T,22,0,22
2033,A,22,0,22
2034,T,22,0,22
2035,A,22,0,22
2036,A,22,0,22
2037,A,20,0,20
2038,A,20,0,20
2039,A,20,0,20
2040,A,21,0,21
2041,T,21,0,21
2042,C,19,0,19
2043,A,20,0,20
2044,A,21,0,21
2045,A,21,0,21
2046,A,19,0,19
2047,A,19,0,19
2048,T,19,0,19
2049,T,20,0,20
2050,T,20,0,20
2051,G,20,0,20
2052,G,19,0,19
2053,C,19,0,19
2054,T,17,0,17
2055,T,17,0,17
2056,A,17,0,17
2057,T,17,0,17
2058,T,17,0,17
2059,A,17,0,17
2060,G,17,0,17
2061,A,16,0,16
2062,A,16,0,16
2063,T,16,0,16
2064,A,15,0,15
2065,T,15,0,15
2066,G,15,0,15
2067,C,15,0,15
2068,T,16,0,16
2069,A,17,0,17
2070,A,16,0,16
2071,C,16,0,16
2072,A,14,0,14
2073,A,14,0,14
2074,A,14,0,14
2075,C,14,0,14
2076,A,14,0,14
2077,T,14,0,14
2078,G,14,0,14
2079,G,14,0,14
2080,C,14,0,14
2081,T,14,0,14
2082,T,15,0,15
2083,T,14,0,14
2084,G,14,0,14
2085,C,16,0,16
2086,T,16,0,16
2087,C,17,0,17
2088,C,16,0,16
2089,C,15,0,15
2090,C,15,0,15
2091,T,15,0,15
2092,C,15,0,15
2093,C,16,0,16
2094,A,16,0,16
2095,T,17,0,17
2096,A,17,0,17
2097,T,17,0,17
2098,T,17,0,17
2099,G,17,0,17
2100,A,18,0,18
2101,A,18,0,18
2102,G,18,0,18
2103,A,18,0,18
2104,G,19,0,19
2105,G,18,0,18
2106,A,18,0,18
2107,A,18,0,18
2108,G,18,0,18
2109,T,18,0,18
2110,T,18,0,18
2111,G,18,0,18
2112,C,18,0,18
2113,A,18,0,18
2114,G,17,0,17
2115,G,18,0,18
2116,C,18,0,18
2117,A,18,0,18
2118,G,19,0,19
2119,A,19,0,19
2120,G,18,0,18
2121,G,19,0,19
2122,A,19,0,19
2123,C,19,0,19
2124,A,19,0,19
2125,A,21,0,21
2126,G,21,0,21
2127,A,21,0,21
2128,C,23,0,23
2129,T,23,0,23
2130,G,23,0,23
2131,G,23,0,23
2132,C,23,0,23
2133,A,24,0,24
2134,A,24,0,24
2135,A,24,0,24
2136,A,24,0,24
2137,A,24,0,24
2138,C,24,0,24
2139,G,24,0,24
2140,T,24,0,24
2141,A,24,0,24
2142,A,24,0,24
2143,G,24,0,24
2144,C,24,0,24
2145,T,24,0,24
2146,T,24,0,24
2147,G,24,0,24
2148,G,24,0,24
2149,T,24,0,24
2150,G,26,0,26
2151,C,26,0,26
2152,T,26,0,26
2153,T,27,0,27
2154,T,28,0,28
2155,A,29,0,29
2156,A,29,0,29
2157,T,29,0,29
2158,T,29,0,29
2159,G,31,0,31
2160,A,31,0,31
2161,A,31,0,31
2162,A,32,0,32
2163,A,32,0,32
2164,A,33,0,33
2165,A,33,0,33
2166,C,33,0,33
2167,A,33,0,33
2168,G,33,0,33
2169,A,33,0,33
2170,A,33,0,33
2171,C,33,0,33
2172,G,33,0,33
2173,A,33,0,33
2174,G,33,0,33
2175,G,33,0,33
2176,A,33,0,33
2177,G,33,0,33
2178,A,33,0,33
2179,T,33,0,33
2180,G,34,0,34
2181,T,34,0,34
2182,G,34,0,34
2183,T,33,0,33
2184,T,33,0,33
2185,A,34,0,34
2186,T,33,0,33
2187,T,34,0,34
2188,A,34,0,34
2189,A,34,0,34
2190,C,34,0,34
2191,A,33,0,33
2192,C,34,0,34
2193,C,34,0,34
2194,C,34,0,34
2195,G,33,0,33
2196,A,33,0,33
2197,A,33,0,33
2198,T,33,0,33
2199,T,35,0,35
2200,T,34,0,34
2201,T,34,0,34
2202,C,34,0,34
2203,T,34,0,34
2204,C,35,0,35
2205,G,35,0,35
2206,T,35,0,35
2207,A,35,0,35
2208,T,35,0,35
2209,A,35,0,35
2210,G,36,0,36
2211,C,36,0,36
2212,T,36,0,36
2213,G,36,0,36
2214,G,35,0,35
2215,T,35,0,35
2216,T,34,0,34
2217,C,34,0,34
2218,T,35,0,35
2219,T,35,0,35
2220,C,35,0,35
2221,G,35,0,35
2222,C,37,0,37
2223,T,37,0,37
2224,T,37,0,37
2225,G,38,0,38
2226,C,38,0,38
2227,T,38,0,38
2228,G,38,0,38
2229,T,38,0,38
2230,C,39,0,39
2231,T,39,0,39
2232,T,39,0,39
2233,A,37,0,37
2234,G,39,0,39
2235,A,39,0,39
2236,A,38,0,38
2237,A,38,0,38
2238,T,37,0,37
2239,T,37,0,37
2240,C,37,0,37
2241,T,37,0,37
2242,C,38,0,38
2243,A,39,0,39
2244,A,38,0,38
2245,A,39,0,39
2246,G,38,0,38
2247,C,38,0,38
2248,C,39,0,39
2249,G,39,0,39
2250,C,39,0,39
2251,G,39,0,39
2252,A,39,0,39
2253,G,39,0,39
2254,T,39,0,39
2255,G,38,0,38
2256,A,39,0,39
2257,A,39,0,39
2258,C,39,0,39
2259,G,39,0,39
2260,A,41,0,41
2261,G,41,0,41
2262,G,43,0,43
2263,T,43,0,43
2264,T,43,0,43
2265,T,43,0,43
2266,G,42,0,42
2267,A,42,0,42
2268,T,42,0,42
2269,T,41,0,41
2270,G,42,0,42
2271,T,42,0,42
2272,T,43,0,43
2273,C,43,0,43
2274,A,41,0,41
2275,T,41,0,41
2276,G,39,0,39
2277,T,41,0,41
2278,G,42,0,42
2279,A,42,0,42
2280,C,42,0,42
2281,A,42,0,42
2282,A,42,0,42
2283,A,42,0,42
2284,A,41,0,41
2285,C,41,0,41
2286,A,41,0,41
2287,G,41,0,41
2288,A,41,0,41
2289,A,40,0,40
2290,C,40,0,40
2291,C,40,0,40
2292,T,41,0,41
2293,T,41,0,41
2294,A,41,0,41
2295,T,40,0,40
2296,T,40,0,40
2297,A,40,0,40
2298,T,40,0,40
2299,G,40,0,40
2300,G,40,0,40
2301,A,38,0,38
2302,C,39,0,39
2303,G,39,0,39
2304,G,38,0,38
2305,A,38,0,38
2306,A,38,0,38
2307,G,38,0,38
2308,C,38,0,38
2309,T,38,0,38
2310,T,36,0,36
2311,A,36,0,36
2312,C,36,0,36
2313,A,36,0,36
2314,G,36,0,36
2315,A,35,0,35
2316,G,35,0,35
2317,C,36,0,36
2318,G,36,0,36
2319,A,36,0,36
2320,T,36,0,36
2321,A,36,0,36
2322,T,36,0,36
2323,C,36,0,36
2324,A,36,0,36
2325,T,36,0,36
2326,A,36,0,36
2327,G,37,0,37
2328,C,36,0,36
2329,A,36,0,36
2330,A,37,0,37
2331,C,38,0,38
2332,T,38,0,38
2333,A,38,0,38
2334,T,38,0,38
2335,T,38,0,38
2336,T,37,0,37
2337,T,37,0,37
2338,A,38,0,38
2339,G,40,0,40
2340,G,40,0,40
2341,T,40,0,40
2342,A,40,0,40
2343,T,39,0,39
2344,G,40,0,40
2345,G,40,0,40
2346,T,40,0,40
2347,A,40,0,40
2348,G,40,0,40
2349,C,40,0,40
2350,G,38,0,38
2351,C,38,0,38
2352,A,38,0,38
2353,A,39,0,39
2354,A,39,0,39
2355,T,40,0,40
2356,T,39,0,39
2357,G,39,0,39
2358,A,39,0,39
2359,A,41,0,41
2360,A,41,0,41
2361,G,42,0,42
2362,A,42,0,42
2363,C,42,0,42
2364,A,44,0,44
2365,T,44,0,44
2366,T,44,0,44
2367,T,44,0,44
2368,A,44,0,44
2369,A,43,0,43
2370,T,44,0,44
2371,T,43,0,43
2372,C,45,0,45
2373,A,43,0,43
2374,A,45,0,45
2375,G,45,0,45
2376,A,44,0,44
2377,G,43,0,43
2378,C,43,0,43
2379,G,43,0,43
2380,C,43,0,43
2381,A,43,0,43
2382,C,43,0,43
2383,A,42,0,42
2384,A,42,0,42
2385,A,42,0,42
2386,A,43,0,43
2387,G,43,0,43
2388,A,42,0,42
2389,A,43,0,43
2390,G,44,0,44
2391,C,44,0,44
2392,T,44,0,44
2393,T,44,0,44
2394,T,44,0,44
2395,A,44,0,44
2396,A,43,0,43
2397,A,43,0,43
2398,T,43,0,43
2399,G,43,0,43
2400,T,43,0,43
2401,T,44,0,44
2402,G,44,0,44
2403,C,44,0,44
2404,T,44,0,44
2405,C,45,0,45
2406,G,46,0,46
2407,T,45,0,45
2408,C,46,0,46
2409,A,46,0,46
2410,A,46,0,46
2411,C,44,0,44
2412,G,44,0,44
2413,A,43,0,43
2414,G,43,0,43
2415,G,45,0,45
2416,G,44,0,44
2417,A,44,0,44
2418,T,44,0,44
2419,A,44,0,44
2420,A,44,0,44
2421,A,43,0,43
2422,A,43,0,43
2423,C,43,0,43
2424,T,43,0,43
2425,A,43,0,43
2426,G,44,0,44
2427,G,44,0,44
2428,A,42,0,42
2429,C,41,0,41
2430,G,41,0,41
2431,T,41,0,41
2432,C,41,0,41
2433,C,41,0,41
2434,A,41,0,41
2435,A,42,0,42
2436,A,42,0,42
2437,A,44,0,44
2438,G,44,0,44
2439,G,44,0,44
2440,A,44,0,44
2441,A,44,0,44
2442,G,44,0,44
2443,T,43,0,43
2444,A,43,0,43
2445,T,43,0,43
2446,T,43,0,43
2447,G,43,0,43
2448,C,43,0,43
2449,T,44,0,44
2450,A,44,0,44
2451,C,44,0,44
2452,G,45,0,45
2453,C,43,0,43
2454,A,44,0,44
2455,A,44,0,44
2456,T,44,0,44
2457,T,44,0,44
2458,A,44,0,44
2459,A,46,0,46
2460,A,46,0,46
2461,A,46,0,46
2462,C,46,0,46
2463,T,46,0,46
2464,G,46,0,46
2465,G,46,0,46
2466,A,46,0,46
2467,C,46,0,46
2468,A,45,0,45
2469,A,47,0,47
2470,T,47,0,47
2471,C,47,0,47
2472,A,47,0,47
2473,T,49,0,49
2474,A,49,0,49
2475,T,49,0,49
2476,T,49,0,49
2477,G,50,0,50
2478,A,50,0,50
2479,T,50,0,50
2480,G,49,0,49
2481,A,48,0,48
2482,A,48,0,48
2483,A,48,0,48
2484,T,48,0,48
2485,T,48,0,48
2486,C,51,0,51
2487,A,51,0,51
2488,A,51,0,51
2489,G,50,0,50
2490,C,48,0,48
2491,A,48,0,48
2492,T,48,0,48
2493,T,48,0,48
2494,C,49,0,49
2495,A,48,0,48
2496,T,48,0,48
2497,A,48,0,48
2498,A,48,0,48
2499,A,48,0,48
2500,T,48,0,48
2501,G,48,0,48
2502,T,48,0,48
2503,T,48,0,48
2504,G,47,0,47
2505,G,47,0,47
2506,T,45,0,45
2507,T,45,0,45
2508,T,44,0,44
2509,A,44,0,44
2510,T,43,0,43
2511,C,43,0,43
2512,A,44,0,44
2513,C,45,0,45
2514,A,46,0,46
2515,A,45,0,45
2516,A,45,0,45
2517,G,45,0,45
2518,C,45,0,45
2519,C,45,0,45
2520,G,45,0,45
2521,T,45,0,45
2522,A,45,0,45
2523,T,43,0,43
2524,T,43,0,43
2525,G,41,0,41
2526,C,42,0,42
2527,C,42,0,42
2528,A,43,0,43
2529,A,42,0,42
2530,G,42,0,42
2531,A,42,0,42
2532,C,43,0,43
2533,A,43,0,43
2534,T,43,0,43
2535,T,43,0,43
2536,A,44,0,44
2537,G,44,0,44
2538,G,44,0,44
2539,A,44,0,44
2540,G,44,0,44
2541,T,42,0,42
2542,T,42,0,42
2543,A,42,0,42
2544,G,41,0,41
2545,T,41,0,41
2546,A,41,0,41
2547,T,41,0,41
2548,G,42,0,42
2549,A,44,0,44
2550,A,44,0,44
2551,T,44,0,44
2552,A,43,0,43
2553,C,45,0,45
2554,T,44,0,44
2555,T,45,0,45
2556,T,45,0,45
2557,G,45,0,45
2558,C,45,0,45
2559,G,44,0,44
2560,C,44,0,44
2561,T,44,0,44
2562,T,45,0,45
2563,A,45,0,45
2564,T,45,0,45
2565,T,45,0,45
2566,T,45,0,45
2567,A,45,0,45
2568,T,46,0,46
2569,T,46,0,46
2570,G,46,0,46
2571,A,46,0,46
2572,A,46,0,46
2573,C,47,0,47
2574,G,47,0,47
2575,C,47,0,47
2576,A,47,0,47
2577,G,46,0,46
2578,A,47,0,47
2579,A,47,0,47
2580,A,48,0,48
2581,T,48,0,48
2582,A,49,0,49
2583,T,49,0,49
2584,C,49,0,49
2585,A,49,0,49
2586,A,48,0,48
2587,G,49,0,49
2588,C,47,0,47
2589,C,47,0,47
2590,T,47,0,47
2591,A,48,0,48
2592,C,48,0,48
2593,C,48,0,48
2594,A,48,0,48
2595,A,48,0,48
2596,A,48,0,48
2597,A,48,0,48
2598,T,48,0,48
2599,T,47,0,47
2600,A,47,0,47
2601,A,49,0,49
2602,G,49,0,49
2603,C,48,0,48
2604,C,48,0,48
2605,A,47,0,47
2606,A,47,0,47
2607,T,47,0,47
2608,T,47,0,47
2609,A,47,0,47
2610,T,45,0,45
2611,C,45,0,45
2612,A,47,0,47
2613,C,47,0,47
2614,T,48,0,48
2615,A,48,0,48
2616,T,48,0,48
2617,G,48,0,48
2618,C,48,0,48
2619,C,48,0,48
2620,G,46,0,46
2621,A,46,0,46
2622,A,46,0,46
2623,A,46,0,46
2624,G,43,0,43
2625,C,42,0,42
2626,A,42,0,42
2627,T,42,0,42
2628,A,42,0,42
2629,A,42,0,42
2630,A,42,0,42
2631,A,42,0,42
2632,A,42,0,42
2633,T,42,0,42
2634,A,42,0,42
2635,T,42,0,42
2636,A,42,0,42
2637,T,39,0,39
2638,T,39,0,39
2639,T,39,0,39
2640,T,40,0,40
2641,A,40,0,40
2642,A,39,0,39
2643,T,39,0,39
2644,A,41,0,41
2645,A,41,0,41
2646,C,41,0,41
2647,G,41,0,41
2648,T,41,0,41
2649,A,42,0,42
2650,T,42,0,42
2651,T,40,0,40
2652,A,40,0,40
2653,T,40,0,40
2654,A,40,0,40
2655,C,40,0,40
2656,C,40,0,40
2657,T,40,0,40
2658,T,40,0,40
2659,A,40,0,40
2660,A,41,0,41
2661,G,41,0,41
2662,G,40,0,40
2663,T,38,0,38
2664,A,38,0,38
2665,T,37,0,37
2666,A,37,0,37
2667,A,37,0,37
2668,T,37,0,37
2669,A,37,0,37
2670,A,37,0,37
2671,G,37,0,37
2672,A,36,0,36
2673,T,36,0,36
2674,A,35,0,35
2675,T,35,0,35
2676,C,36,0,36
2677,T,36,0,36
2678,T,36,0,36
2679,A,35,0,35
2680,A,35,0,35
2681,G,35,0,35
2682,G,35,0,35
2683,T,33,0,33
2684,A,32,0,32
2685,T,32,0,32
2686,C,32,0,32
2687,T,32,0,32
2688,A,32,0,32
2689,G,32,0,32
2690,C,34,0,34
2691,T,33,0,33
2692,T,33,0,33
2693,A,35,0,35
2694,A,35,0,35
2695,A,35,0,35
2696,T,36,0,36
2697,A,35,0,35
2698,A,34,0,34
2699,A,34,0,34
2700,A,34,0,34
2701,A,35,0,35
2702,A,35,0,35
2703,G,35,0,35
2704,G,33,0,33
2705,G,34,0,34
2706,G,33,0,33
2707,G,32,0,32
2708,G,31,0,31
2709,A,31,0,31
2710,T,31,0,31
2711,G,30,0,30
2712,A,30,0,30
2713,A,29,0,29
2714,T,29,0,29
2715,A,29,0,29
2716,G,29,0,29
2717,A,28,0,28
2718,G,28,0,28
2719,A,27,0,27
2720,G,27,0,27
2721,A,27,0,27
2722,G,28,0,28
2723,A,29,0,29
2724,G,28,0,28
2725,C,27,0,27
2726,T,26,0,26
2727,T,26,0,26
2728,T,26,0,26
2729,A,25,0,25
2730,T,25,0,25
2731,A,25,0,25
2732,A,24,0,24
2733,G,23,0,23
2734,T,24,0,24
2735,T,24,0,24
2736,A,24,0,24
2737,T,24,0,24
2738,A,24,0,24
2739,T,22,0,22
2740,T,22,0,22
2741,A,22,0,22
2742,A,22,0,22
2743,C,22,0,22
2744,T,22,0,22
2745,T,22,0,22
2746,A,22,0,22
2747,T,22,0,22
2748,T,22,0,22
2749,A,22,0,22
2750,T,22,0,22
2751,T,22,0,22
2752,T,22,0,22
2753,A,22,0,22
2754,G,22,0,22
2755,T,22,0,22
2756,A,22,0,22
2757,C,23,0,23
2758,C,23,0,23
2759,T,23,0,23
2760,T,23,0,23
2761,A,23,0,23
2762,T,23,0,23
2763,T,21,0,21
2764,A,21,0,21
2765,T,20,0,20
2766,A,21,0,21
2767,C,21,0,21
2768,T,22,0,22
2769,A,22,0,22
2770,T,22,0,22
2771,A,22,0,22
2772,A,24,0,24
2773,G,24,0,24
2774,G,25,0,25
2775,T,25,0,25
2776,A,25,0,25
2777,T,25,0,25
2778,A,25,0,25
2779,A,26,0,26
2780,T,29,0,29
2781,A,29,0,29
2782,T,30,0,30
2783,A,30,0,30
2784,A,31,0,31
2785,T,31,0,31
2786,A,31,0,31
2787,T,31,0,31
2788,T,30,0,30
2789,A,30,0,30
2790,T,30,0,30
2791,A,30,0,30
2792,T,31,0,31
2793,G,32,0,32
2794,G,32,0,32
2795,T,30,0,30
2796,A,30,0,30
2797,T,30,0,30
2798,G,30,0,30
2799,A,30,0,30
2800,T,29,0,29
2801,A,29,0,29
2802,T,29,0,29
2803,T,29,0,29
2804,T,29,0,29
2805,T,29,0,29
2806,T,29,0,29
2807,T,30,0,30
2808,T,31,0,31
2809,A,32,0,32
2810,T,32,0,32
2811,T,31,0,31
2812,G,31,0,31
2813,A,32,0,32
2814,G,32,0,32
2815,G,33,0,33
2816,A,33,0,33
2817,A,33,0,33
2818,T,34,0,34
2819,T,35,0,35
2820,A,35,0,35
2821,A,36,0,36
2822,A,36,0,36
2823,T,36,0,36
2824,G,37,0,37
2825,C,38,0,38
2826,C,38,0,38
2827,T,37,0,37
2828,G,37,0,37
2829,T,37,0,37
2830,T,38,0,38
2831,A,39,0,39
2832,T,41,0,41
2833,A,41,0,41
2834,A,41,0,41
2835,C,40,0,40
2836,A,40,0,40
2837,T,40,0,40
2838,T,38,0,38
2839,C,38,0,38
2840,G,37,0,37
2841,C,37,0,37
2842,T,37,0,37
2843,A,37,0,37
2844,A,35,0,35
2845,T,35,0,35
2846,T,35,0,35
2847,C,34,0,34
2848,T,34,0,34
2849,A,34,0,34
2850,A,36,0,36
2851,A,36,0,36
2852,G,37,0,37
2853,G,37,0,37
2854,A,37,0,37
2855,G,37,0,37
2856,G,36,0,36
2857,T,36,0,36
2858,A,35,0,35
2859,G,35,0,35
2860,T,37,0,37
2861,G,37,0,37
2862,G,37,0,37
2863,A,37,0,37
2864,A,38,0,38
2865,A,38,0,38
2866,A,38,0,38
2867,A,38,0,38
2868,C,38,0,38
2869,A,39,0,39
2870,A,39,0,39
2871,C,39,0,39
2872,T,39,0,39
2873,T,39,0,39
2874,C,38,0,38
2875,T,38,0,38
2876,G,39,0,39
2877,C,39,0,39
2878,T,39,0,39
2879,T,39,0,39
2880,T,39,0,39
2881,G,39,0,39
2882,C,40,0,40
2883,T,40,0,40
2884,T,40,0,40
2885,C,39,0,39
2886,T,40,0,40
2887,T,40,0,40
2888,G,40,0,40
2889,C,40,0,40
2890,T,40,0,40
2891,T,42,0,42
2892,G,42,0,42
2893,T,43,0,43
2894,G,43,0,43
2895,A,43,0,43
2896,A,43,0,43
2897,C,45,0,45
2898,T,45,0,45
2899,T,47,0,47
2900,G,47,0,47
2901,C,47,0,47
2902,A,47,0,47
2903,C,47,0,47
2904,A,47,0,47
2905,T,47,0,47
2906,G,47,0,47
2907,C,47,0,47
2908,T,46,0,46
2909,A,46,0,46
2910,A,46,0,46
2911,A,47,0,47
2912,C,48,0,48
2913,C,48,0,48
2914,T,48,0,48
2915,G,48,0,48
2916,T,49,0,49
2917,T,48,0,48
2918,A,48,0,48
2919,C,47,0,47
2920,A,47,0,47
2921,A,48,0,48
2922,T,48,0,48
2923,T,46,0,46
2924,A,46,0,46
2925,T,46,0,46
2926,A,46,0,46
2927,G,46,0,46
2928,A,46,0,46
2929,T,47,0,47
2930,G,45,0,45
2931,C,42,0,42
2932,C,44,0,44
2933,G,43,0,43
2934,A,43,0,43
2935,T,42,0,42
2936,C,42,0,42
2937,C,42,0,42
2938,A,42,0,42
2939,C,42,0,42
2940,G,43,0,43
2941,C,43,0,43
2942,C,43,0,43
2943,A,43,0,43
2944,C,44,0,44
2945,C,44,0,44
2946,C,44,0,44
2947,C,44,0,44
2948,A,43,0,43
2949,T,42,0,42
2950,T,42,0,42
2951,A,42,0,42
2952,C,42,0,42
2953,C,41,0,41
2954,A,41,0,41
2955,C,41,0,41
2956,T,41,0,41
2957,T,41,0,41
2958,G,41,0,41
2959,G,42,0,42
2960,T,42,0,42
2961,C,42,0,42
2962,T,41,0,41
2963,G,41,0,41
2964,A,42,0,42
2965,A,41,0,41
2966,T,41,0,41
2967,T,41,0,41
2968,A,41,0,41
2969,C,41,0,41
2970,C,42,0,42
2971,T,41,0,41
2972,G,41,0,41
2973,G,41,0,41
2974,T,41,0,41
2975,A,41,0,41
2976,G,41,0,41
2977,A,42,0,42
2978,C,42,0,42
2979,C,41,0,41
2980,A,41,0,41
2981,G,40,0,40
2982,A,39,0,39
2983,T,37,0,37
2984,A,37,0,37
2985,A,39,0,39
2986,T,40,0,40
2987,C,40,0,40
2988,T,40,0,40
2989,G,39,0,39
2990,A,39,0,39
2991,C,39,0,39
2992,T,39,0,39
2993,G,39,0,39
2994,T,39,0,39
2995,C,40,0,40
2996,A,42,0,42
2997,T,43,0,43
2998,C,43,0,43
2999,A,44,0,44
3000,C,44,0,44
3001,T,42,0,42
3002,A,42,0,42
3003,A,41,0,41
3004,T,41,0,41
3005,G,40,0,40
3006,A,40,0,40
3007,A,40,0,40
3008,T,40,0,40
3009,C,40,0,40
3010,T,40,0,40
3011,G,40,0,40
3012,A,40,0,40
3013,G,40,0,40
3014,A,40,0,40
3015,A,40,0,40
3016,A,40,0,40
3017,A,40,0,40
3018,C,40,0,40
3019,T,39,0,39
3020,A,39,0,39
3021,T,39,0,39
3022,T,39,0,39
3023,T,39,0,39
3024,T,39,0,39
3025,A,39,0,39
3026,G,39,0,39
3027,A,38,0,38
3028,T,38,0,38
3029,G,38,0,38
3030,A,38,0,38
3031,A,38,0,38
3032,A,37,0,37
3033,T,37,0,37
3034,A,37,0,37
3035,G,37,0,37
3036,A,37,0,37
3037,A,36,0,36
3038,A,36,0,36
3039,T,36,0,36
3040,T,36,0,36
3041,G,36,0,36
3042,C,35,0,35
3043,G,35,0,35
3044,T,35,0,35
3045,C,35,0,35
3046,T,35,0,35
3047,G,35,0,35
3048,C,33,0,33
3049,T,33,0,33
3050,A,32,0,32
3051,G,32,0,32
3052,G,32,0,32
3053,G,32,0,32
3054,A,32,0,32
3055,C,33,0,33
3056,C,33,0,33
3057,C,33,0,33
3058,A,33,0,33
3059,T,34,0,34
3060,T,34,0,34
3061,T,34,0,34
3062,G,33,0,33
3063,T,32,0,32
3064,A,32,0,32
3065,A,32,0,32
3066,T,32,0,32
3067,T,31,0,31
3068,G,31,0,31
3069,T,31,0,31
3070,T,31,0,31
3071,G,31,0,31
3072,A,30,0,30
3073,T,31,0,31
3074,C,31,0,31
3075,T,31,0,31
3076,A,31,0,31
3077,G,31,0,31
3078,A,31,0,31
3079,A,31,0,31
3080,G,30,0,30
3081,G,30,0,30
3082,T,30,0,30
3083,A,28,0,28
3084,C,28,0,28
3085,A,27,0,27
3086,G,26,0,26
3087,C,26,0,26
3088,A,28,0,28
3089,T,28,0,28
3090,C,29,0,29
3091,G,29,0,29
3092,C,30,0,30
3093,G,30,0,30
3094,T,30,0,30
3095,T,28,0,28
3096,T,28,0,28
3097,A,28,0,28
3098,A,28,0,28
3099,C,27,0,27
3100,G,27,0,27
3101,A,27,0,27
3102,G,30,0,30
3103,T,30,0,30
3104,T,30,0,30
3105,A,30,0,30
3106,T,31,0,31
3107,G,31,0,31
3108,C,33,0,33
3109,T,33,0,33
3110,A,32,0,32
3111,T,32,0,32
3112,T,34,0,34
3113,A,35,0,35
3114,G,35,0,35
3115,T,33,0,33
3116,C,33,0,33
3117,A,33,0,33
3118,A,33,0,33
3119,T,33,0,33
3120,C,33,0,33
3121,T,32,0,32
3122,G,32,0,32
3123,A,32,0,32
3124,T,31,0,31
3125,T,32,0,32
3126,T,32,0,32
3127,T,32,0,32
3128,G,31,0,31
3129,T,31,0,31
3130,A,31,0,31
3131,A,32,0,32
3132,T,34,0,34
3133,T,34,0,34
3134,G,35,0,35
3135,T,35,0,35
3136,T,33,0,33
3137,C,32,0,32
3138,C,32,0,32
3139,T,32,0,32
3140,A,32,0,32
3141,T,31,0,31
3142,G,31,0,31
3143,A,31,0,31
3144,A,31,0,31
3145,G,31,0,31
3146,G,29,0,29
3147,A,27,0,27
3148,A,26,0,26
3149,C,26,0,26
3150,A,26,0,26
3151,A,26,0,26
3152,C,26,0,26
3153,A,28,0,28
3154,G,28,0,28
3155,C,28,0,28
3156,A,28,0,28
3157,A,28,0,28
3158,G,28,0,28
3159,A,28,0,28
3160,C,28,0,28
3161,G,29,0,29
3162,C,29,0,29
3163,T,30,0,30
3164,A,30,0,30
3165,T,30,0,30
3166,A,30,0,30
3167,G,30,0,30
3168,C,30,0,30
3169,G,30,0,30
3170,G,30,0,30
3171,C,30,0,30
3172,T,30,0,30
3173,A,31,0,31
3174,T,31,0,31
3175,T,32,0,32
3176,G,33,0,33
3177,A,34,0,34
3178,A,34,0,34
3179,A,34,0,34
3180,T,34,0,34
3181,C,34,0,34
3182,A,35,0,35
3183,T,36,0,36
3184,A,36,0,36
3185,A,35,0,35
3186,A,35,0,35
3187,A,35,0,35
3188,G,35,0,35
3189,A,35,0,35
3190,A,36,0,36
3191,A,36,0,36
3192,T,36,0,36
3193,T,36,0,36
3194,C,36,0,36
3195,A,36,0,36
3196,T,36,0,36
3197,A,37,0,37
3198,G,37,0,37
3199,A,37,0,37
3200,G,37,0,37
3201,A,36,0,36
3202,T,37,0,37
3203,A,37,0,37
3204,T,37,0,37
3205,G,37,0,37
3206,A,36,0,36
3207,A,36,0,36
3208,A,36,0,36
3209,G,36,0,36
3210,C,36,0,36
3211,T,36,0,36
3212,G,36,0,36
3213,T,36,0,36
3214,A,36,0,36
3215,C,36,0,36
3216,G,36,0,36
3217,G,37,0,37
3218,C,37,0,37
3219,G,38,0,38
3220,T,39,0,39
3221,C,39,0,39
3222,T,39,0,39
3223,T,39,0,39
3224,A,39,0,39
3225,T,39,0,39
3226,C,39,0,39
3227,G,39,0,39
3228,A,39,0,39
3229,T,39,0,39
3230,T,38,0,38
3231,A,38,0,38
3232,T,39,0,39
3233,G,39,0,39
3234,C,39,0,39
3235,T,39,0,39
3236,G,40,0,40
3237,T,40,0,40
3238,T,41,0,41
3239,T,39,0,39
3240,T,39,0,39
3241,A,38,0,38
3242,T,38,0,38
3243,T,38,0,38
3244,T,38,0,38
3245,A,39,0,39
3246,C,39,0,39
3247,G,39,0,39
3248,C,38,0,38
3249,A,39,0,39
3250,A,39,0,39
3251,T,39,0,39
3252,C,39,0,39
3253,G,39,0,39
3254,A,39,0,39
3255,A,39,0,39
3256,G,39,0,39
3257,G,37,0,37
3258,T,37,0,37
3259,C,37,0,37
3260,G,36,0,36
3261,T,35,0,35
3262,T,34,0,34
3263,G,34,0,34
3264,C,34,0,34
3265,A,35,0,35
3266,A,35,0,35
3267,A,35,0,35
3268,A,37,0,37
3269,T,37,0,37
3270,C,39,0,39
3271,C,39,0,39
3272,A,39,0,39
3273,G,40,0,40
3274,A,40,0,40
3275,A,39,0,39
3276,C,39,0,39
3277,T,39,0,39
3278,G,39,0,39
3279,C,40,0,40
3280,T,40,0,40
3281,C,40,0,40
3282,G,39,0,39
3283,T,38,0,38
3284,T,38,0,38
3285,T,39,0,39
3286,T,39,0,39
3287,A,39,0,39
3288,T,40,0,40
3289,A,42,0,42
3290,T,42,0,42
3291,C,42,0,42
3292,A,42,0,42
3293,T,42,0,42
3294,C,43,0,43
3295,T,43,0,43
3296,C,44,0,44
3297,A,44,0,44
3298,G,44,0,44
3299,T,44,0,44
3300,T,44,0,44
3301,T,44,0,44
3302,A,44,0,44
3303,G,44,0,44
3304,A,42,0,42
3305,A,42,0,42
3306,A,42,0,42
3307,A,41,0,41
3308,A,41,0,41
3309,A,41,0,41
3310,T,41,0,41
3311,C,40,0,40
3312,C,39,0,39
3313,A,39,0,39
3314,G,39,0,39
3315,A,39,0,39
3316,A,38,0,38
3317,C,39,0,39
3318,T,39,0,39
3319,T,39,0,39
3320,G,39,0,39
3321,A,39,0,39
3322,T,39,0,39
3323,G,40,0,40
3324,T,39,0,39
3325,T,39,0,39
3326,T,40,0,40
3327,T,40,0,40
3328,T,39,0,39
3329,G,39,0,39
3330,A,38,0,38
3331,A,37,0,37
3332,A,37,0,37
3333,C,37,0,37
3334,A,36,0,36
3335,G,37,0,37
3336,A,37,0,37
3337,A,37,0,37
3338,A,37,0,37
3339,T,38,0,38
3340,C,38,0,38
3341,A,38,0,38
3342,A,39,0,39
3343,T,40,0,40
3344,G,40,0,40
3345,A,40,0,40
3346,A,40,0,40
3347,C,40,0,40
3348,G,39,0,39
3349,T,42,0,42
3350,G,42,0,42
3351,A,44,0,44
3352,T,44,0,44
3353,G,43,0,43
3354,C,43,0,43
3355,T,43,0,43
3356,T,43,0,43
3357,T,43,0,43
3358,T,43,0,43
3359,T,43,0,43
3360,C,44,0,44
3361,A,44,0,44
3362,G,45,0,45
3363,C,44,0,44
3364,A,45,0,45
3365,A,45,0,45
3366,T,45,0,45
3367,T,45,0,45
3368,T,44,0,44
3369,T,44,0,44
3370,T,43,0,43
3371,G,42,0,42
3372,C,41,0,41
3373,A,41,0,41
3374,A,41,0,41
3375,C,41,0,41
3376,T,41,0,41
3377,G,41,0,41
3378,G,41,0,41
3379,A,41,0,41
3380,G,41,0,41
3381,G,41,0,41
3382,T,40,0,40
3383,T,40,0,40
3384,C,40,0,40
3385,A,40,0,40
3386,C,40,0,40
3387,A,41,0,41
3388,T,41,0,41
3389,C,40,0,40
3390,G,40,0,40
3391,T,40,0,40
3392,A,40,0,40
3393,A,41,0,41
3394,T,41,0,41
3395,T,39,0,39
3396,T,38,0,38
3397,G,39,0,39
3398,A,39,0,39
3399,A,38,0,38
3400,T,38,0,38
3401,C,39,0,39
3402,C,39,0,39
3403,A,39,0,39
3404,A,39,0,39
3405,A,39,0,39
3406,A,39,0,39
3407,G,39,0,39
3408,A,39,0,39
3409,A,39,0,39
3410,G,39,0,39
3411,T,39,0,39
3412,G,38,0,38
3413,A,37,0,37
3414,A,37,0,37
3415,T,37,0,37
3416,A,37,0,37
3417,A,37,0,37
3418,T,37,0,37
3419,T,36,0,36
3420,T,36,0,36
3421,A,34,0,34
3422,G,35,0,35
3423,A,35,0,35
3424,A,35,0,35
3425,T,34,0,34
3426,C,35,0,35
3427,T,35,0,35
3428,G,35,0,35
3429,C,35,0,35
3430,A,35,0,35
3431,A,36,0,36
3432,T,36,0,36
3433,T,36,0,36
3434,G,37,0,37
3435,G,38,0,38
3436,T,37,0,37
3437,A,37,0,37
3438,A,37,0,37
3439,T,38,0,38
3440,G,36,0,36
3441,T,36,0,36
3442,A,36,0,36
3443,G,36,0,36
3444,A,36,0,36
3445,A,35,0,35
3446,G,35,0,35
3447,C,34,0,34
3448,A,35,0,35
3449,T,35,0,35
3450,T,35,0,35
3451,C,35,0,35
3452,G,36,0,36
3453,T,36,0,36
3454,T,36,0,36
3455,G,36,0,36
3456,C,37,0,37
3457,T,37,0,37
3458,G,37,0,37
3459,A,37,0,37
3460,A,37,0,37
3461,G,38,0,38
3462,T,39,0,39
3463,C,41,0,41
3464,A,41,0,41
3465,T,41,0,41
3466,T,41,0,41
3467,G,41,0,41
3468,C,40,0,40
3469,A,40,0,40
3470,A,40,0,40
3471,A,40,0,40
3472,G,40,0,40
3473,C,40,0,40
3474,T,39,0,39
3475,A,40,0,40
3476,A,40,0,40
3477,A,39,0,39
3478,A,40,0,40
3479,C,40,0,40
3480,A,40,0,40
3481,A,40,0,40
3482,G,40,0,40
3483,T,39,0,39
3484,T,39,0,39
3485,A,39,0,39
3486,A,38,0,38
3487,A,38,0,38
3488,T,38,0,38
3489,A,36,0,36
3490,G,37,0,37
3491,A,37,0,37
3492,G,37,0,37
3493,A,37,0,37
3494,G,37,0,37
3495,G,37,0,37
3496,A,38,0,38
3497,A,40,0,40
3498,A,40,0,40
3499,C,40,0,40
3500,T,39,0,39
3501,A,39,0,39
3502,A,38,0,38
3503,G,38,0,38
3504,T,38,0,38
3505,G,37,0,37
3506,A,37,0,37
3507,T,37,0,37
3508,G,37,0,37
3509,A,36,0,36
3510,G,37,0,37
3511,C,36,0,36
3512,A,36,0,36
3513,C,36,0,36
3514,A,36,0,36
3515,G,35,0,35
3516,A,35,0,35
3517,A,35,0,35
3518,A,35,0,35
3519,G,35,0,35
3520,A,35,0,35
3521,A,35,0,35
3522,A,36,0,36
3523,A,36,0,36
3524,C,36,0,36
3525,C,36,0,36
3526,A,36,0,36
3527,T,36,0,36
3528,T,36,0,36
3529,A,36,0,36
3530,A,36,0,36
3531,A,36,0,36
3532,T,37,0,37
3533,T,37,0,37
3534,T,37,0,37
3535,T,37,0,37
3536,T,37,0,37
3537,C,37,0,37
3538,A,36,0,36
3539,G,36,0,36
3540,A,35,0,35
3541,A,35,0,35
3542,C,36,0,36
3543,T,36,0,36
3544,T,36,0,36
3545,G,36,0,36
3546,A,37,0,37
3547,G,38,0,38
3548,G,38,0,38
3549,A,40,0,40
3550,T,41,0,41
3551,T,41,0,41
3552,T,40,0,40
3553,T,40,0,40
3554,A,42,0,42
3555,A,42,0,42
3556,A,42,0,42
3557,C,42,0,42
3558,C,42,0,42
3559,A,42,0,42
3560,C,42,0,42
3561,G,42,0,42
3562,A,42,0,42
3563,C,42,0,42
3564,A,42,0,42
3565,A,42,0,42
3566,G,42,0,42
3567,C,41,0,41
3568,T,41,0,41
3569,A,41,0,41
3570,A,41,0,41
3571,A,41,0,41
3572,T,42,0,42
3573,C,41,0,41
3574,T,41,0,41
3575,T,40,0,40
3576,C,41,0,41
3577,T,40,0,40
3578,T,40,0,40
3579,C,40,0,40
3580,T,40,0,40
3581,A,40,0,40
3582,A,40,0,40
3583,C,40,0,40
3584,A,39,0,39
3585,T,39,0,39
3586,T,39,0,39
3587,G,40,0,40
3588,T,39,0,39
3589,G,39,0,39
3590,G,38,0,38
3591,A,38,0,38
3592,A,38,0,38
3593,C,38,0,38
3594,G,38,0,38
3595,T,38,0,38
3596,A,37,0,37
3597,A,36,0,36
3598,A,38,0,38
3599,G,39,0,39
3600,A,38,0,38
3601,A,39,0,39
3602,T,39,0,39
3603,T,39,0,39
3604,A,39,0,39
3605,G,39,0,39
3606,A,39,0,39
3607,T,39,0,39
3608,A,38,0,38
3609,G,38,0,38
3610,A,38,0,38
3611,G,38,0,38
3612,C,39,0,39
3613,G,39,0,39
3614,A,40,0,40
3615,T,40,0,40
3616,A,40,0,40
3617,A,41,0,41
3618,C,41,0,41
3619,C,41,0,41
3620,T,41,0,41
3621,T,41,0,41
3622,T,41,0,41
3623,C,42,0,42
3624,C,42,0,42
3625,A,42,0,42
3626,A,41,0,41
3627,G,43,0,43
3628,T,44,0,44
3629,C,43,0,43
3630,G,46,0,46
3631,T,47,0,47
3632,G,47,0,47
3633,A,47,0,47
3634,A,47,0,47
3635,C,46,0,46
3636,A,46,0,46
3637,A,48,0,48
3638,T,48,0,48
3639,C,48,0,48
3640,A,46,0,46
3641,G,45,0,45
3642,A,46,0,46
3643,T,47,0,47
3644,G,47,0,47
3645,A,46,0,46
3646,G,46,0,46
3647,G,45,0,45
3648,C,44,0,44
3649,A,44,0,44
3650,C,44,0,44
3651,A,44,0,44
3652,G,44,0,44
3653,A,45,0,45
3654,T,45,0,45
3655,A,45,0,45
3656,A,46,0,46
3657,A,46,0,46
3658,T,48,0,48
3659,A,48,0,48
3660,T,49,0,49
3661,A,48,0,48
3662,A,48,0,48
3663,A,48,0,48
3664,A,48,0,48
3665,A,48,0,48
3666,C,48,0,48
3667,A,48,0,48
3668,A,48,0,48
3669,G,49,0,49
3670,C,49,0,49
3671,A,50,0,50
3672,T,50,0,50
3673,T,49,0,49
3674,G,49,0,49
3675,C,49,0,49
3676,T,49,0,49
3677,A,48,0,48
3678,T,49,0,49
3679,A,49,0,49
3680,A,49,0,49
3681,T,49,0,49
3682,T,49,0,49
3683,A,48,0,48
3684,A,48,0,48
3685,T,48,0,48
3686,C,48,0,48
3687,G,48,0,48
3688,T,48,0,48
3689,T,48,0,48
3690,T,49,0,49
3691,T,49,0,49
3692,A,49,0,49
3693,A,48,0,48
3694,A,47,0,47
3695,T,46,0,46
3696,C,46,0,46
3697,T,44,0,44
3698,A,43,0,43
3699,T,42,0,42
3700,G,41,0,41
3701,G,40,0,40
3702,C,40,0,40
3703,T,40,0,40
3704,A,39,0,39
3705,A,41,0,41
3706,A,41,0,41
3707,C,41,0,41
3708,G,41,0,41
3709,A,41,0,41
3710,G,41,0,41
3711,A,41,0,41
3712,G,40,0,40
3713,C,40,0,40
3714,G,42,0,42
3715,C,41,0,41
3716,T,41,0,41
3717,A,41,0,41
3718,T,41,0,41
3719,C,41,0,41
3720,G,41,0,41
3721,T,41,0,41
3722,C,41,0,41
3723,A,41,0,41
3724,T,42,0,42
3725,G,42,0,42
3726,G,43,0,43
3727,T,42,0,42
3728,G,42,0,42
3729,A,42,0,42
3730,C,42,0,42
3731,T,42,0,42
3732,T,42,0,42
3733,T,41,0,41
3734,T,41,0,41
3735,T,41,0,41
3736,A,40,0,40
3737,G,41,0,41
3738,A,39,0,39
3739,A,39,0,39
3740,A,39,0,39
3741,T,39,0,39
3742,A,39,0,39
3743,T,37,0,37
3744,T,37,0,37
3745,A,38,0,38
3746,A,38,0,38
3747,T,38,0,38
3748,G,37,0,37
3749,A,35,0,35
3750,A,35,0,35
3751,T,35,0,35
3752,G,35,0,35
3753,C,37,0,37
3754,T,37,0,37
3755,T,37,0,37
3756,A,37,0,37
3757,T,38,0,38
3758,G,38,0,38
3759,A,38,0,38
3760,G,37,0,37
3761,C,37,0,37
3762,A,37,0,37
3763,G,37,0,37
3764,A,37,0,37
3765,G,35,0,35
3766,T,35,0,35
3767,G,35,0,35
3768,A,34,0,34
3769,C,33,0,33
3770,T,32,0,32
3771,A,32,0,32
3772,G,32,0,32
3773,C,31,0,31
3774,A,30,0,30
3775,T,30,0,30
3776,T,30,0,30
3777,G,30,0,30
3778,T,28,0,28
3779,A,28,0,28
3780,T,28,0,28
3781,A,26,0,26
3782,T,26,0,26
3783,C,27,0,27
3784,A,28,0,28
3785,T,29,0,29
3786,A,26,0,26
3787,G,27,0,27
3788,T,27,0,27
3789,T,27,0,27
3790,T,27,0,27
3791,G,27,0,27
3792,A,27,0,27
3793,A,26,0,26
3794,A,26,0,26
3795,A,26,0,26
3796,G,26,0,26
3797,T,26,0,26
3798,T,26,0,26
3799,T,27,0,27
3800,T,27,0,27
3801,T,27,0,27
3802,A,27,0,27
3803,T,27,0,27
3804,T,26,0,26
3805,C,28,0,28
3806,T,28,0,28
3807,A,29,0,29
3808,T,29,0,29
3809,T,28,0,28
3810,C,28,0,28
3811,G,27,0,27
3812,G,27,0,27
3813,C,27,0,27
3814,A,27,0,27
3815,A,27,0,27
3816,T,27,0,27
3817,T,27,0,27
3818,A,27,0,27
3819,A,27,0,27
3820,G,26,0,26
3821,G,26,0,26
3822,A,26,0,26
3823,C,26,0,26
3824,A,26,0,26
3825,A,28,0,28
3826,A,28,0,28
3827,A,28,0,28
3828,T,28,0,28
3829,T,27,0,27
3830,G,27,0,27
3831,C,27,0,27
3832,T,27,0,27
3833,C,27,0,27
3834,T,27,0,27
3835,C,28,0,28
3836,T,28,0,28
3837,T,28,0,28
3838,T,28,0,28
3839,T,27,0,27
3840,T,27,0,27
3841,T,27,0,27
3842,T,27,0,27
3843,T,27,0,27
3844,A,27,0,27
3845,G,27,0,27
3846,G,27,0,27
3847,A,27,0,27
3848,T,27,0,27
3849,T,27,0,27
3850,A,28,0,28
3851,A,28,0,28
3852,G,28,0,28
3853,T,28,0,28
3854,T,28,0,28
3855,G,28,0,28
3856,T,26,0,26
3857,C,26,0,26
3858,T,26,0,26
3859,A,26,0,26
3860,A,26,0,26
3861,A,26,0,26
3862,A,26,0,26
3863,C,26,0,26
3864,C,26,0,26
3865,T,24,0,24
3866,T,24,0,24
3867,T,24,0,24
3868,T,25,0,25
3869,A,25,0,25
3870,A,25,0,25
3871,A,25,0,25
3872,A,25,0,25
3873,G,25,0,25
3874,G,24,0,24
3875,A,23,0,23
3876,A,23,0,23
3877,G,22,0,22
3878,T,22,0,22
3879,A,21,0,21
3880,T,21,0,21
3881,T,21,0,21
3882,C,21,0,21
3883,T,21,0,21
3884,T,21,0,21
3885,C,21,0,21
3886,T,21,0,21
3887,T,21,0,21
3888,T,24,0,24
3889,A,24,0,24
3890,C,23,0,23
3891,T,21,0,21
3892,G,23,0,23
3893,G,23,0,23
3894,A,23,0,23
3895,A,23,0,23
3896,A,23,0,23
3897,T,23,0,23
3898,T,23,0,23
3899,C,23,0,23
3900,C,23,0,23
3901,T,23,0,23
3902,T,23,0,23
3903,C,24,0,24
3904,A,25,0,25
3905,T,26,0,26
3906,C,26,0,26
3907,A,26,0,26
3908,T,25,0,25
3909,T,25,0,25
3910,A,26,0,26
3911,G,26,0,26
3912,G,26,0,26
3913,G,26,0,26
3914,T,26,0,26
3915,A,26,0,26
3916,T,26,0,26
3917,G,26,0,26
3918,A,26,0,26
3919,A,27,0,27
3920,A,27,0,27
3921,A,27,0,27
3922,T,27,0,27
3923,T,27,0,27
3924,T,27,0,27
3925,T,26,0,26
3926,T,26,0,26
3927,T,25,0,25
3928,T,25,0,25
3929,T,26,0,26
3930,T,25,0,25
3931,A,26,0,26
3932,G,26,0,26
3933,G,26,0,26
3934,A,25,0,25
3935,G,25,0,25
3936,A,24,0,24
3937,A,24,0,24
3938,A,24,0,24
3939,T,24,0,24
3940,A,24,0,24
3941,T,24,0,24
3942,C,24,0,24
3943,G,24,0,24
3944,G,24,0,24
3945,T,24,0,24
3946,A,24,0,24
3947,T,24,0,24
3948,A,24,0,24
3949,A,24,0,24
3950,A,24,0,24
3951,A,24,0,24
3952,A,24,0,24
3953,A,24,0,24
3954,A,24,0,24
3955,G,24,0,24
3956,G,22,0,22
3957,A,23,0,23
3958,G,21,0,21
3959,A,21,0,21
3960,T,21,0,21
3961,A,22,0,22
3962,T,22,0,22
3963,C,22,0,22
3964,A,24,0,24
3965,A,24,0,24
3966,C,24,0,24
3967,A,24,0,24
3968,T,24,0,24
3969,C,24,0,24
3970,G,24,0,24
3971,A,24,0,24
3972,G,25,0,25
3973,G,23,0,23
3974,A,23,0,23
3975,T,23,0,23
3976,G,21,0,21
3977,T,24,0,24
3978,C,25,0,25
3979,A,25,0,25
3980,G,25,0,25
3981,C,25,0,25
3982,A,25,0,25
3983,A,25,0,25
3984,T,25,0,25
3985,T,25,0,25
3986,T,25,0,25
3987,C,25,0,25
3988,T,25,0,25
3989,T,25,0,25
3990,G,25,0,25
3991,C,25,0,25
3992,A,24,0,24
3993,A,24,0,24
3994,A,24,0,24
3995,C,24,0,24
3996,G,24,0,24
3997,T,25,0,25
3998,C,25,0,25
3999,C,25,0,25
4000,A,25,0,25
4001,G,25,0,25
4002,C,25,0,25
4003,T,26,0,26
4004,C,26,0,26
4005,C,27,0,27
4006,T,27,0,27
4007,A,27,0,27
4008,T,29,0,29
4009,G,29,0,29
4010,C,29,0,29
4011,G,29,0,29
4012,G,29,0,29
4013,T,29,0,29
4014,T,30,0,30
4015,T,30,0,30
4016,G,30,0,30
4017,T,30,0,30
4018,A,30,0,30
4019,G,31,0,31
4020,C,32,0,32
4021,T,32,0,32
4022,T,32,0,32
4023,T,33,0,33
4024,T,34,0,34
4025,T,31,0,31
4026,C,31,0,31
4027,A,31,0,31
4028,T,31,0,31
4029,A,31,0,31
4030,T,31,0,31
4031,T,32,0,32
4032,T,32,0,32
4033,T,32,0,32
4034,T,33,0,33
4035,G,33,0,33
4036,G,33,0,33
4037,A,33,0,33
4038,T,33,0,33
4039,T,33,0,33
4040,T,33,0,33
4041,G,33,0,33
4042,T,33,0,33
4043,T,32,0,32
4044,G,31,0,31
4045,G,31,0,31
4046,A,31,0,31
4047,A,31,0,31
4048,G,30,0,30
4049,G,30,0,30
4050,T,31,0,31
4051,T,31,0,31
4052,A,31,0,31
4053,C,31,0,31
4054,T,31,0,31
4055,C,30,0,30
4056,C,29,0,29
4057,T,29,0,29
4058,A,29,0,29
4059,A,29,0,29
4060,G,29,0,29
4061,A,28,0,28
4062,G,28,0,28
4063,G,28,0,28
4064,T,28,0,28
4065,C,28,0,28
4066,G,28,0,28
4067,C,29,0,29
4068,C,29,0,29
4069,T,30,0,30
4070,A,29,0,29
4071,A,29,0,29
4072,T,29,0,29
4073,T,30,0,30
4074,G,30,0,30
4075,T,31,0,31
4076,T,31,0,31
4077,T,31,0,31
4078,T,31,0,31
4079,T,31,0,31
4080,G,30,0,30
4081,A,30,0,30
4082,G,30,0,30
4083,A,30,0,30
4084,T,30,0,30
4085,A,30,0,30
4086,T,30,0,30
4087,T,30,0,30
4088,T,30,0,30
4089,T,29,0,29
4090,T,29,0,29
4091,A,29,0,29
4092,A,29,0,29
4093,C,29,0,29
4094,A,30,0,30
4095,T,31,0,31
4096,T,31,0,31
4097,T,31,0,31
4098,C,31,0,31
4099,T,31,0,31
4100,C,31,0,31
4101,T,32,0,32
4102,T,33,0,33
4103,C,33,0,33
4104,T,33,0,33
4105,G,33,0,33
4106,A,33,0,33
4107,G,33,0,33
4108,G,32,0,32
4109,C,32,0,32
4110,G,33,0,33
4111,A,33,0,33
4112,A,32,0,32
4113,T,31,0,31
4114,T,32,0,32
4115,T,32,0,32
4116,T,32,0,32
4117,T,32,0,32
4118,T,31,0,31
4119,T,31,0,31
4120,A,31,0,31
4121,C,31,0,31
4122,C,32,0,32
4123,T,31,0,31
4124,A,31,0,31
4125,C,32,0,32
4126,A,32,0,32
4127,G,32,0,32
4128,A,30,0,30
4129,A,30,0,30
4130,A,30,0,30
4131,C,30,0,30
4132,G,30,0,30
4133,T,30,0,30
4134,C,30,0,30
4135,A,30,0,30
4136,T,30,0,30
4137,T,30,0,30
4138,T,30,0,30
4139,A,30,0,30
4140,A,30,0,30
4141,A,30,0,30
4142,T,30,0,30
4143,G,30,0,30
4144,T,31,0,31
4145,T,31,0,31
4146,G,30,0,30
4147,A,31,0,31
4148,T,30,0,30
4149,T,30,0,30
4150,T,30,0,30
4151,T,29,0,29
4152,T,28,0,28
4153,G,29,0,29
4154,G,28,0,28
4155,T,27,0,27
4156,T,26,0,26
4157,T,26,0,26
4158,G,25,0,25
4159,C,24,0,24
4160,A,25,0,25
4161,C,25,0,25
4162,T,25,0,25
4163,T,25,0,25
4164,T,25,0,25
4165,A,24,0,24
4166,A,25,0,25
4167,A,25,0,25
4168,A,25,0,25
4169,T,25,0,25
4170,C,25,0,25
4171,C,24,0,24
4172,C,23,0,23
4173,C,23,0,23
4174,C,23,0,23
4175,C,22,0,22
4176,T,22,0,22
4177,G,22,0,22
4178,C,22,0,22
4179,C,22,0,22
4180,G,23,0,23
4181,G,23,0,23
4182,T,22,0,22
4183,T,22,0,22
4184,G,22,0,22
4185,C,22,0,22
4186,G,22,0,22
4187,A,22,0,22
4188,G,22,0,22
4189,C,23,0,23
4190,G,23,0,23
4191,C,23,0,23
4192,C,23,0,23
4193,C,24,0,24
4194,T,24,0,24
4195,C,24,0,24
4196,G,24,0,24
4197,C,24,0,24
4198,A,24,0,24
4199,T,24,0,24
4200,T,24,0,24
4201,G,24,0,24
4202,G,24,0,24
4203,T,24,0,24
4204,A,24,0,24
4205,T,24,0,24
4206,T,24,0,24
4207,C,24,0,24
4208,C,24,0,24
4209,G,24,0,24
4210,G,25,0,25
4211,G,25,0,25
4212,A,25,0,25
4213,G,25,0,25
4214,T,25,0,25
4215,A,26,0,26
4216,A,27,0,27
4217,T,27,0,27
4218,A,27,0,27
4219,A,27,0,27
4220,A,25,0,25
4221,G,25,0,25
4222,T,25,0,25
4223,A,25,0,25
4224,C,26,0,26
4225,T,26,0,26
4226,G,26,0,26
4227,A,26,0,26
4228,G,26,0,26
4229,T,26,0,26
4230,T,26,0,26
4231,C,26,0,26
4232,G,27,0,27
4233,A,26,0,26
4234,G,27,0,27
4235,T,27,0,27
4236,C,27,0,27
4237,A,27,0,27
4238,G,28,0,28
4239,C,28,0,28
4240,T,28,0,28
4241,T,28,0,28
4242,T,28,0,28
4243,T,28,0,28
4244,T,28,0,28
4245,G,27,0,27
4246,C,25,0,25
4247,T,25,0,25
4248,T,25,0,25
4249,T,25,0,25
4250,T,25,0,25
4251,A,24,0,24
4252,G,24,0,24
4253,T,23,0,23
4254,A,25,0,25
4255,C,28,0,28
4256,T,28,0,28
4257,G,29,0,29
4258,A,29,0,29
4259,A,29,0,29
4260,A,29,0,29
4261,A,29,0,29
4262,G,29,0,29
4263,T,30,0,30
4264,A,30,0,30
4265,C,30,0,30
4266,C,28,0,28
4267,T,28,0,28
4268,G,28,0,28
4269,G,28,0,28
4270,A,28,0,28
4271,C,28,0,28
4272,A,28,0,28
4273,T,28,0,28
4274,A,29,0,29
4275,A,30,0,30
4276,C,29,0,29
4277,A,29,0,29
4278,A,29,0,29
4279,A,30,0,30
4280,A,30,0,30
4281,A,30,0,30
4282,C,31,0,31
4283,T,31,0,31
4284,C,31,0,31
4285,C,31,0,31
4286,C,33,0,33
4287,G,34,0,34
4288,G,35,0,35
4289,A,35,0,35
4290,A,34,0,34
4291,C,36,0,36
4292,T,36,0,36
4293,C,36,0,36
4294,C,36,0,36
4295,G,36,0,36
4296,G,36,0,36
4297,G,36,0,36
4298,T,35,0,35
4299,G,35,0,35
4300,A,35,0,35
4301,C,35,0,35
4302,A,35,0,35
4303,A,34,0,34
4304,T,36,0,36
4305,A,36,0,36
4306,A,35,0,35
4307,T,36,0,36
4308,T,36,0,36
4309,T,36,0,36
4310,T,36,0,36
4311,T,36,0,36
4312,T,36,0,36
4313,A,36,0,36
4314,C,36,0,36
4315,T,36,0,36
4316,C,37,0,37
4317,T,37,0,37
4318,C,37,0,37
4319,G,37,0,37
4320,A,37,0,37
4321,A,37,0,37
4322,C,37,0,37
4323,T,37,0,37
4324,T,37,0,37
4325,A,37,0,37
4326,G,37,0,37
4327,G,37,0,37
4328,G,37,0,37
4329,C,37,0,37
4330,T,37,0,37
4331,T,37,0,37
4332,T,37,0,37
4333,A,37,0,37
4334,T,36,0,36
4335,T,36,0,36
4336,T,36,0,36
4337,C,37,0,37
4338,C,37,0,37
4339,C,38,0,38
4340,G,37,0,37
4341,A,37,0,37
4342,T,37,0,37
4343,T,37,0,37
4344,G,37,0,37
4345,A,37,0,37
4346,T,37,0,37
4347,C,37,0,37
4348,G,38,0,38
4349,C,37,0,37
4350,T,37,0,37
4351,G,37,0,37
4352,C,37,0,37
4353,G,37,0,37
4354,T,37,0,37
4355,G,37,0,37
4356,G,36,0,36
4357,A,36,0,36
4358,C,36,0,36
4359,G,36,0,36
4360,A,36,0,36
4361,T,36,0,36
4362,C,37,0,37
4363,A,36,0,36
4364,A,36,0,36
4365,A,36,0,36
4366,A,36,0,36
4367,A,35,0,35
4368,T,36,0,36
4369,A,36,0,36
4370,C,36,0,36
4371,T,37,0,37
4372,T,37,0,37
4373,T,37,0,37
4374,T,37,0,37
4375,A,37,0,37
4376,A,37,0,37
4377,G,37,0,37
4378,G,38,0,38
4379,T,39,0,39
4380,A,40,0,40
4381,A,40,0,40
4382,T,40,0,40
4383,A,39,0,39
4384,A,40,0,40
4385,A,39,0,39
4386,G,39,0,39
4387,T,39,0,39
4388,A,39,0,39
4389,A,38,0,38
4390,T,38,0,38
4391,T,38,0,38
4392,T,38,0,38
4393,C,38,0,38
4394,A,37,0,37
4395,G,37,0,37
4396,A,37,0,37
4397,A,37,0,37
4398,A,36,0,36
4399,A,36,0,36
4400,T,36,0,36
4401,T,36,0,36
4402,G,36,0,36
4403,G,36,0,36
4404,C,36,0,36
4405,A,34,0,34
4406,A,33,0,33
4407,G,33,0,33
4408,A,33,0,33
4409,A,33,0,33
4410,A,33,0,33
4411,A,33,0,33
4412,A,33,0,33
4413,T,33,0,33
4414,A,32,0,32
4415,G,32,0,32
4416,C,31,0,31
4417,T,31,0,31
4418,A,31,0,31
4419,T,31,0,31
4420,T,31,0,31
4421,T,30,0,30
4422,A,30,0,30
4423,T,30,0,30
4424,T,29,0,29
4425,T,27,0,27
4426,A,27,0,27
4427,C,27,0,27
4428,A,27,0,27
4429,A,27,0,27
4430,A,27,0,27
4431,C,27,0,27
4432,C,26,0,26
4433,T,25,0,25
4434,T,25,0,25
4435,A,25,0,25
4436,T,25,0,25
4437,T,23,0,23
4438,T,22,0,22
4439,T,21,0,21
4440,T,21,0,21
4441,T,21,0,21
4442,A,19,0,19
4443,A,19,0,19
4444,T,19,0,19
4445,G,19,0,19
4446,A,19,0,19
4447,G,19,0,19
4448,A,19,0,19
4449,G,19,0,19
4450,G,20,0,20
4451,C,19,0,19
4452,T,19,0,19
4453,A,19,0,19
4454,C,19,0,19
4455,C,17,0,17
4456,G,17,0,17
4457,C,17,0,17
4458,C,18,0,18
4459,T,19,0,19
4460,C,19,0,19
4461,T,19,0,19
4462,C,20,0,20
4463,A,21,0,21
4464,A,21,0,21
4465,A,21,0,21
4466,C,22,0,22
4467,T,21,0,21
4468,C,21,0,21
4469,T,21,0,21
4470,C,21,0,21
4471,C,21,0,21
4472,G,21,0,21
4473,T,21,0,21
4474,A,21,0,21
4475,C,21,0,21
4476,G,21,0,21
4477,C,22,0,22
4478,T,22,0,22
4479,C,22,0,22
4480,A,22,0,22
4481,C,22,0,22
4482,C,21,0,21
4483,A,21,0,21
4484,A,21,0,21
4485,A,21,0,21
4486,A,21,0,21
4487,T,21,0,21
4488,C,20,0,20
4489,A,20,0,20
4490,T,19,0,19
4491,G,19,0,19
4492,A,19,0,19
4493,G,21,0,21
4494,A,21,0,21
4495,T,21,0,21
4496,C,21,0,21
4497,A,21,0,21
4498,G,22,0,22
4499,A,21,0,21
4500,C,22,0,22
4501,C,22,0,22
4502,C,22,0,22
4503,G,22,0,22
4504,C,22,0,22
4505,G,23,0,23
4506,T,23,0,23
4507,T,23,0,23
4508,T,23,0,23
4509,A,22,0,22
4510,A,22,0,22
4511,T,22,0,22
4512,G,22,0,22
4513,A,21,0,21
4514,G,21,0,21
4515,A,21,0,21
4516,G,21,0,21
4517,G,21,0,21
4518,A,21,0,21
4519,C,20,0,20
4520,T,20,0,20
4521,A,19,0,19
4522,A,18,0,18
4523,C,18,0,18
4524,A,18,0,18
4525,A,18,0,18
4526,G,18,0,18
4527,C,17,0,17
4528,C,16,0,16
4529,T,15,0,15
4530,T,15,0,15
4531,G,15,0,15
4532,G,15,0,15
4533,T,15,0,15
4534,T,15,0,15
4535,C,15,0,15
4536,T,15,0,15
4537,T,15,0,15
4538,A,15,0,15
4539,A,15,0,15
4540,G,16,0,16
4541,G,17,0,17
4542,T,17,0,17
4543,C,18,0,18
4544,A,18,0,18
4545,A,17,0,17
4546,G,17,0,17
4547,G,17,0,17
4548,A,17,0,17
4549,A,17,0,17
4550,A,17,0,17
4551,C,18,0,18
4552,C,18,0,18
4553,C,18,0,18
4554,C,18,0,18
4555,T,18,0,18
4556,A,18,0,18
4557,C,18,0,18
4558,G,18,0,18
4559,G,18,0,18
4560,G,18,0,18
4561,G,18,0,18
4562,C,19,0,19
4563,G,19,0,19
4564,C,19,0,19
4565,C,19,0,19
4566,T,19,0,19
4567,A,19,0,19
4568,A,19,0,19
4569,C,19,0,19
4570,G,20,0,20
4571,G,20,0,20
4572,C,20,0,20
4573,G,20,0,20
4574,T,20,0,20
4575,C,20,0,20
4576,C,20,0,20
4577,T,20,0,20
4578,G,20,0,20
4579,G,20,0,20
4580,A,20,0,20
4581,C,20,0,20
4582,C,20,0,20
4583,T,21,0,21
4584,A,22,0,22
4585,G,23,0,23
4586,A,23,0,23
4587,A,23,0,23
4588,C,23,0,23
4589,C,23,0,23
4590,A,23,0,23
4591,T,23,0,23
4592,A,23,0,23
4593,G,23,0,23
4594,A,23,0,23
4595,G,23,0,23
4596,G,23,0,23
4597,C,27,0,27
4598,T,27,0,27
4599,T,27,0,27
4600,G,27,0,27
4601,T,26,0,26
4602,T,25,0,25
4603,T,25,0,25
4604,T,26,0,26
4605,G,26,0,26
4606,T,26,0,26
4607,C,26,0,26
4608,C,27,0,27
4609,T,26,0,26
4610,T,25,0,25
4611,C,25,0,25
4612,T,25,0,25
4613,C,24,0,24
4614,A,24,0,24
4615,C,24,0,24
4616,G,24,0,24
4617,C,23,0,23
4618,G,23,0,23
4619,G,23,0,23
4620,C,23,0,23
4621,T,23,0,23
4622,C,23,0,23
4623,C,23,0,23
4624,G,23,0,23
4625,A,23,0,23
4626,A,23,0,23
4627,A,26,0,26
4628,T,25,0,25
4629,C,25,0,25
4630,A,25,0,25
4631,T,25,0,25
4632,G,27,0,27
4633,A,27,0,27
4634,T,27,0,27
4635,T,27,0,27
4636,A,27,0,27
4637,A,28,0,28
4638,A,28,0,28
4639,G,29,0,29
4640,G,29,0,29
4641,G,29,0,29
4642,G,29,0,29
4643,G,28,0,28
4644,A,26,0,26
4645,G,26,0,26
4646,C,26,0,26
4647,T,26,0,26
4648,A,26,0,26
4649,A,25,0,25
4650,T,25,0,25
4651,A,25,0,25
4652,A,26,0,26
4653,G,26,0,26
4654,G,27,0,27
4655,G,27,0,27
4656,C,26,0,26
4657,G,26,0,26
4658,C,26,0,26
4659,T,26,0,26
4660,A,26,0,26
4661,T,26,0,26
4662,A,27,0,27
4663,G,29,0,29
4664,T,29,0,29
4665,C,29,0,29
4666,A,30,0,30
4667,A,30,0,30
4668,A,30,0,30
4669,A,30,0,30
4670,A,31,0,31
4671,A,31,0,31
4672,A,31,0,31
4673,C,32,0,32
4674,A,34,0,34
4675,A,34,0,34
4676,A,35,0,35
4677,T,35,0,35
4678,A,35,0,35
4679,A,35,0,35
4680,A,36,0,36
4681,A,36,0,36
4682,A,35,0,35
4683,T,35,0,35
4684,T,33,0,33
4685,A,33,0,33
4686,T,33,0,33
4687,A,33,0,33
4688,A,33,0,33
4689,G,34,0,34
4690,G,34,0,34
4691,C,34,0,34
4692,A,33,0,33
4693,T,33,0,33
4694,T,33,0,33
4695,T,33,0,33
4696,T,33,0,33
4697,A,34,0,34
4698,T,35,0,35
4699,G,35,0,35
4700,A,36,0,36
4701,T,36,0,36
4702,C,36,0,36
4703,T,36,0,36
4704,A,37,0,37
4705,T,37,0,37
4706,A,37,0,37
4707,T,37,0,37
4708,A,37,0,37
4709,T,38,0,38
4710,T,38,0,38
4711,T,37,0,37
4712,G,37,0,37
4713,A,36,0,36
4714,A,36,0,36
4715,A,36,0,36
4716,A,36,0,36
4717,A,37,0,37
4718,T,38,0,38
4719,A,39,0,39
4720,T,39,0,39
4721,A,40,0,40
4722,G,41,0,41
4723,A,41,0,41
4724,A,41,0,41
4725,A,41,0,41
4726,A,41,0,41
4727,A,41,0,41
4728,A,41,0,41
4729,C,41,0,41
4730,A,42,0,42
4731,T,43,0,43
4732,C,44,0,44
4733,A,46,0,46
4734,A,45,0,45
4735,A,45,0,45
4736,A,44,0,44
4737,A,44,0,44
4738,A,46,0,46
4739,A,46,0,46
4740,G,46,0,46
4741,A,46,0,46
4742,T,45,0,45
4743,A,44,0,44
4744,A,44,0,44
4745,C,45,0,45
4746,A,45,0,45
4747,A,47,0,47
4748,A,45,0,45
4749,A,45,0,45
4750,T,45,0,45
4751,A,45,0,45
4752,G,45,0,45
4753,T,45,0,45
4754,T,45,0,45
4755,G,45,0,45
4756,A,46,0,46
4757,C,46,0,46
4758,A,46,0,46
4759,A,45,0,45
4760,T,46,0,46
4761,A,46,0,46
4762,A,46,0,46
4763,A,46,0,46
4764,C,44,0,44
4765,A,44,0,44
4766,G,44,0,44
4767,G,44,0,44
4768,T,44,0,44
4769,A,45,0,45
4770,T,46,0,46
4771,T,46,0,46
4772,T,46,0,46
4773,T,46,0,46
4774,G,46,0,46
4775,T,46,0,46
4776,T,46,0,46
4777,A,46,0,46
4778,T,45,0,45
4779,A,45,0,45
4780,T,45,0,45
4781,A,45,0,45
4782,A,45,0,45
4783,A,43,0,43
4784,T,43,0,43
4785,A,43,0,43
4786,C,43,0,43
4787,T,43,0,43
4788,C,42,0,42
4789,A,43,0,43
4790,A,46,0,46
4791,G,46,0,46
4792,T,45,0,45
4793,G,45,0,45
4794,A,45,0,45
4795,T,45,0,45
4796,C,45,0,45
4797,A,45,0,45
4798,A,45,0,45
4799,A,45,0,45
4800,A,45,0,45
4801,C,45,0,45
4802,A,45,0,45
4803,C,43,0,43
4804,T,43,0,43
4805,A,42,0,42
4806,A,42,0,42
4807,A,42,0,42
4808,C,41,0,41
4809,C,42,0,42
4810,T,42,0,42
4811,A,42,0,42
4812,A,42,0,42
4813,A,42,0,42
4814,G,41,0,41
4815,C,41,0,41
4816,G,41,0,41
4817,A,41,0,41
4818,A,41,0,41
4819,T,41,0,41
4820,G,41,0,41
4821,G,42,0,42
4822,A,42,0,42
4823,T,42,0,42
4824,T,41,0,41
4825,A,39,0,39
4826,C,39,0,39
4827,G,38,0,38
4828,A,39,0,39
4829,A,39,0,39
4830,A,39,0,39
4831,C,38,0,38
4832,A,38,0,38
4833,A,39,0,39
4834,T,39,0,39
4835,C,40,0,40
4836,T,40,0,40
4837,T,40,0,40
4838,T,40,0,40
4839,C,40,0,40
4840,T,39,0,39
4841,C,39,0,39
4842,T,39,0,39
4843,G,39,0,39
4844,C,39,0,39
4845,T,39,0,39
4846,T,39,0,39
4847,T,39,0,39
4848,T,38,0,38
4849,C,37,0,37
4850,A,37,0,37
4851,A,37,0,37
4852,A,37,0,37
4853,A,36,0,36
4854,A,35,0,35
4855,C,35,0,35
4856,T,35,0,35
4857,G,35,0,35
4858,A,34,0,34
4859,C,34,0,34
4860,T,33,0,33
4861,G,33,0,33
4862,T,34,0,34
4863,C,36,0,36
4864,T,36,0,36
4865,T,36,0,36
4866,T,37,0,37
4867,T,37,0,37
4868,A,37,0,37
4869,T,37,0,37
4870,G,35,0,35
4871,T,34,0,34
4872,T,34,0,34
4873,T,33,0,33
4874,A,33,0,33
4875,A,33,0,33
4876,A,33,0,33
4877,A,31,0,31
4878,A,29,0,29
4879,A,29,0,29
4880,C,29,0,29
4881,G,29,0,29
4882,T,28,0,28
4883,A,28,0,28
4884,T,28,0,28
4885,A,28,0,28
4886,A,31,0,31
4887,T,31,0,31
4888,G,31,0,31
4889,A,31,0,31
4890,T,31,0,31
4891,T,31,0,31
4892,T,32,0,32
4893,T,32,0,32
4894,G,32,0,32
4895,T,32,0,32
4896,C,31,0,31
4897,G,31,0,31
4898,G,29,0,29
4899,G,29,0,29
4900,T,31,0,31
4901,G,31,0,31
4902,T,31,0,31
4903,A,31,0,31
4904,G,31,0,31
4905,T,31,0,31
4906,T,32,0,32
4907,A,31,0,31
4908,T,31,0,31
4909,G,31,0,31
4910,T,31,0,31
4911,C,30,0,30
4912,A,30,0,30
4913,T,31,0,31
4914,A,31,0,31
4915,T,31,0,31
4916,A,32,0,32
4917,A,32,0,32
4918,T,32,0,32
4919,A,32,0,32
4920,C,31,0,31
4921,C,30,0,30
4922,C,31,0,31
4923,T,31,0,31
4924,T,31,0,31
4925,A,31,0,31
4926,C,31,0,31
4927,G,31,0,31
4928,G,31,0,31
4929,G,32,0,32
4930,G,32,0,32
4931,A,33,0,33
4932,A,32,0,32
4933,A,32,0,32
4934,G,32,0,32
4935,C,30,0,30
4936,A,30,0,30
4937,T,30,0,30
4938,A,30,0,30
4939,A,30,0,30
4940,C,29,0,29
4941,A,30,0,30
4942,A,30,0,30
4943,C,30,0,30
4944,A,30,0,30
4945,G,31,0,31
4946,A,31,0,31
4947,C,31,0,31
4948,T,31,0,31
4949,T,31,0,31
4950,T,32,0,32
4951,A,32,0,32
4952,G,33,0,33
4953,G,31,0,31
4954,C,31,0,31
4955,T,31,0,31
4956,G,31,0,31
4957,T,31,0,31
4958,G,32,0,32
4959,T,33,0,33
4960,T,33,0,33
4961,T,33,0,33
4962,T,33,0,33
4963,G,33,0,33
4964,A,32,0,32
4965,G,32,0,32
4966,C,30,0,30
4967,G,30,0,30
4968,C,30,0,30
4969,C,31,0,31
4970,C,31,0,31
4971,G,31,0,31
4972,G,31,0,31
4973,C,30,0,30
4974,A,30,0,30
4975,T,30,0,30
4976,C,30,0,30
4977,T,30,0,30
4978,T,30,0,30
4979,T,30,0,30
4980,A,30,0,30
4981,T,30,0,30
4982,A,30,0,30
4983,A,30,0,30
4984,G,30,0,30
4985,G,30,0,30
4986,T,30,0,30
4987,G,31,0,31
4988,T,30,0,30
4989,C,31,0,31
4990,A,32,0,32
4991,A,32,0,32
4992,T,32,0,32
4993,T,33,0,33
4994,C,33,0,33
4995,A,34,0,34
4996,A,34,0,34
4997,A,34,0,34
4998,A,33,0,33
4999,C,33,0,33
5000,T,35,0,35
5001,T,34,0,34
5002,T,34,0,34
5003,T,34,0,34
5004,T,34,0,34
5005,C,35,0,35
5006,C,35,0,35
5007,T,36,0,36
5008,A,36,0,36
5009,A,36,0,36
5010,A,36,0,36
5011,G,36,0,36
5012,G,35,0,35
5013,A,34,0,34
5014,G,33,0,33
5015,T,33,0,33
5016,T,33,0,33
5017,C,32,0,32
5018,A,32,0,32
5019,T,32,0,32
5020,T,31,0,31
5021,A,31,0,31
5022,T,30,0,30
5023,G,31,0,31
5024,A,32,0,32
5025,A,32,0,32
5026,C,32,0,32
5027,A,32,0,32
5028,C,33,0,33
5029,G,33,0,33
5030,A,33,0,33
5031,T,33,0,33
5032,C,33,0,33
5033,T,33,0,33
5034,C,33,0,33
5035,A,33,0,33
5036,A,33,0,33
5037,A,30,0,30
5038,A,30,0,30
5039,A,30,0,30
5040,A,30,0,30
5041,A,30,0,30
5042,T,30,0,30
5043,A,29,0,29
5044,T,29,0,29
5045,G,29,0,29
5046,A,29,0,29
5047,A,29,0,29
5048,T,29,0,29
5049,T,29,0,29
5050,T,31,0,31
5051,A,29,0,29
5052,C,30,0,30
5053,A,30,0,30
5054,A,30,0,30
5055,G,30,0,30
5056,T,31,0,31
5057,G,31,0,31
5058,A,32,0,32
5059,A,32,0,32
5060,A,32,0,32
5061,C,33,0,33
5062,C,34,0,34
5063,C,34,0,34
5064,A,33,0,33
5065,A,33,0,33
5066,C,33,0,33
5067,A,33,0,33
5068,A,33,0,33
5069,G,35,0,35
5070,T,35,0,35
5071,T,36,0,36
5072,G,36,0,36
5073,G,35,0,35
5074,T,35,0,35
5075,G,35,0,35
5076,A,35,0,35
5077,C,36,0,36
5078,C,35,0,35
5079,A,36,0,36
5080,T,36,0,36
5081,A,38,0,38
5082,C,38,0,38
5083,T,38,0,38
5084,C,38,0,38
5085,T,38,0,38
5086,T,40,0,40
5087,T,41,0,41
5088,A,41,0,41
5089,T,42,0,42
5090,C,42,0,42
5091,G,42,0,42
5092,C,40,0,40
5093,A,42,0,42
5094,T,42,0,42
5095,T,42,0,42
5096,C,42,0,42
5097,G,42,0,42
5098,T,44,0,44
5099,G,44,0,44
5100,C,45,0,45
5101,A,45,0,45
5102,T,45,0,45
5103,T,45,0,45
5104,A,45,0,45
5105,A,46,0,46
5106,G,45,0,45
5107,A,45,0,45
5108,G,47,0,47
5109,A,46,0,46
5110,T,46,0,46
5111,T,46,0,46
5112,T,47,0,47
5113,T,48,0,48
5114,G,48,0,48
5115,A,49,0,49
5116,T,49,0,49
5117,A,50,0,50
5118,A,51,0,51
5119,T,53,0,53
5120,A,53,0,53
5121,T,53,0,53
5122,A,53,0,53
5123,A,54,0,54
5124,A,55,0,55
5125,G,55,0,55
5126,A,56,0,56
5127,T,57,0,57
5128,T,60,0,60
5129,G,60,0,60
5130,G,60,0,60
5131,T,59,0,59
5132,G,59,0,59
5133,A,60,0,60
5134,T,60,0,60
5135,C,60,0,60
5136,T,61,0,61
5137,T,60,0,60
5138,G,59,0,59
5139,G,61,0,61
5140,T,62,0,62
5141,G,61,0,61
5142,G,62,0,62
5143,T,62,0,62
5144,T,62,0,62
5145,T,62,0,62
5146,T,62,0,62
5147,A,63,0,63
5148,T,63,0,63
5149,T,63,0,63
5150,G,64,0,64
5151,A,63,0,63
5152,A,63,0,63
5153,A,63,0,63
5154,A,63,0,63
5155,G,64,0,64
5156,G,63,0,63
5157,A,65,0,65
5158,A,65,0,65
5159,G,65,0,65
5160,A,65,0,65
5161,C,65,0,65
5162,A,66,0,66
5163,A,67,0,67
5164,T,68,0,68
5165,T,69,0,69
5166,T,70,0,70
5167,A,71,0,71
5168,T,71,0,71
5169,C,72,0,72
5170,T,73,0,73
5171,C,73,0,73
5172,A,74,0,74
5173,T,74,0,74
5174,G,74,0,74
5175,A,73,0,73
5176,A,73,0,73
5177,G,73,0,73
5178,G,74,0,74
5179,T,74,0,74
5180,A,74,0,74
5181,A,75,0,75
5182,T,76,0,76
5183,T,76,0,76
5184,G,78,0,78
5185,C,78,0,78
5186,T,78,0,78
5187,G,78,0,78
5188,G,78,0,78
5189,G,79,0,79
5190,T,80,0,80
5191,T,80,0,80
5192,A,82,0,82
5193,G,82,0,82
5194,T,85,0,85
5195,G,84,0,84
5196,A,85,0,85
5197,T,86,0,86
5198,G,86,0,86
5199,A,86,0,86
5200,T,87,0,87
5201,G,84,0,84
5202,C,84,0,84
5203,G,84,0,84
5204,T,84,0,84
5205,G,84,0,84
5206,G,84,0,84
5207,G,84,0,84
5208,T,83,0,83
5209,T,83,0,83
5210,T,83,0,83
5211,A,84,0,84
5212,T,85,0,85
5213,G,84,0,84
5214,G,85,0,85
5215,T,84,0,84
5216,G,85,0,85
5217,A,86,0,86
5218,T,85,0,85
5219,G,85,0,85
5220,G,83,0,83
5221,T,83,0,83
5222,C,82,0,82
5223,G,82,0,82
5224,T,83,0,83
5225,G,83,0,83
5226,T,84,0,84
5227,T,84,0,84
5228,T,83,0,83
5229,A,83,0,83
5230,T,84,0,84
5231,G,84,0,84
5232,A,82,0,82
5233,A,81,0,81
5234,A,82,0,82
5235,A,82,0,82
5236,T,82,0,82
5237,G,80,0,80
5238,C,81,0,81
5239,T,81,0,81
5240,A,80,0,80
5241,T,80,0,80
5242,T,81,0,81
5243,A,81,0,81
5244,T,80,0,80
5245,T,80,0,80
5246,T,81,0,81
5247,G,81,0,81
5248,T,79,0,79
5249,G,77,0,77
5250,A,77,0,77
5251,T,76,0,76
5252,A,75,0,75
5253,A,76,0,76
5254,T,77,0,77
5255,G,77,0,77
5256,C,78,0,78
5257,C,78,0,78
5258,A,78,0,78
5259,T,76,0,76
5260,T,76,0,76
5261,G,76,0,76
5262,T,76,0,76
5263,T,76,0,76
5264,T,75,0,75
5265,G,72,0,72
5266,T,71,0,71
5267,G,70,0,70
5268,G,69,0,69
5269,T,68,0,68
5270,C,67,0,67
5271,A,66,0,66
5272,T,66,0,66
5273,G,66,0,66
5274,T,66,0,66
5275,T,66,0,66
5276,T,66,0,66
5277,A,66,0,66
5278,T,65,0,65
5279,G,66,0,66
5280,G,67,0,67
5281,C,67,0,67
5282,A,68,0,68
5283,A,66,0,66
5284,T,65,0,65
5285,G,64,0,64
5286,C,64,0,64
5287,T,63,0,63
5288,C,63,0,63
5289,A,63,0,63
5290,T,61,0,61
5291,G,62,0,62
5292,T,63,0,63
5293,A,63,0,63
5294,T,63,0,63
5295,G,63,0,63
5296,T,61,0,61
5297,G,61,0,61
5298,A,61,0,61
5299,T,62,0,62
5300,A,61,0,61
5301,A,60,0,60
5302,A,60,0,60
5303,A,59,0,59
5304,G,59,0,59
5305,C,59,0,59
5306,C,58,0,58
5307,G,58,0,58
5308,T,57,0,57
5309,G,58,0,58
5310,T,57,0,57
5311,T,57,0,57
5312,T,57,0,57
5313,A,57,0,57
5314,T,57,0,57
5315,A,56,0,56
5316,C,55,0,55
5317,G,54,0,54
5318,A,53,0,53
5319,A,53,0,53
5320,T,53,0,53
5321,G,52,0,52
5322,C,52,0,52
5323,A,51,0,51
5324,T,51,0,51
5325,G,50,0,50
5326,T,48,0,48
5327,G,49,0,49
5328,T,49,0,49
5329,T,48,0,48
5330,T,47,0,47
5331,A,47,0,47
5332,T,45,0,45
5333,G,45,0,45
5334,A,45,0,45
5335,A,44,0,44
5336,A,44,0,44
5337,A,45,0,45
5338,T,46,0,46
5339,G,46,0,46
5340,C,48,0,48
5341,T,50,0,50
5342,C,51,0,51
5343,G,50,0,50
5344,T,47,0,47
5345,A,47,0,47
5346,T,47,0,47
5347,T,46,0,46
5348,T,46,0,46
5349,C,45,0,45
5350,C,45,0,45
5351,T,46,0,46
5352,A,46,0,46
5353,T,46,0,46
5354,C,45,0,45
5355,A,46,0,46
5356,A,49,0,49
5357,G,49,0,49
5358,C,48,0,48
5359,T,48,0,48
5360,T,50,0,50
5361,G,50,0,50
5362,G,51,0,51
5363,G,51,0,51
5364,T,49,0,49
5365,G,48,0,48
5366,T,48,0,48
5367,A,48,0,48
5368,T,48,0,48
5369,A,48,0,48
5370,A,48,0,48
5371,T,50,0,50
5372,A,50,0,50
5373,G,50,0,50
5374,T,50,0,50
5375,G,51,0,51
5376,C,52,0,52
5377,T,52,0,52
5378,A,52,0,52
5379,G,52,0,52
5380,G,52,0,52
5381,G,49,0,49
5382,T,48,0,48
5383,T,49,0,49
5384,T,51,0,51
5385,A,50,0,50
5386,C,50,0,50
5387,G,50,0,50
5388,G,50,0,50
5389,A,50,0,50
5390,C,50,0,50
5391,A,51,0,51
5392,T,52,0,52
5393,G,51,0,51
5394,C,51,0,51
5395,A,52,0,52
5396,A,52,0,52
5397,A,51,0,51
5398,A,50,0,50
5399,T,50,0,50
5400,T,50,0,50
5401,A,51,0,51
5402,T,51,0,51
5403,C,51,0,51
5404,G,50,0,50
5405,G,48,0,48
5406,G,48,0,48
5407,A,48,0,48
5408,A,48,0,48
5409,G,48,0,48
5410,T,47,0,47
5411,G,47,0,47
5412,C,47,0,47
5413,A,47,0,47
5414,C,47,0,47
5415,G,47,0,47
5416,T,48,0,48
5417,A,48,0,48
5418,T,48,0,48
5419,T,47,0,47
5420,C,49,0,49
5421,A,51,0,51
5422,T,51,0,51
5423,A,51,0,51
5424,G,51,0,51
5425,A,51,0,51
5426,A,51,0,51
5427,A,50,0,50
5428,T,51,0,51
5429,G,52,0,52
5430,C,51,0,51
5431,G,50,0,50
5432,G,50,0,50
5433,A,49,0,49
5434,G,49,0,49
5435,G,51,0,51
5436,T,51,0,51
5437,T,50,0,50
5438,T,50,0,50
5439,A,50,0,50
5440,T,50,0,50
5441,G,50,0,50
5442,A,49,0,49
5443,T,48,0,48
5444,C,48,0,48
5445,A,48,0,48
5446,T,50,0,50
5447,G,50,0,50
5448,C,50,0,50
5449,T,49,0,49
5450,G,49,0,49
5451,T,50,0,50
5452,T,50,0,50
5453,G,50,0,50
5454,T,50,0,50
5455,T,50,0,50
5456,A,50,0,50
5457,G,50,0,50
5458,T,50,0,50
5459,G,49,0,49
5460,G,48,0,48
5461,T,48,0,48
5462,G,48,0,48
5463,C,49,0,49
5464,A,49,0,49
5465,G,49,0,49
5466,C,49,0,49
5467,G,49,0,49
5468,A,48,0,48
5469,A,47,0,47
5470,A,48,0,48
5471,A,48,0,48
5472,T,48,0,48
5473,T,48,0,48
5474,T,48,0,48
5475,A,48,0,48
5476,T,49,0,49
5477,G,49,0,49
5478,G,49,0,49
5479,T,49,0,49
5480,A,50,0,50
5481,A,50,0,50
5482,G,50,0,50
5483,G,50,0,50
5484,T,49,0,49
5485,T,50,0,50
5486,T,49,0,49
5487,A,50,0,50
5488,T,49,0,49
5489,G,48,0,48
5490,G,48,0,48
5491,G,47,0,47
5492,A,45,0,45
5493,A,45,0,45
5494,T,44,0,44
5495,G,44,0,44
5496,C,44,0,44
5497,T,44,0,44
5498,A,44,0,44
5499,G,44,0,44
5500,C,44,0,44
5501,G,44,0,44
5502,T,42,0,42
5503,A,43,0,43
5504,G,43,0,43
5505,G,43,0,43
5506,G,42,0,42
5507,T,39,0,39
5508,G,40,0,40
5509,T,41,0,41
5510,C,42,0,42
5511,A,40,0,40
5512,T,40,0,40
5513,A,39,0,39
5514,C,40,0,40
5515,T,40,0,40
5516,G,40,0,40
5517,A,40,0,40
5518,T,40,0,40
5519,G,39,0,39
5520,T,39,0,39
5521,T,38,0,38
5522,T,37,0,37
5523,A,37,0,37
5524,T,38,0,38
5525,G,38,0,38
5526,G,36,0,36
5527,C,36,0,36
5528,T,35,0,35
5529,C,35,0,35
5530,T,35,0,35
5531,G,35,0,35
5532,T,35,0,35
5533,T,35,0,35
5534,T,34,0,34
5535,A,32,0,32
5536,T,32,0,32
5537,G,32,0,32
5538,G,32,0,32
5539,C,32,0,32
5540,A,32,0,32
5541,A,32,0,32
5542,T,32,0,32
5543,G,31,0,31
5544,C,32,0,32
5545,A,32,0,32
5546,A,31,0,31
5547,A,31,0,31
5548,G,31,0,31
5549,A,31,0,31
5550,T,31,0,31
5551,T,31,0,31
5552,T,31,0,31
5553,C,31,0,31
5554,T,31,0,31
5555,G,32,0,32
5556,G,30,0,30
5557,T,30,0,30
5558,T,28,0,28
5559,A,28,0,28
5560,T,27,0,27
5561,T,28,0,28
5562,T,28,0,28
5563,C,28,0,28
5564,A,28,0,28
5565,T,28,0,28
5566,A,28,0,28
5567,A,28,0,28
5568,T,29,0,29
5569,T,29,0,29
5570,A,29,0,29
5571,A,29,0,29
5572,A,29,0,29
5573,G,30,0,30
5574,G,30,0,30
5575,T,30,0,30
5576,A,30,0,30
5577,A,30,0,30
5578,T,30,0,30
5579,G,29,0,29
5580,T,28,0,28
5581,A,28,0,28
5582,T,29,0,29
5583,A,29,0,29
5584,T,29,0,29
5585,G,26,0,26
5586,G,26,0,26
5587,C,26,0,26
5588,A,26,0,26
5589,A,26,0,26
5590,T,26,0,26
5591,G,26,0,26
5592,C,26,0,26
5593,A,26,0,26
5594,A,26,0,26
5595,A,26,0,26
5596,T,26,0,26
5597,A,25,0,25
5598,T,25,0,25
5599,A,25,0,25
5600,A,25,0,25
5601,A,24,0,24
5602,A,24,0,24
5603,A,24,0,24
5604,G,24,0,24
5605,A,24,0,24
5606,C,24,0,24
5607,G,24,0,24
5608,G,24,0,24
5609,A,24,0,24
5610,G,24,0,24
5611,C,24,0,24
5612,C,24,0,24
5613,G,24,0,24
5614,T,23,0,23
5615,A,23,0,23
5616,T,23,0,23
5617,A,23,0,23
5618,A,23,0,23
5619,C,23,0,23
5620,T,23,0,23
5621,T,22,0,22
5622,T,22,0,22
5623,G,23,0,23
5624,G,23,0,23
5625,T,23,0,23
5626,T,24,0,24
5627,C,23,0,23
5628,C,23,0,23
5629,T,23,0,23
5630,A,23,0,23
5631,T,22,0,22
5632,A,21,0,21
5633,A,21,0,21
5634,A,21,0,21
5635,T,21,0,21
5636,T,20,0,20
5637,G,20,0,20
5638,T,19,0,19
5639,G,19,0,19
5640,A,19,0,19
5641,A,19,0,19
5642,G,19,0,19
5643,T,19,0,19
5644,T,19,0,19
5645,T,19,0,19
5646,A,19,0,19
5647,T,19,0,19
5648,G,19,0,19
5649,A,19,0,19
5650,A,19,0,19
5651,A,19,0,19
5652,G,19,0,19
5653,C,20,0,20
5654,G,21,0,21
5655,A,21,0,21
5656,T,21,0,21
5657,A,21,0,21
5658,A,21,0,21
5659,C,20,0,20
5660,A,19,0,19
5661,T,18,0,18
5662,T,18,0,18
5663,G,18,0,18
5664,T,17,0,17
5665,T,16,0,16
5666,A,16,0,16
5667,A,16,0,16
5668,A,16,0,16
5669,A,16,0,16
5670,C,16,0,16
5671,G,16,0,16
5672,G,17,0,17
5673,T,17,0,17
5674,T,18,0,18
5675,G,18,0,18
5676,C,17,0,17
5677,T,17,0,17
5678,G,17,0,17
5679,C,17,0,17
5680,A,17,0,17
5681,G,17,0,17
5682,C,17,0,17
5683,A,17,0,17
5684,G,17,0,17
5685,C,17,0,17
5686,A,18,0,18
5687,T,18,0,18
5688,A,17,0,17
5689,A,17,0,17
5690,A,17,0,17
5691,T,19,0,19
5692,A,19,0,19
5693,A,18,0,18
5694,T,18,0,18
5695,A,17,0,17
5696,G,17,0,17
5697,G,17,0,17
5698,T,17,0,17
5699,G,17,0,17
5700,T,17,0,17
5701,G,17,0,17
5702,G,18,0,18
5703,G,19,0,19
5704,G,20,0,20
5705,G,19,0,19
5706,C,17,0,17
5707,A,17,0,17
5708,C,17,0,17
5709,C,17,0,17
5710,T,17,0,17
5711,A,17,0,17
5712,A,17,0,17
5713,T,17,0,17
5714,T,17,0,17
5715,T,17,0,17
5716,G,17,0,17
5717,T,17,0,17
5718,A,17,0,17
5719,A,16,0,16
5720,A,16,0,16
5721,G,18,0,18
5722,A,18,0,18
5723,G,18,0,18
5724,A,19,0,19
5725,A,20,0,20
5726,A,21,0,21
5727,A,21,0,21
5728,A,21,0,21
5729,A,21,0,21
5730,A,21,0,21
5731,G,23,0,23
5732,T,23,0,23
5733,C,22,0,22
5734,G,22,0,22
5735,C,23,0,23
5736,A,23,0,23
5737,T,23,0,23
5738,C,23,0,23
5739,A,24,0,24
5740,T,25,0,25
5741,A,25,0,25
5742,A,25,0,25
5743,A,25,0,25
5744,G,25,0,25
5745,A,25,0,25
5746,T,25,0,25
5747,G,25,0,25
5748,C,25,0,25
5749,G,25,0,25
5750,G,25,0,25
5751,C,25,0,25
5752,T,25,0,25
5753,T,27,0,27
5754,C,27,0,27
5755,A,27,0,27
5756,T,27,0,27
5757,T,27,0,27
5758,G,29,0,29
5759,C,29,0,29
5760,A,29,0,29
5761,A,29,0,29
5762,G,29,0,29
5763,A,29,0,29
5764,A,29,0,29
5765,G,29,0,29
5766,T,29,0,29
5767,A,30,0,30
5768,A,31,0,31
5769,A,31,0,31
5770,C,31,0,31
5771,A,31,0,31
5772,C,32,0,32
5773,T,33,0,33
5774,G,32,0,32
5775,A,33,0,33
5776,A,33,0,33
5777,G,32,0,32
5778,A,32,0,32
5779,A,33,0,33
5780,G,34,0,34
5781,A,34,0,34
5782,A,34,0,34
5783,T,34,0,34
5784,T,34,0,34
5785,T,35,0,35
5786,T,35,0,35
5787,T,35,0,35
5788,A,35,0,35
5789,A,35,0,35
5790,A,35,0,35
5791,A,35,0,35
5792,T,36,0,36
5793,A,36,0,36
5794,T,36,0,36
5795,T,36,0,36
5796,A,36,0,36
5797,A,36,0,36
5798,T,38,0,38
5799,T,38,0,38
5800,T,39,0,39
5801,A,39,0,39
5802,T,39,0,39
5803,A,39,0,39
5804,T,38,0,38
5805,A,36,0,36
5806,A,37,0,37
5807,T,38,0,38
5808,A,38,0,38
5809,A,39,0,39
5810,T,39,0,39
5811,G,39,0,39
5812,A,39,0,39
5813,A,39,0,39
5814,T,39,0,39
5815,T,39,0,39
5816,A,39,0,39
5817,T,39,0,39
5818,A,39,0,39
5819,A,39,0,39
5820,G,39,0,39
5821,A,38,0,38
5822,G,37,0,37
5823,C,38,0,38
5824,A,39,0,39
5825,A,39,0,39
5826,A,39,0,39
5827,A,39,0,39
5828,A,38,0,38
5829,G,38,0,38
5830,A,38,0,38
5831,C,38,0,38
5832,A,39,0,39
5833,G,39,0,39
5834,A,41,0,41
5835,G,41,0,41
5836,A,41,0,41
5837,A,42,0,42
5838,C,42,0,42
5839,A,42,0,42
5840,T,42,0,42
5841,T,42,0,42
5842,T,42,0,42
5843,G,42,0,42
5844,C,42,0,42
5845,T,42,0,42
5846,A,42,0,42
5847,A,42,0,42
5848,T,42,0,42
5849,A,43,0,43
5850,A,42,0,42
5851,A,42,0,42
5852,C,43,0,43
5853,T,42,0,42
5854,A,41,0,41
5855,G,41,0,41
5856,C,41,0,41
5857,A,41,0,41
5858,C,41,0,41
5859,C,41,0,41
5860,T,41,0,41
5861,A,41,0,41
5862,T,40,0,40
5863,T,40,0,40
5864,A,41,0,41
5865,A,41,0,41
5866,T,41,0,41
5867,A,42,0,42
5868,T,42,0,42
5869,G,42,0,42
5870,C,41,0,41
5871,C,41,0,41
5872,A,40,0,40
5873,T,40,0,40
5874,A,40,0,40
5875,A,40,0,40
5876,T,39,0,39
5877,T,38,0,38
5878,T,39,0,39
5879,T,39,0,39
5880,T,40,0,40
5881,G,40,0,40
5882,A,39,0,39
5883,T,39,0,39
5884,T,39,0,39
5885,T,39,0,39
5886,T,38,0,38
5887,T,38,0,38
5888,T,38,0,38
5889,T,38,0,38
5890,T,37,0,37
5891,A,36,0,36
5892,A,36,0,36
5893,A,36,0,36
5894,A,37,0,37
5895,A,38,0,38
5896,T,38,0,38
5897,C,38,0,38
5898,T,38,0,38
5899,T,39,0,39
5900,T,39,0,39
5901,C,39,0,39
5902,T,39,0,39
5903,G,39,0,39
5904,T,37,0,37
5905,G,37,0,37
5906,T,37,0,37
5907,T,37,0,37
5908,T,37,0,37
5909,T,36,0,36
5910,C,36,0,36
5911,A,36,0,36
5912,T,36,0,36
5913,C,36,0,36
5914,T,36,0,36
5915,A,38,0,38
5916,T,38,0,38
5917,A,39,0,39
5918,T,38,0,38
5919,T,37,0,37
5920,A,38,0,38
5921,G,38,0,38
5922,A,38,0,38
5923,T,40,0,40
5924,T,39,0,39
5925,T,40,0,40
5926,T,39,0,39
5927,A,39,0,39
5928,C,39,0,39
5929,A,39,0,39
5930,G,38,0,38
5931,T,37,0,37
5932,A,37,0,37
5933,G,37,0,37
5934,A,37,0,37
5935,C,37,0,37
5936,A,34,0,34
5937,T,35,0,35
5938,T,35,0,35
5939,T,36,0,36
5940,T,37,0,37
5941,A,37,0,37
5942,G,37,0,37
5943,A,36,0,36
5944,T,37,0,37
5945,A,35,0,35
5946,A,35,0,35
5947,T,35,0,35
5948,G,35,0,35
5949,A,35,0,35
5950,T,35,0,35
5951,A,35,0,35
5952,T,35,0,35
5953,T,35,0,35
5954,T,35,0,35
5955,C,35,0,35
5956,A,36,0,36
5957,T,34,0,34
5958,A,35,0,35
5959,T,35,0,35
5960,A,35,0,35
5961,A,36,0,36
5962,T,36,0,36
5963,C,37,0,37
5964,T,37,0,37
5965,C,38,0,38
5966,A,38,0,38
5967,T,38,0,38
5968,T,38,0,38
5969,T,37,0,37
5970,G,37,0,37
5971,T,37,0,37
5972,T,37,0,37
5973,C,37,0,37
5974,G,36,0,36
5975,G,36,0,36
5976,A,36,0,36
5977,A,36,0,36
5978,A,36,0,36
5979,T,36,0,36
5980,A,37,0,37
5981,G,37,0,37
5982,A,37,0,37
5983,A,37,0,37
5984,T,37,0,37
5985,T,35,0,35
5986,C,36,0,36
5987,A,36,0,36
5988,A,37,0,37
5989,G,37,0,37
5990,T,37,0,37
5991,T,37,0,37
5992,T,38,0,38
5993,T,38,0,38
5994,T,38,0,38
5995,A,38,0,38
5996,T,39,0,39
5997,T,39,0,39
5998,G,39,0,39
5999,A,39,0,39
6000,T,39,0,39
6001,T,39,0,39
6002,T,39,0,39
6003,C,38,0,38
6004,T,40,0,40
6005,T,41,0,41
6006,C,40,0,40
6007,G,41,0,41
6008,C,45,0,45
6009,T,45,0,45
6010,G,44,0,44
6011,A,44,0,44
6012,T,44,0,44
6013,T,44,0,44
6014,T,44,0,44
6015,C,45,0,45
6016,T,45,0,45
6017,T,45,0,45
6018,T,44,0,44
6019,A,44,0,44
6020,T,44,0,44
6021,T,44,0,44
6022,T,45,0,45
6023,A,45,0,45
6024,T,45,0,45
6025,A,46,0,46
6026,T,46,0,46
6027,A,47,0,47
6028,T,47,0,47
6029,G,46,0,46
6030,T,47,0,47
6031,G,46,0,46
6032,G,46,0,46
6033,C,46,0,46
6034,C,47,0,47
6035,G,47,0,47
6036,C,47,0,47
6037,T,47,0,47
6038,T,47,0,47
6039,C,47,0,47
6040,A,47,0,47
6041,G,47,0,47
6042,T,47,0,47
6043,T,48,0,48
6044,A,49,0,49
6045,T,48,0,48
6046,T,47,0,47
6047,A,46,0,46
6048,A,46,0,46
6049,T,46,0,46
6050,T,45,0,45
6051,T,44,0,44
6052,T,44,0,44
6053,C,44,0,44
6054,C,45,0,45
6055,A,45,0,45
6056,G,45,0,45
6057,C,45,0,45
6058,T,45,0,45
6059,G,44,0,44
6060,T,44,0,44
6061,T,45,0,45
6062,T,45,0,45
6063,T,45,0,45
6064,T,45,0,45
6065,T,45,0,45
6066,T,44,0,44
6067,T,45,0,45
6068,T,44,0,44
6069,C,44,0,44
6070,C,45,0,45
6071,T,44,0,44
6072,C,45,0,45
6073,C,46,0,46
6074,T,44,0,44
6075,C,44,0,44
6076,T,42,0,42
6077,A,43,0,43
6078,C,44,0,44
6079,C,44,0,44
6080,A,44,0,44
6081,T,44,0,44
6082,A,43,0,43
6083,G,45,0,45
6084,C,44,0,44
6085,A,44,0,44
6086,T,44,0,44
6087,T,44,0,44
6088,A,43,0,43
6089,C,43,0,43
6090,G,43,0,43
6091,C,44,0,44
6092,G,44,0,44
6093,C,44,0,44
6094,A,44,0,44
6095,G,45,0,45
6096,T,45,0,45
6097,T,46,0,46
6098,A,46,0,46
6099,A,46,0,46
6100,A,46,0,46
6101,A,48,0,48
6102,T,49,0,49
6103,G,48,0,48
6104,T,49,0,49
6105,A,49,0,49
6106,A,48,0,48
6107,T,48,0,48
6108,T,49,0,49
6109,G,48,0,48
6110,A,49,0,49
6111,T,49,0,49
6112,C,50,0,50
6113,A,51,0,51
6114,T,51,0,51
6115,T,51,0,51
6116,T,50,0,50
6117,G,50,0,50
6118,A,50,0,50
6119,T,50,0,50
6120,T,50,0,50
6121,T,50,0,50
6122,T,51,0,51
6123,G,51,0,51
6124,A,51,0,51
6125,T,50,0,50
6126,T,49,0,49
6127,T,49,0,49
6128,T,49,0,49
6129,C,49,0,49
6130,G,49,0,49
6131,T,49,0,49
6132,G,48,0,48
6133,T,47,0,47
6134,A,47,0,47
6135,G,47,0,47
6136,T,48,0,48
6137,G,49,0,49
6138,T,48,0,48
6139,T,47,0,47
6140,T,47,0,47
6141,T,47,0,47
6142,T,47,0,47
6143,A,45,0,45
6144,A,44,0,44
6145,A,44,0,44
6146,G,44,0,44
6147,C,42,0,42
6148,T,42,0,42
6149,G,43,0,43
6150,A,43,0,43
6151,A,42,0,42
6152,T,43,0,43
6153,C,43,0,43
6154,C,45,0,45
6155,A,43,0,43
6156,A,44,0,44
6157,C,44,0,44
6158,A,43,0,43
6159,T,40,0,40
6160,T,40,0,40
6161,A,40,0,40
6162,T,40,0,40
6163,A,40,0,40
6164,T,40,0,40
6165,C,40,0,40
6166,A,40,0,40
6167,G,41,0,41
6168,A,42,0,42
6169,T,42,0,42
6170,A,41,0,41
6171,A,41,0,41
6172,A,41,0,41
6173,A,42,0,42
6174,A,43,0,43
6175,A,43,0,43
6176,A,43,0,43
6177,C,43,0,43
6178,G,42,0,42
6179,G,44,0,44
6180,T,44,0,44
6181,C,44,0,44
6182,A,44,0,44
6183,T,45,0,45
6184,G,45,0,45
6185,A,44,0,44
6186,G,44,0,44
6187,A,44,0,44
6188,A,45,0,45
6189,T,45,0,45
6190,T,46,0,46
6191,G,47,0,47
6192,G,47,0,47
6193,A,48,0,48
6194,T,47,0,47
6195,C,46,0,46
6196,A,46,0,46
6197,T,46,0,46
6198,T,46,0,46
6199,T,46,0,46
6200,G,46,0,46
6201,G,46,0,46
6202,T,47,0,47
6203,G,49,0,49
6204,G,49,0,49
6205,A,48,0,48
6206,A,48,0,48
6207,T,50,0,50
6208,A,50,0,50
6209,A,50,0,50
6210,G,50,0,50
6211,T,50,0,50
6212,T,49,0,49
6213,G,49,0,49
6214,A,49,0,49
6215,T,49,0,49
6216,T,49,0,49
6217,A,49,0,49
6218,A,49,0,49
6219,A,49,0,49
6220,T,49,0,49
6221,T,47,0,47
6222,C,47,0,47
6223,T,46,0,46
6224,T,45,0,45
6225,T,47,0,47
6226,A,46,0,46
6227,G,46,0,46
6228,T,46,0,46
6229,T,46,0,46
6230,A,46,0,46
6231,T,46,0,46
6232,T,46,0,46
6233,T,46,0,46
6234,T,45,0,45
6235,T,45,0,45
6236,T,45,0,45
6237,G,45,0,45
6238,C,44,0,44
6239,C,45,0,45
6240,G,44,0,44
6241,A,45,0,45
6242,A,45,0,45
6243,T,45,0,45
6244,G,45,0,45
6245,G,45,0,45
6246,C,44,0,44
6247,G,44,0,44
6248,T,42,0,42
6249,C,45,0,45
6250,A,45,0,45
6251,A,45,0,45
6252,T,43,0,43
6253,A,43,0,43
6254,T,43,0,43
6255,C,42,0,42
6256,A,42,0,42
6257,A,42,0,42
6258,C,42,0,42
6259,G,41,0,41
6260,G,41,0,41
6261,A,41,0,41
6262,C,41,0,41
6263,A,40,0,40
6264,T,40,0,40
6265,T,40,0,40
6266,T,40,0,40
6267,T,42,0,42
6268,A,42,0,42
6269,T,42,0,42
6270,A,42,0,42
6271,T,42,0,42
6272,T,42,0,42
6273,C,41,0,41
6274,C,41,0,41
6275,T,41,0,41
6276,G,41,0,41
6277,G,41,0,41
6278,A,41,0,41
6279,A,42,0,42
6280,T,42,0,42
6281,A,42,0,42
6282,T,41,0,41
6283,T,41,0,41
6284,A,41,0,41
6285,T,41,0,41
6286,C,41,0,41
6287,T,40,0,40
6288,A,39,0,39
6289,T,39,0,39
6290,T,39,0,39
6291,T,39,0,39
6292,G,39,0,39
6293,G,39,0,39
6294,T,40,0,40
6295,T,40,0,40
6296,A,40,0,40
6297,A,40,0,40
6298,A,40,0,40
6299,T,40,0,40
6300,A,39,0,39
6301,A,39,0,39
6302,C,39,0,39
6303,A,40,0,40
6304,T,42,0,42
6305,G,40,0,40
6306,C,40,0,40
6307,T,39,0,39
6308,T,39,0,39
6309,T,38,0,38
6310,T,39,0,39
6311,G,41,0,41
6312,A,41,0,41
6313,C,41,0,41
6314,G,42,0,42
6315,C,42,0,42
6316,G,42,0,42
6317,T,41,0,41
6318,G,40,0,40
6319,C,38,0,38
6320,T,38,0,38
6321,A,38,0,38
6322,A,39,0,39
6323,T,39,0,39
6324,C,38,0,38
6325,G,39,0,39
6326,G,39,0,39
6327,C,39,0,39
6328,T,40,0,40
6329,T,41,0,41
6330,T,39,0,39
6331,T,39,0,39
6332,A,39,0,39
6333,G,39,0,39
6334,C,38,0,38
6335,C,39,0,39
6336,A,39,0,39
6337,T,39,0,39
6338,A,40,0,40
6339,A,39,0,39
6340,T,41,0,41
6341,A,40,0,40
6342,C,39,0,39
6343,T,39,0,39
6344,A,38,0,38
6345,A,38,0,38
6346,A,38,0,38
6347,T,38,0,38
6348,T,38,0,38
6349,C,38,0,38
6350,G,38,0,38
6351,T,37,0,37
6352,T,37,0,37
6353,T,36,0,36
6354,G,35,0,35
6355,A,35,0,35
6356,A,36,0,36
6357,T,36,0,36
6358,T,34,0,34
6359,T,34,0,34
6360,G,34,0,34
6361,T,35,0,35
6362,A,35,0,35
6363,A,36,0,36
6364,T,36,0,36
6365,T,36,0,36
6366,T,37,0,37
6367,C,37,0,37
6368,G,38,0,38
6369,T,37,0,37
6370,T,37,0,37
6371,A,37,0,37
6372,A,38,0,38
6373,A,39,0,39
6374,G,40,0,40
6375,G,41,0,41
6376,T,39,0,39
6377,T,39,0,39
6378,A,39,0,39
6379,A,38,0,38
6380,T,38,0,38
6381,C,39,0,39
6382,T,40,0,40
6383,T,40,0,40
6384,T,40,0,40
6385,T,40,0,40
6386,A,40,0,40
6387,T,41,0,41
6388,C,41,0,41
6389,A,41,0,41
6390,A,41,0,41
6391,G,41,0,41
6392,C,40,0,40
6393,A,40,0,40
6394,T,40,0,40
6395,T,40,0,40
6396,G,41,0,41
6397,T,41,0,41
6398,T,41,0,41
6399,T,41,0,41
6400,T,40,0,40
6401,G,40,0,40
6402,A,40,0,40
6403,T,40,0,40
6404,A,40,0,40
6405,T,40,0,40
6406,C,40,0,40
6407,T,40,0,40
6408,T,40,0,40
6409,C,40,0,40
6410,G,40,0,40
6411,C,40,0,40
6412,C,41,0,41
6413,A,41,0,41
6414,A,41,0,41
6415,A,41,0,41
6416,A,41,0,41
6417,G,41,0,41
6418,T,39,0,39
6419,T,39,0,39
6420,G,39,0,39
6421,T,42,0,42
6422,A,43,0,43
6423,G,44,0,44
6424,A,44,0,44
6425,T,45,0,45
6426,G,46,0,46
6427,T,46,0,46
6428,T,45,0,45
6429,T,44,0,44
6430,G,45,0,45
6431,T,45,0,45
6432,C,45,0,45
6433,G,45,0,45
6434,T,45,0,45
6435,G,45,0,45
6436,G,45,0,45
6437,A,45,0,45
6438,A,45,0,45
6439,T,44,0,44
6440,T,44,0,44
6441,G,44,0,44
6442,T,44,0,44
6443,A,44,0,44
6444,A,44,0,44
6445,C,43,0,43
6446,A,42,0,42
6447,A,43,0,43
6448,T,43,0,43
6449,A,44,0,44
6450,G,44,0,44
6451,C,44,0,44
6452,T,44,0,44
6453,G,42,0,42
6454,A,41,0,41
6455,A,40,0,40
6456,A,40,0,40
6457,T,40,0,40
6458,T,40,0,40
6459,C,41,0,41
6460,T,41,0,41
6461,T,41,0,41
6462,T,39,0,39
6463,C,39,0,39
6464,T,39,0,39
6465,T,38,0,38
6466,T,38,0,38
6467,A,38,0,38
6468,T,38,0,38
6469,T,38,0,38
6470,T,38,0,38
6471,T,38,0,38
6472,C,38,0,38
6473,T,37,0,37
6474,T,37,0,37
6475,T,37,0,37
6476,A,36,0,36
6477,A,36,0,36
6478,A,36,0,36
6479,T,35,0,35
6480,A,34,0,34
6481,C,34,0,34
6482,T,34,0,34
6483,T,34,0,34
6484,T,34,0,34
6485,C,34,0,34
6486,A,34,0,34
6487,T,34,0,34
6488,T,34,0,34
6489,T,33,0,33
6490,C,33,0,33
6491,T,31,0,31
6492,T,31,0,31
6493,C,31,0,31
6494,G,30,0,30
6495,A,30,0,30
6496,A,30,0,30
6497,G,30,0,30
6498,T,30,0,30
6499,T,30,0,30
6500,T,30,0,30
6501,T,30,0,30
6502,T,30,0,30
6503,T,30,0,30
6504,C,30,0,30
6505,C,32,0,32
6506,C,33,0,33
6507,T,33,0,33
6508,C,32,0,32
6509,G,32,0,32
6510,T,32,0,32
6511,A,33,0,33
6512,T,32,0,32
6513,A,32,0,32
6514,T,31,0,31
6515,A,31,0,31
6516,A,31,0,31
6517,T,31,0,31
6518,G,31,0,31
6519,T,29,0,29
6520,A,29,0,29
6521,A,28,0,28
6522,C,29,0,29
6523,C,29,0,29
6524,A,30,0,30
6525,A,30,0,30
6526,A,30,0,30
6527,G,30,0,30
6528,A,30,0,30
6529,A,28,0,28
6530,T,28,0,28
6531,T,28,0,28
6532,C,28,0,28
6533,A,27,0,27
6534,T,27,0,27
6535,T,28,0,28
6536,C,28,0,28
6537,T,28,0,28
6538,T,27,0,27
6539,C,27,0,27
6540,C,27,0,27
6541,A,26,0,26
6542,A,26,0,26
6543,A,26,0,26
6544,C,26,0,26
6545,G,26,0,26
6546,A,26,0,26
6547,C,26,0,26
6548,G,25,0,25
6549,A,25,0,25
6550,T,24,0,24
6551,A,24,0,24
6552,C,25,0,25
6553,T,26,0,26
6554,T,26,0,26
6555,G,26,0,26
6556,C,27,0,27
6557,T,27,0,27
6558,G,27,0,27
6559,T,26,0,26
6560,T,27,0,27
6561,G,27,0,27
6562,G,28,0,28
6563,T,29,0,29
6564,G,29,0,29
6565,G,29,0,29
6566,A,29,0,29
6567,A,29,0,29
6568,T,29,0,29
6569,T,30,0,30
6570,T,31,0,31
6571,G,31,0,31
6572,G,31,0,31
6573,G,31,0,31
6574,T,30,0,30
6575,G,30,0,30
6576,C,28,0,28
6577,A,28,0,28
6578,T,29,0,29
6579,A,29,0,29
6580,A,29,0,29
6581,A,29,0,29
6582,G,29,0,29
6583,A,29,0,29
6584,A,29,0,29
6585,A,29,0,29
6586,A,29,0,29
6587,T,30,0,30
6588,A,29,0,29
6589,A,30,0,30
6590,T,30,0,30
6591,C,30,0,30
6592,C,30,0,30
6593,A,30,0,30
6594,G,30,0,30
6595,A,30,0,30
6596,C,30,0,30
6597,A,30,0,30
6598,A,29,0,29
6599,T,30,0,30
6600,G,30,0,30
6601,T,30,0,30
6602,A,30,0,30
6603,T,30,0,30
6604,C,30,0,30
6605,T,30,0,30
6606,T,30,0,30
6607,T,31,0,31
6608,T,31,0,31
6609,A,32,0,32
6610,G,31,0,31
6611,C,31,0,31
6612,G,31,0,31
6613,C,31,0,31
6614,T,31,0,31
6615,T,31,0,31
6616,G,31,0,31
6617,T,31,0,31
6618,C,31,0,31
6619,C,31,0,31
6620,A,31,0,31
6621,C,31,0,31
6622,C,31,0,31
6623,A,31,0,31
6624,G,31,0,31
6625,T,31,0,31
6626,G,31,0,31
6627,A,32,0,32
6628,T,32,0,32
6629,A,32,0,32
6630,A,32,0,32
6631,T,32,0,32
6632,T,32,0,32
6633,G,32,0,32
6634,T,32,0,32
6635,A,33,0,33
6636,T,33,0,33
6637,G,32,0,32
6638,A,32,0,32
6639,A,32,0,32
6640,T,32,0,32
6641,A,33,0,33
6642,A,33,0,33
6643,T,33,0,33
6644,T,33,0,33
6645,A,31,0,31
6646,C,31,0,31
6647,A,32,0,32
6648,T,32,0,32
6649,T,33,0,33
6650,T,33,0,33
6651,T,33,0,33
6652,T,33,0,33
6653,T,33,0,33
6654,T,33,0,33
6655,T,33,0,33
6656,A,33,0,33
6657,G,32,0,32
6658,C,32,0,32
6659,T,32,0,32
6660,G,32,0,32
6661,T,32,0,32
6662,G,31,0,31
6663,G,31,0,31
6664,C,31,0,31
6665,C,31,0,31
6666,A,31,0,31
6667,A,32,0,32
6668,C,31,0,31
6669,A,31,0,31
6670,G,30,0,30
6671,A,30,0,30
6672,C,30,0,30
6673,T,30,0,30
6674,A,30,0,30
6675,A,28,0,28
6676,A,28,0,28
6677,A,28,0,28
6678,G,28,0,28
6679,C,28,0,28
6680,T,31,0,31
6681,T,31,0,31
6682,C,33,0,33
6683,G,34,0,34
6684,T,35,0,35
6685,T,35,0,35
6686,T,35,0,35
6687,T,36,0,36
6688,C,36,0,36
6689,T,36,0,36
6690,T,36,0,36
6691,T,36,0,36
6692,T,35,0,35
6693,A,35,0,35
6694,A,35,0,35
6695,A,35,0,35
6696,T,35,0,35
6697,A,35,0,35
6698,A,34,0,34
6699,G,34,0,34
6700,A,34,0,34
6701,G,34,0,34
6702,G,35,0,35
6703,C,33,0,33
6704,T,32,0,32
6705,A,32,0,32
6706,G,33,0,33
6707,A,33,0,33
6708,G,35,0,35
6709,G,33,0,33
6710,T,34,0,34
6711,A,34,0,34
6712,G,35,0,35
6713,A,35,0,35
6714,A,35,0,35
6715,A,35,0,35
6716,T,35,0,35
6717,G,35,0,35
6718,T,35,0,35
6719,T,35,0,35
6720,G,34,0,34
6721,A,33,0,33
6722,A,33,0,33
6723,G,30,0,30
6724,C,29,0,29
6725,T,28,0,28
6726,C,28,0,28
6727,C,28,0,28
6728,A,30,0,30
6729,T,29,0,29
6730,T,29,0,29
6731,A,29,0,29
6732,T,29,0,29
6733,C,29,0,29
6734,A,29,0,29
6735,A,29,0,29
6736,T,29,0,29
6737,A,29,0,29
6738,A,28,0,28
6739,C,28,0,28
6740,A,27,0,27
6741,T,27,0,27
6742,A,27,0,27
6743,T,28,0,28
6744,T,28,0,28
6745,G,28,0,28
6746,G,28,0,28
6747,C,28,0,28
6748,A,28,0,28
6749,G,28,0,28
6750,T,27,0,27
6751,T,27,0,27
6752,A,27,0,27
6753,G,28,0,28
6754,A,29,0,29
6755,A,29,0,29
6756,T,29,0,29
6757,T,30,0,30
6758,A,31,0,31
6759,A,32,0,32
6760,G,32,0,32
6761,C,32,0,32
6762,A,33,0,33
6763,A,33,0,33
6764,T,33,0,33
6765,T,33,0,33
6766,C,33,0,33
6767,T,34,0,34
6768,T,34,0,34
6769,C,34,0,34
6770,C,34,0,34
6771,A,34,0,34
6772,T,35,0,35
6773,A,35,0,35
6774,A,35,0,35
6775,G,36,0,36
6776,A,36,0,36
6777,A,36,0,36
6778,G,35,0,35
6779,A,35,0,35
6780,T,35,0,35
6781,C,35,0,35
6782,A,35,0,35
6783,A,34,0,34
6784,A,34,0,34
6785,A,34,0,34
6786,T,34,0,34
6787,T,35,0,35
6788,A,35,0,35
6789,C,35,0,35
6790,G,34,0,34
6791,T,34,0,34
6792,G,33,0,33
6793,G,33,0,33
6794,A,33,0,33
6795,A,33,0,33
6796,T,33,0,33
6797,A,33,0,33
6798,A,32,0,32
6799,T,32,0,32
6800,A,32,0,32
6801,T,32,0,32
6802,C,33,0,33
6803,A,33,0,33
6804,C,33,0,33
6805,T,32,0,32
6806,A,32,0,32
6807,T,32,0,32
6808,C,32,0,32
6809,C,32,0,32
6810,T,32,0,32
6811,C,32,0,32
6812,G,32,0,32
6813,A,32,0,32
6814,G,32,0,32
6815,A,32,0,32
6816,A,32,0,32
6817,G,32,0,32
6818,T,32,0,32
6819,T,32,0,32
6820,T,32,0,32
6821,T,32,0,32
6822,A,32,0,32
6823,A,32,0,32
6824,A,32,0,32
6825,T,31,0,31
6826,G,31,0,31
6827,C,32,0,32
6828,T,32,0,32
6829,T,32,0,32
6830,T,32,0,32
6831,A,28,0,28
6832,C,29,0,29
6833,A,28,0,28
6834,T,27,0,27
6835,T,27,0,27
6836,A,27,0,27
6837,A,26,0,26
6838,A,27,0,27
6839,A,27,0,27
6840,T,27,0,27
6841,T,27,0,27
6842,T,27,0,27
6843,T,27,0,27
6844,T,26,0,26
6845,A,26,0,26
6846,T,26,0,26
6847,A,26,0,26
6848,G,27,0,27
6849,C,27,0,27
6850,T,29,0,29
6851,A,30,0,30
6852,G,31,0,31
6853,C,31,0,31
6854,A,31,0,31
6855,A,31,0,31
6856,A,31,0,31
6857,T,31,0,31
6858,G,31,0,31
6859,T,29,0,29
6860,T,29,0,29
6861,T,29,0,29
6862,G,31,0,31
6863,A,31,0,31
6864,T,31,0,31
6865,T,31,0,31
6866,A,31,0,31
6867,A,31,0,31
6868,T,33,0,33
6869,A,33,0,33
6870,G,33,0,33
6871,G,35,0,35
6872,A,35,0,35
6873,T,35,0,35
6874,C,35,0,35
6875,A,36,0,36
6876,G,36,0,36
6877,T,36,0,36
6878,A,36,0,36
6879,T,34,0,34
6880,C,35,0,35
6881,T,36,0,36
6882,A,36,0,36
6883,T,37,0,37
6884,A,37,0,37
6885,C,37,0,37
6886,C,38,0,38
6887,T,38,0,38
6888,T,38,0,38
6889,T,38,0,38
6890,C,38,0,38
6891,A,38,0,38
6892,C,38,0,38
6893,G,38,0,38
6894,T,37,0,37
6895,C,37,0,37
6896,T,37,0,37
6897,A,39,0,39
6898,T,39,0,39
6899,T,39,0,39
6900,T,39,0,39
6901,T,39,0,39
6902,A,39,0,39
6903,T,40,0,40
6904,T,39,0,39
6905,T,38,0,38
6906,T,39,0,39
6907,C,40,0,40
6908,T,39,0,39
6909,A,39,0,39
6910,G,38,0,38
6911,T,37,0,37
6912,A,37,0,37
6913,A,36,0,36
6914,A,37,0,37
6915,T,37,0,37
6916,A,38,0,38
6917,T,38,0,38
6918,T,37,0,37
6919,G,37,0,37
6920,C,37,0,37
6921,A,37,0,37
6922,T,37,0,37
6923,C,36,0,36
6924,A,36,0,36
6925,C,38,0,38
6926,A,37,0,37
6927,A,37,0,37
6928,G,37,0,37
6929,A,37,0,37
6930,C,37,0,37
6931,T,38,0,38
6932,A,38,0,38
6933,G,37,0,37
6934,C,37,0,37
6935,T,37,0,37
6936,A,37,0,37
6937,C,38,0,38
6938,A,39,0,39
6939,A,43,0,43
6940,A,43,0,43
6941,G,43,0,43
6942,G,43,0,43
6943,A,43,0,43
6944,T,44,0,44
6945,T,45,0,45
6946,T,46,0,46
6947,T,46,0,46
6948,C,46,0,46
6949,C,46,0,46
6950,C,46,0,46
6951,A,46,0,46
6952,C,48,0,48
6953,T,48,0,48
6954,C,48,0,48
6955,C,48,0,48
6956,T,48,0,48
6957,C,49,0,49
6958,C,49,0,49
6959,T,49,0,49
6960,T,50,0,50
6961,T,50,0,50
6962,A,50,0,50
6963,C,50,0,50
6964,C,50,0,50
6965,T,50,0,50
6966,T,50,0,50
6967,G,50,0,50
6968,T,50,0,50
6969,A,50,0,50
6970,A,50,0,50
6971,G,51,0,51
6972,G,52,0,52
6973,T,52,0,52
6974,C,52,0,52
6975,A,52,0,52
6976,T,52,0,52
6977,G,52,0,52
6978,T,51,0,51
6979,G,52,0,52
6980,A,52,0,52
6981,A,52,0,52
6982,T,51,0,51
6983,G,51,0,51
6984,T,50,0,50
6985,T,50,0,50
6986,T,49,0,49
6987,G,49,0,49
6988,T,48,0,48
6989,C,46,0,46
6990,A,46,0,46
6991,T,46,0,46
6992,A,47,0,47
6993,T,47,0,47
6994,C,48,0,48
6995,A,49,0,49
6996,T,49,0,49
6997,A,49,0,49
6998,T,49,0,49
6999,C,47,0,47
7000,C,47,0,47
7001,T,47,0,47
7002,C,48,0,48
7003,T,47,0,47
7004,A,47,0,47
7005,A,47,0,47
7006,T,47,0,47
7007,T,47,0,47
7008,T,46,0,46
7009,T,46,0,46
7010,T,46,0,46
7011,T,47,0,47
7012,G,47,0,47
7013,T,45,0,45
7014,T,45,0,45
7015,T,45,0,45
7016,G,45,0,45
7017,T,45,0,45
7018,A,45,0,45
7019,T,43,0,43
7020,C,43,0,43
7021,G,42,0,42
7022,T,40,0,40
7023,G,40,0,40
7024,T,40,0,40
7025,A,40,0,40
7026,T,39,0,39
7027,A,39,0,39
7028,A,39,0,39
7029,A,39,0,39
7030,C,40,0,40
7031,G,40,0,40
7032,T,39,0,39
7033,A,39,0,39
7034,C,38,0,38
7035,G,38,0,38
7036,T,38,0,38
7037,G,38,0,38
7038,A,38,0,38
7039,T,38,0,38
7040,T,38,0,38
7041,T,38,0,38
7042,T,38,0,38
7043,T,38,0,38
7044,G,39,0,39
7045,T,39,0,39
7046,T,39,0,39
7047,G,38,0,38
7048,T,37,0,37
7049,G,37,0,37
7050,T,36,0,36
7051,T,37,0,37
7052,A,37,0,37
7053,T,37,0,37
7054,A,36,0,36
7055,A,36,0,36
7056,T,36,0,36
7057,A,36,0,36
7058,G,36,0,36
7059,G,36,0,36
7060,C,35,0,35
7061,T,34,0,34
7062,T,34,0,34
7063,A,34,0,34
7064,G,34,0,34
7065,C,34,0,34
7066,A,34,0,34
7067,G,33,0,33
7068,A,33,0,33
7069,A,34,0,34
7070,G,35,0,35
7071,T,35,0,35
7072,A,36,0,36
7073,G,37,0,37
7074,G,37,0,37
7075,C,37,0,37
7076,T,36,0,36
7077,C,36,0,36
7078,T,36,0,36
7079,T,36,0,36
7080,T,36,0,36
7081,G,36,0,36
7082,G,35,0,35
7083,A,36,0,36
7084,T,37,0,37
7085,T,37,0,37
7086,G,36,0,36
7087,A,37,0,37
7088,G,35,0,35
7089,T,33,0,33
7090,T,29,0,29
7091,T,29,0,29
7092,T,29,0,29
7093,T,29,0,29
7094,A,29,0,29
7095,C,30,0,30
7096,T,30,0,30
7097,G,28,0,28
7098,A,29,0,29
7099,T,29,0,29
7100,A,29,0,29
7101,A,29,0,29
7102,A,31,0,31
7103,G,31,0,31
7104,C,30,0,30
7105,T,30,0,30
7106,G,30,0,30
7107,G,30,0,30
7108,T,29,0,29
7109,G,28,0,28
7110,G,29,0,29
7111,A,28,0,28
7112,G,28,0,28
7113,T,28,0,28
7114,T,28,0,28
7115,A,29,0,29
7116,T,30,0,30
7117,C,32,0,32
7118,T,32,0,32
7119,C,32,0,32
7120,A,32,0,32
7121,A,32,0,32
7122,C,31,0,31
7123,A,32,0,32
7124,T,32,0,32
7125,T,32,0,32
7126,C,32,0,32
7127,T,32,0,32
7128,T,33,0,33
7129,T,33,0,33
7130,T,32,0,32
7131,T,34,0,34
7132,A,34,0,34
7133,A,35,0,35
7134,A,35,0,35
7135,G,35,0,35
7136,T,35,0,35
7137,A,35,0,35
7138,T,35,0,35
7139,T,35,0,35
7140,T,35,0,35
7141,T,35,0,35
7142,C,35,0,35
7143,G,34,0,34
7144,C,35,0,35
7145,A,35,0,35
7146,C,34,0,34
7147,A,35,0,35
7148,T,35,0,35
7149,A,35,0,35
7150,T,35,0,35
7151,G,35,0,35
7152,A,34,0,34
7153,T,35,0,35
7154,G,35,0,35
7155,C,33,0,33
7156,C,34,0,34
7157,A,35,0,35
7158,A,36,0,36
7159,G,36,0,36
7160,G,36,0,36
7161,C,36,0,36
7162,G,36,0,36
7163,T,36,0,36
7164,C,36,0,36
7165,A,36,0,36
7166,T,36,0,36
7167,A,36,0,36
7168,T,36,0,36
7169,G,36,0,36
7170,A,36,0,36
7171,A,36,0,36
7172,A,36,0,36
7173,T,36,0,36
7174,A,36,0,36
7175,T,36,0,36
7176,T,36,0,36
7177,T,36,0,36
7178,A,38,0,38
7179,A,38,0,38
7180,A,38,0,38
7181,T,37,0,37
7182,T,37,0,37
7183,T,37,0,37
7184,G,39,0,39
7185,G,39,0,39
7186,A,40,0,40
7187,T,39,0,39
7188,T,40,0,40
7189,T,40,0,40
7190,C,40,0,40
7191,T,40,0,40
7192,T,40,0,40
7193,C,40,0,40
7194,T,39,0,39
7195,T,39,0,39
7196,A,39,0,39
7197,A,39,0,39
7198,A,40,0,40
7199,A,40,0,40
7200,T,41,0,41
7201,T,41,0,41
7202,T,40,0,40
7203,C,40,0,40
7204,T,41,0,41
7205,T,41,0,41
7206,T,41,0,41
7207,T,41,0,41
7208,A,42,0,42
7209,A,42,0,42
7210,G,42,0,42
7211,G,41,0,41
7212,A,42,0,42
7213,A,42,0,42
7214,T,42,0,42
7215,A,42,0,42
7216,C,42,0,42
7217,C,42,0,42
7218,C,42,0,42
7219,C,41,0,41
7220,T,40,0,40
7221,C,39,0,39
7222,T,39,0,39
7223,T,39,0,39
7224,C,39,0,39
7225,A,39,0,39
7226,A,41,0,41
7227,T,41,0,41
7228,A,41,0,41
7229,G,42,0,42
7230,A,42,0,42
7231,T,42,0,42
7232,T,44,0,44
7233,T,44,0,44
7234,T,43,0,43
7235,A,42,0,42
7236,A,42,0,42
7237,A,42,0,42
7238,A,42,0,42
7239,T,41,0,41
7240,T,41,0,41
7241,A,41,0,41
7242,A,41,0,41
7243,A,42,0,42
7244,T,42,0,42
7245,C,42,0,42
7246,T,41,0,41
7247,T,41,0,41
7248,T,40,0,40
7249,G,40,0,40
7250,T,40,0,40
7251,T,41,0,41
7252,G,40,0,40
7253,G,39,0,39
7254,C,40,0,40
7255,T,40,0,40
7256,A,40,0,40
7257,G,40,0,40
7258,A,40,0,40
7259,A,40,0,40
7260,A,40,0,40
7261,G,40,0,40
7262,A,40,0,40
7263,T,40,0,40
7264,T,41,0,41
7265,A,41,0,41
7266,T,40,0,40
7267,T,40,0,40
7268,C,39,0,39
7269,G,40,0,40
7270,C,41,0,41
7271,A,42,0,42
7272,T,42,0,42
7273,T,42,0,42
7274,T,41,0,41
7275,T,42,0,42
7276,C,43,0,43
7277,C,43,0,43
7278,C,44,0,44
7279,C,44,0,44
7280,C,44,0,44
7281,A,44,0,44
7282,T,42,0,42
7283,T,42,0,42
7284,T,41,0,41
7285,T,42,0,42
7286,G,44,0,44
7287,T,44,0,44
7288,T,44,0,44
7289,T,44,0,44
7290,T,45,0,45
7291,T,45,0,45
7292,T,45,0,45
7293,G,45,0,45
7294,T,45,0,45
7295,T,45,0,45
7296,T,44,0,44
7297,C,45,0,45
7298,A,44,0,44
7299,T,44,0,44
7300,T,44,0,44
7301,A,44,0,44
7302,A,44,0,44
7303,C,46,0,46
7304,T,44,0,44
7305,T,44,0,44
7306,A,44,0,44
7307,C,44,0,44
7308,C,43,0,43
7309,A,44,0,44
7310,A,44,0,44
7311,A,45,0,45
7312,T,45,0,45
7313,A,45,0,45
7314,T,46,0,46
7315,T,46,0,46
7316,T,46,0,46
7317,A,46,0,46
7318,A,46,0,46
7319,A,46,0,46
7320,A,46,0,46
7321,A,46,0,46
7322,T,47,0,47
7323,T,47,0,47
7324,T,47,0,47
7325,T,47,0,47
7326,T,48,0,48
7327,A,48,0,48
7328,C,48,0,48
7329,A,45,0,45
7330,A,46,0,46
7331,A,46,0,46
7332,A,46,0,46
7333,C,46,0,46
7334,T,46,0,46
7335,T,44,0,44
7336,A,45,0,45
7337,T,45,0,45
7338,C,45,0,45
7339,A,45,0,45
7340,A,45,0,45
7341,A,46,0,46
7342,T,46,0,46
7343,T,47,0,47
7344,T,47,0,47
7345,T,47,0,47
7346,T,46,0,46
7347,A,46,0,46
7348,C,47,0,47
7349,A,46,0,46
7350,A,46,0,46
7351,A,45,0,45
7352,A,45,0,45
7353,A,45,0,45
7354,T,46,0,46
7355,T,46,0,46
7356,T,47,0,47
7357,G,47,0,47
7358,A,47,0,47
7359,T,46,0,46
7360,A,45,0,45
7361,T,46,0,46
7362,T,46,0,46
7363,A,45,0,45
7364,T,45,0,45
7365,T,46,0,46
7366,G,46,0,46
7367,T,46,0,46
7368,C,46,0,46
7369,A,46,0,46
7370,A,45,0,45
7371,T,44,0,44
7372,T,44,0,44
7373,A,46,0,46
7374,A,46,0,46
7375,A,46,0,46
7376,G,46,0,46
7377,A,44,0,44
7378,A,44,0,44
7379,A,44,0,44
7380,T,44,0,44
7381,T,44,0,44
7382,T,43,0,43
7383,T,41,0,41
7384,T,41,0,41
7385,T,41,0,41
7386,G,40,0,40
7387,T,41,0,41
7388,A,42,0,42
7389,G,42,0,42
7390,A,42,0,42
7391,A,42,0,42
7392,A,42,0,42
7393,A,42,0,42
7394,T,43,0,43
7395,T,44,0,44
7396,G,45,0,45
7397,A,45,0,45
7398,T,45,0,45
7399,A,46,0,46
7400,A,44,0,44
7401,T,44,0,44
7402,A,43,0,43
7403,T,43,0,43
7404,T,43,0,43
7405,T,42,0,42
7406,T,42,0,42
7407,A,42,0,42
7408,T,43,0,43
7409,T,42,0,42
7410,T,43,0,43
7411,T,43,0,43
7412,T,42,0,42
7413,T,42,0,42
7414,G,41,0,41
7415,A,41,0,41
7416,A,41,0,41
7417,A,42,0,42
7418,A,42,0,42
7419,T,41,0,41
7420,G,41,0,41
7421,G,40,0,40
7422,C,39,0,39
7423,A,39,0,39
7424,A,39,0,39
7425,G,39,0,39
7426,A,39,0,39
7427,T,38,0,38
7428,G,38,0,38
7429,T,39,0,39
7430,G,39,0,39
7431,T,38,0,38
7432,A,38,0,38
7433,A,38,0,38
7434,T,38,0,38
7435,G,38,0,38
7436,T,38,0,38
7437,A,37,0,37
7438,G,37,0,37
7439,C,36,0,36
7440,G,36,0,36
7441,C,36,0,36
7442,T,36,0,36
7443,A,36,0,36
7444,C,37,0,37
7445,G,36,0,36
7446,C,36,0,36
7447,A,36,0,36
7448,A,35,0,35
7449,C,35,0,35
7450,T,35,0,35
7451,A,35,0,35
7452,A,34,0,34
7453,C,35,0,35
7454,A,35,0,35
7455,T,35,0,35
7456,T,36,0,36
7457,A,37,0,37
7458,C,38,0,38
7459,T,38,0,38
7460,C,37,0,37
7461,A,37,0,37
7462,A,36,0,36
7463,C,37,0,37
7464,T,36,0,36
7465,T,36,0,36
7466,A,36,0,36
7467,T,36,0,36
7468,T,37,0,37
7469,C,37,0,37
7470,G,37,0,37
7471,C,37,0,37
7472,A,37,0,37
7473,T,37,0,37
7474,A,37,0,37
7475,A,36,0,36
7476,A,36,0,36
7477,T,36,0,36
7478,G,36,0,36
7479,C,38,0,38
7480,T,38,0,38
7481,C,38,0,38
7482,A,38,0,38
7483,A,39,0,39
7484,C,39,0,39
7485,A,38,0,38
7486,T,40,0,40
7487,A,40,0,40
7488,T,40,0,40
7489,C,41,0,41
7490,T,40,0,40
7491,T,41,0,41
7492,G,40,0,40
7493,C,41,0,41
7494,T,40,0,40
7495,C,40,0,40
7496,T,40,0,40
7497,A,40,0,40
7498,C,40,0,40
7499,G,39,0,39
7500,A,39,0,39
7501,G,39,0,39
7502,G,40,0,40
7503,T,40,0,40
7504,T,40,0,40
7505,T,39,0,39
7506,G,39,0,39
7507,A,38,0,38
7508,T,38,0,38
7509,T,38,0,38
7510,G,38,0,38
7511,C,37,0,37
7512,T,37,0,37
7513,A,40,0,40
7514,C,41,0,41
7515,C,41,0,41
7516,G,41,0,41
7517,C,42,0,42
7518,A,42,0,42
7519,A,42,0,42
7520,T,42,0,42
7521,T,42,0,42
7522,T,43,0,43
7523,A,43,0,43
7524,G,44,0,44
7525,G,44,0,44
7526,A,44,0,44
7527,A,44,0,44
7528,G,45,0,45
7529,G,45,0,45
7530,T,45,0,45
7531,A,45,0,45
7532,A,45,0,45
7533,A,47,0,47
7534,A,47,0,47
7535,A,47,0,47
7536,T,47,0,47
7537,G,48,0,48
7538,A,48,0,48
7539,C,47,0,47
7540,A,47,0,47
7541,C,47,0,47
7542,G,47,0,47
7543,G,47,0,47
7544,C,47,0,47
7545,C,46,0,46
7546,A,45,0,45
7547,A,44,0,44
7548,G,44,0,44
7549,A,44,0,44
7550,A,43,0,43
7551,A,43,0,43
7552,A,44,0,44
7553,T,43,0,43
7554,T,44,0,44
7555,T,44,0,44
7556,A,44,0,44
7557,G,44,0,44
7558,A,45,0,45
7559,C,44,0,44
7560,T,44,0,44
7561,G,44,0,44
7562,A,44,0,44
7563,G,44,0,44
7564,T,44,0,44
7565,G,44,0,44
7566,T,44,0,44
7567,T,46,0,46
7568,T,46,0,46
7569,G,46,0,46
7570,G,46,0,46
7571,T,47,0,47
7572,G,47,0,47
7573,T,47,0,47
7574,A,47,0,47
7575,C,48,0,48
7576,T,48,0,48
7577,T,48,0,48
7578,T,51,0,51
7579,T,51,0,51
7580,G,49,0,49
7581,A,49,0,49
7582,G,50,0,50
7583,G,50,0,50
7584,A,50,0,50
7585,A,52,0,52
7586,A,52,0,52
7587,A,52,0,52
7588,A,51,0,51
7589,G,51,0,51
7590,A,51,0,51
7591,A,51,0,51
7592,A,50,0,50
7593,C,49,0,49
7594,C,49,0,49
7595,A,49,0,49
7596,T,50,0,50
7597,A,49,0,49
7598,G,49,0,49
7599,A,49,0,49
7600,A,49,0,49
7601,G,49,0,49
7602,A,49,0,49
7603,A,49,0,49
7604,A,48,0,48
7605,A,48,0,48
7606,T,48,0,48
7607,G,48,0,48
7608,C,47,0,47
7609,A,45,0,45
7610,A,45,0,45
7611,G,46,0,46
7612,A,45,0,45
7613,C,45,0,45
7614,A,45,0,45
7615,A,45,0,45
7616,A,44,0,44
7617,C,44,0,44
7618,A,44,0,44
7619,G,45,0,45
7620,G,45,0,45
7621,T,46,0,46
7622,T,47,0,47
7623,T,45,0,45
7624,A,45,0,45
7625,T,45,0,45
7626,C,45,0,45
7627,T,46,0,46
7628,A,46,0,46
7629,T,46,0,46
7630,T,45,0,45
7631,T,46,0,46
7632,C,46,0,46
7633,C,46,0,46
7634,A,45,0,45
7635,C,45,0,45
7636,T,45,0,45
7637,T,43,0,43
7638,A,43,0,43
7639,T,43,0,43
7640,T,42,0,42
7641,T,42,0,42
7642,G,41,0,41
7643,C,40,0,40
7644,G,40,0,40
7645,T,40,0,40
7646,A,40,0,40
7647,C,40,0,40
7648,T,40,0,40
7649,G,40,0,40
7650,T,40,0,40
7651,T,40,0,40
7652,G,39,0,39
7653,G,38,0,38
7654,A,38,0,38
7655,C,38,0,38
7656,A,38,0,38
7657,G,38,0,38
7658,C,38,0,38
7659,T,38,0,38
7660,T,39,0,39
7661,G,38,0,38
7662,A,38,0,38
7663,A,38,0,38
7664,C,36,0,36
7665,C,36,0,36
7666,C,36,0,36
7667,G,36,0,36
7668,T,35,0,35
7669,A,34,0,34
7670,A,34,0,34
7671,A,34,0,34
7672,A,33,0,33
7673,A,34,0,34
7674,C,35,0,35
7675,T,33,0,33
7676,C,34,0,34
7677,A,34,0,34
7678,T,32,0,32
7679,A,30,0,30
7680,T,30,0,30
7681,A,30,0,30
7682,G,31,0,31
7683,A,31,0,31
7684,T,31,0,31
7685,T,31,0,31
7686,A,32,0,32
7687,T,34,0,34
7688,G,33,0,33
7689,A,33,0,33
7690,T,33,0,33
7691,G,33,0,33
7692,T,33,0,33
7693,A,33,0,33
7694,G,33,0,33
7695,T,33,0,33
7696,T,33,0,33
7697,A,33,0,33
7698,A,33,0,33
7699,A,33,0,33
7700,G,33,0,33
7701,A,33,0,33
7702,T,33,0,33
7703,C,32,0,32
7704,T,32,0,32
7705,T,31,0,31
7706,A,31,0,31
7707,C,32,0,32
7708,T,32,0,32
7709,A,31,0,31
7710,A,31,0,31
7711,G,31,0,31
7712,T,30,0,30
7713,T,30,0,30
7714,G,30,0,30
7715,C,30,0,30
7716,A,29,0,29
7717,A,28,0,28
7718,G,27,0,27
7719,G,27,0,27
7720,A,27,0,27
7721,G,26,0,26
7722,A,25,0,25
7723,T,25,0,25
7724,T,25,0,25
7725,T,25,0,25
7726,A,25,0,25
7727,G,25,0,25
7728,G,25,0,25
7729,A,23,0,23
7730,A,23,0,23
7731,G,23,0,23
7732,A,23,0,23
7733,G,23,0,23
7734,T,23,0,23
7735,G,24,0,24
7736,G,23,0,23
7737,C,23,0,23
7738,G,23,0,23
7739,G,23,0,23
7740,G,24,0,24
7741,T,25,0,25
7742,T,25,0,25
7743,T,25,0,25
7744,A,26,0,26
7745,T,25,0,25
7746,T,26,0,26
7747,A,26,0,26
7748,A,26,0,26
7749,A,26,0,26
7750,A,26,0,26
7751,T,26,0,26
7752,T,26,0,26
7753,A,26,0,26
7754,T,26,0,26
7755,G,27,0,27
7756,G,27,0,27
7757,T,28,0,28
7758,T,28,0,28
7759,G,28,0,28
7760,G,28,0,28
7761,T,28,0,28
7762,T,27,0,27
7763,A,27,0,27
7764,C,26,0,26
7765,A,26,0,26
7766,A,26,0,26
7767,A,27,0,27
7768,T,28,0,28
7769,A,29,0,29
7770,A,27,0,27
7771,C,28,0,28
7772,G,28,0,28
7773,G,27,0,27
7774,A,27,0,27
7775,A,27,0,27
7776,A,28,0,28
7777,A,31,0,31
7778,G,31,0,31
7779,G,31,0,31
7780,T,31,0,31
7781,G,31,0,31
7782,G,30,0,30
7783,A,29,0,29
7784,G,29,0,29
7785,T,31,0,31
7786,A,32,0,32
7787,C,32,0,32
7788,C,33,0,33
7789,A,33,0,33
7790,A,35,0,35
7791,G,35,0,35
7792,T,35,0,35
7793,G,35,0,35
7794,A,35,0,35
7795,T,35,0,35
7796,A,36,0,36
7797,T,36,0,36
7798,A,36,0,36
7799,A,36,0,36
7800,A,37,0,37
7801,T,37,0,37
7802,C,37,0,37
7803,A,39,0,39
7804,A,40,0,40
7805,A,40,0,40
7806,T,40,0,40
7807,G,41,0,41
7808,A,41,0,41
7809,T,40,0,40
7810,G,40,0,40
7811,A,40,0,40
7812,T,40,0,40
7813,T,40,0,40
7814,T,40,0,40
7815,C,41,0,41
7816,A,41,0,41
7817,T,41,0,41
7818,T,41,0,41
7819,T,41,0,41
7820,C,43,0,43
7821,G,42,0,42
7822,T,42,0,42
7823,G,42,0,42
7824,A,42,0,42
7825,A,42,0,42
7826,C,43,0,43
7827,T,41,0,41
7828,T,41,0,41
7829,C,41,0,41
7830,A,41,0,41
7831,A,41,0,41
7832,A,41,0,41
7833,A,41,0,41
7834,A,41,0,41
7835,C,43,0,43
7836,A,44,0,44
7837,A,44,0,44
7838,A,42,0,42
7839,T,42,0,42
7840,C,44,0,44
7841,T,44,0,44
7842,T,44,0,44
7843,T,44,0,44
7844,G,45,0,45
7845,A,44,0,44
7846,A,44,0,44
7847,A,44,0,44
7848,A,44,0,44
7849,A,44,0,44
7850,G,44,0,44
7851,T,44,0,44
7852,A,44,0,44
7853,T,44,0,44
7854,C,44,0,44
7855,T,44,0,44
7856,A,44,0,44
7857,C,45,0,45
7858,T,45,0,45
7859,T,45,0,45
7860,T,45,0,45
7861,A,45,0,45
7862,T,45,0,45
7863,G,45,0,45
7864,A,46,0,46
7865,T,46,0,46
7866,T,47,0,47
7867,G,47,0,47
7868,C,49,0,49
7869,T,49,0,49
7870,A,50,0,50
7871,A,50,0,50
7872,A,50,0,50
7873,C,50,0,50
7874,G,50,0,50
7875,T,50,0,50
7876,G,50,0,50
7877,T,50,0,50
7878,T,53,0,53
7879,G,53,0,53
7880,A,51,0,51
7881,A,51,0,51
7882,A,51,0,51
7883,G,51,0,51
7884,A,51,0,51
7885,A,51,0,51
7886,A,50,0,50
7887,A,52,0,52
7888,A,52,0,52
7889,A,53,0,53
7890,A,53,0,53
7891,A,53,0,53
7892,C,53,0,53
7893,A,53,0,53
7894,A,53,0,53
7895,C,52,0,52
7896,A,52,0,52
7897,T,51,0,51
7898,C,50,0,50
7899,A,51,0,51
7900,A,51,0,51
7901,A,51,0,51
7902,T,51,0,51
7903,A,52,0,52
7904,T,52,0,52
7905,G,52,0,52
7906,G,51,0,51
7907,C,51,0,51
7908,G,49,0,49
7909,A,50,0,50
7910,G,50,0,50
7911,A,50,0,50
7912,C,50,0,50
7913,T,50,0,50
7914,A,50,0,50
7915,G,50,0,50
7916,C,50,0,50
7917,T,50,0,50
7918,C,49,0,49
7919,G,49,0,49
7920,C,48,0,48
7921,T,48,0,48
7922,A,47,0,47
7923,C,46,0,46
7924,A,46,0,46
7925,T,46,0,46
7926,C,46,0,46
7927,A,45,0,45
7928,T,43,0,43
7929,G,44,0,44
7930,G,44,0,44
7931,A,44,0,44
7932,T,43,0,43
7933,T,43,0,43
7934,T,43,0,43
7935,A,43,0,43
7936,G,41,0,41
7937,A,40,0,40
7938,T,40,0,40
7939,G,39,0,39
7940,G,38,0,38
7941,T,39,0,39
7942,G,38,0,38
7943,G,39,0,39
7944,T,39,0,39
7945,A,39,0,39
7946,C,39,0,39
7947,T,39,0,39
7948,T,39,0,39
7949,T,39,0,39
7950,A,39,0,39
7951,C,38,0,38
7952,C,38,0,38
7953,A,38,0,38
7954,A,36,0,36
7955,G,37,0,37
7956,A,37,0,37
7957,G,37,0,37
7958,A,36,0,36
7959,C,36,0,36
7960,T,36,0,36
7961,G,36,0,36
7962,G,36,0,36
7963,A,38,0,38
7964,A,39,0,39
7965,A,39,0,39
7966,C,39,0,39
7967,T,40,0,40
7968,C,40,0,40
7969,A,39,0,39
7970,C,39,0,39
7971,G,37,0,37
7972,T,37,0,37
7973,C,37,0,37
7974,T,37,0,37
7975,G,37,0,37
7976,A,37,0,37
7977,T,36,0,36
7978,T,36,0,36
7979,A,37,0,37
7980,C,38,0,38
7981,A,38,0,38
7982,T,38,0,38
7983,A,38,0,38
7984,C,39,0,39
7985,T,39,0,39
7986,T,36,0,36
7987,G,36,0,36
7988,A,36,0,36
7989,T,37,0,37
7990,G,38,0,38
7991,A,37,0,37
7992,T,37,0,37
7993,A,37,0,37
7994,A,38,0,38
7995,T,37,0,37
7996,A,37,0,37
7997,T,37,0,37
7998,A,37,0,37
7999,C,38,0,38
8000,A,38,0,38
8001,A,38,0,38
8002,A,38,0,38
8003,A,38,0,38
8004,T,38,0,38
8005,A,37,0,37
8006,G,37,0,37
8007,C,39,0,39
8008,A,39,0,39
8009,A,40,0,40
8010,A,40,0,40
8011,A,40,0,40
8012,A,40,0,40
8013,A,40,0,40
8014,G,40,0,40
8015,T,39,0,39
8016,A,39,0,39
8017,G,38,0,38
8018,C,37,0,37
8019,A,35,0,35
8020,T,35,0,35
8021,C,34,0,34
8022,C,35,0,35
8023,G,35,0,35
8024,T,35,0,35
8025,A,35,0,35
8026,A,35,0,35
8027,G,34,0,34
8028,A,34,0,34
8029,G,32,0,32
8030,T,32,0,32
8031,T,33,0,33
8032,A,33,0,33
8033,C,33,0,33
8034,A,34,0,34
8035,A,37,0,37
8036,A,38,0,38
8037,T,38,0,38
8038,T,37,0,37
8039,G,38,0,38
8040,T,37,0,37
8041,C,38,0,38
8042,A,38,0,38
8043,T,38,0,38
8044,A,39,0,39
8045,C,39,0,39
8046,A,40,0,40
8047,G,40,0,40
8048,A,40,0,40
8049,T,40,0,40
8050,G,40,0,40
8051,A,40,0,40
8052,T,40,0,40
8053,C,41,0,41
8054,C,40,0,40
8055,A,41,0,41
8056,G,42,0,42
8057,T,42,0,42
8058,T,42,0,42
8059,A,42,0,42
8060,T,43,0,43
8061,G,43,0,43
8062,G,43,0,43
8063,C,43,0,43
8064,A,43,0,43
8065,A,43,0,43
8066,C,43,0,43
8067,A,43,0,43
8068,G,43,0,43
8069,A,43,0,43
8070,A,44,0,44
8071,T,44,0,44
8072,T,44,0,44
8073,C,44,0,44
8074,A,44,0,44
8075,T,44,0,44
8076,T,44,0,44
8077,T,43,0,43
8078,T,44,0,44
8079,A,43,0,43
8080,A,43,0,43
8081,A,44,0,44
8082,A,44,0,44
8083,A,44,0,44
8084,C,44,0,44
8085,T,45,0,45
8086,C,45,0,45
8087,A,45,0,45
8088,A,49,0,49
8089,G,49,0,49
8090,A,49,0,49
8091,G,53,0,53
8092,C,52,0,52
8093,A,52,0,52
8094,A,50,0,50
8095,A,50,0,50
8096,A,52,0,52
8097,T,53,0,53
8098,A,54,0,54
8099,A,55,0,55
8100,A,55,0,55
8101,A,55,0,55
8102,A,55,0,55
8103,A,55,0,55
8104,T,55,0,55
8105,C,55,0,55
8106,A,55,0,55
8107,A,55,0,55
8108,A,55,0,55
8109,G,54,0,54
8110,T,54,0,54
8111,C,54,0,54
8112,T,54,0,54
8113,G,54,0,54
8114,A,53,0,53
8115,T,52,0,52
8116,A,52,0,52
8117,A,52,0,52
8118,G,52,0,52
8119,A,52,0,52
8120,C,52,0,52
8121,A,52,0,52
8122,T,52,0,52
8123,A,52,0,52
8124,T,52,0,52
8125,C,51,0,51
8126,A,52,0,52
8127,T,52,0,52
8128,T,52,0,52
8129,T,53,0,53
8130,A,53,0,53
8131,G,52,0,52
8132,T,53,0,53
8133,T,55,0,55
8134,T,55,0,55
8135,T,55,0,55
8136,A,56,0,56
8137,T,56,0,56
8138,C,58,0,58
8139,T,58,0,58
8140,T,58,0,58
8141,T,57,0,57
8142,T,56,0,56
8143,C,56,0,56
8144,C,56,0,56
8145,A,54,0,54
8146,G,54,0,54
8147,A,54,0,54
8148,T,54,0,54
8149,G,55,0,55
8150,G,55,0,55
8151,A,55,0,55
8152,G,56,0,56
8153,A,56,0,56
8154,A,56,0,56
8155,A,56,0,56
8156,T,56,0,56
8157,T,56,0,56
8158,C,55,0,55
8159,C,55,0,55
8160,A,55,0,55
8161,G,56,0,56
8162,A,56,0,56
8163,G,56,0,56
8164,A,56,0,56
8165,A,56,0,56
8166,A,56,0,56
8167,C,56,0,56
8168,A,56,0,56
8169,C,57,0,57
8170,A,57,0,57
8171,C,58,0,58
8172,A,58,0,58
8173,C,56,0,56
8174,T,57,0,57
8175,T,57,0,57
8176,T,57,0,57
8177,A,57,0,57
8178,T,57,0,57
8179,G,57,0,57
8180,A,57,0,57
8181,A,56,0,56
8182,A,55,0,55
8183,T,55,0,55
8184,T,56,0,56
8185,G,55,0,55
8186,A,52,0,52
8187,A,52,0,52
8188,G,54,0,54
8189,A,54,0,54
8190,T,53,0,53
8191,A,54,0,54
8192,A,54,0,54
8193,A,54,0,54
8194,T,54,0,54
8195,T,53,0,53
8196,T,52,0,52
8197,T,52,0,52
8198,G,51,0,51
8199,T,51,0,51
8200,T,51,0,51
8201,C,51,0,51
8202,T,51,0,51
8203,G,51,0,51
8204,C,51,0,51
8205,A,51,0,51
8206,T,50,0,50
8207,T,50,0,50
8208,A,50,0,50
8209,G,50,0,50
8210,G,50,0,50
8211,T,48,0,48
8212,T,48,0,48
8213,A,48,0,48
8214,C,48,0,48
8215,G,48,0,48
8216,A,48,0,48
8217,A,48,0,48
8218,A,48,0,48
8219,A,48,0,48
8220,T,48,0,48
8221,C,49,0,49
8222,A,50,0,50
8223,T,50,0,50
8224,C,49,0,49
8225,A,49,0,49
8226,A,50,0,50
8227,C,49,0,49
8228,G,50,0,50
8229,T,48,0,48
8230,A,48,0,48
8231,T,48,0,48
8232,C,47,0,47
8233,T,48,0,48
8234,C,48,0,48
8235,A,48,0,48
8236,G,48,0,48
8237,C,48,0,48
8238,T,47,0,47
8239,A,44,0,44
8240,T,45,0,45
8241,C,45,0,45
8242,C,43,0,43
8243,A,43,0,43
8244,T,43,0,43
8245,A,42,0,42
8246,A,43,0,43
8247,A,42,0,42
8248,G,41,0,41
8249,A,41,0,41
8250,T,40,0,40
8251,A,40,0,40
8252,C,39,0,39
8253,A,41,0,41
8254,G,41,0,41
8255,A,42,0,42
8256,T,42,0,42
8257,A,43,0,43
8258,A,42,0,42
8259,T,42,0,42
8260,C,42,0,42
8261,T,42,0,42
8262,A,42,0,42
8263,C,42,0,42
8264,A,42,0,42
8265,C,43,0,43
8266,A,44,0,44
8267,T,44,0,44
8268,T,44,0,44
8269,C,44,0,44
8270,A,44,0,44
8271,T,46,0,46
8272,A,47,0,47
8273,T,47,0,47
8274,T,47,0,47
8275,G,47,0,47
8276,C,47,0,47
8277,G,47,0,47
8278,A,47,0,47
8279,T,47,0,47
8280,C,46,0,46
8281,A,45,0,45
8282,A,45,0,45
8283,T,45,0,45
8284,A,43,0,43
8285,A,44,0,44
8286,A,44,0,44
8287,A,43,0,43
8288,T,43,0,43
8289,T,41,0,41
8290,A,40,0,40
8291,A,40,0,40
8292,T,40,0,40
8293,C,39,0,39
8294,C,39,0,39
8295,T,39,0,39
8296,G,40,0,40
8297,A,40,0,40
8298,C,40,0,40
8299,A,40,0,40
8300,G,39,0,39
8301,T,39,0,39
8302,T,38,0,38
8303,T,37,0,37
8304,T,38,0,38
8305,C,37,0,37
8306,G,37,0,37
8307,T,37,0,37
8308,A,37,0,37
8309,A,37,0,37
8310,T,37,0,37
8311,T,37,0,37
8312,A,36,0,36
8313,C,37,0,37
8314,G,37,0,37
8315,A,37,0,37
8316,A,37,0,37
8317,C,38,0,38
8318,C,38,0,38
8319,T,38,0,38
8320,T,38,0,38
8321,T,39,0,39
8322,T,38,0,38
8323,T,38,0,38
8324,T,39,0,39
8325,T,39,0,39
8326,G,39,0,39
8327,A,39,0,39
8328,C,40,0,40
8329,A,40,0,40
8330,A,41,0,41
8331,A,42,0,42
8332,C,43,0,43
8333,G,43,0,43
8334,T,43,0,43
8335,A,42,0,42
8336,C,42,0,42
8337,A,42,0,42
8338,C,42,0,42
8339,T,40,0,40
8340,T,39,0,39
8341,A,41,0,41
8342,T,41,0,41
8343,G,40,0,40
8344,A,39,0,39
8345,A,39,0,39
8346,A,39,0,39
8347,A,39,0,39
8348,C,39,0,39
8349,C,39,0,39
8350,T,41,0,41
8351,G,42,0,42
8352,T,42,0,42
8353,C,44,0,44
8354,A,47,0,47
8355,A,47,0,47
8356,A,47,0,47
8357,A,47,0,47
8358,A,47,0,47
8359,A,48,0,48
8360,T,48,0,48
8361,T,48,0,48
8362,G,50,0,50
8363,A,50,0,50
8364,A,50,0,50
8365,C,51,0,51
8366,A,51,0,51
8367,A,51,0,51
8368,G,51,0,51
8369,A,51,0,51
8370,A,53,0,53
8371,T,52,0,52
8372,A,52,0,52
8373,T,51,0,51
8374,A,50,0,50
8375,A,52,0,52
8376,T,50,0,50
8377,T,49,0,49
8378,T,49,0,49
8379,A,50,0,50
8380,A,51,0,51
8381,T,52,0,52
8382,C,52,0,52
8383,A,51,0,51
8384,A,50,0,50
8385,G,50,0,50
8386,A,50,0,50
8387,C,50,0,50
8388,A,50,0,50
8389,C,51,0,51
8390,C,51,0,51
8391,A,51,0,51
8392,C,50,0,50
8393,A,50,0,50
8394,T,51,0,51
8395,G,52,0,52
8396,G,53,0,53
8397,A,53,0,53
8398,T,53,0,53
8399,T,53,0,53
8400,T,53,0,53
8401,G,54,0,54
8402,A,54,0,54
8403,A,57,0,57
8404,T,56,0,56
8405,G,56,0,56
8406,T,55,0,55
8407,G,55,0,55
8408,A,53,0,53
8409,C,53,0,53
8410,A,53,0,53
8411,T,53,0,53
8412,T,53,0,53
8413,G,53,0,53
8414,A,53,0,53
8415,A,53,0,53
8416,A,52,0,52
8417,A,51,0,51
8418,T,53,0,53
8419,A,53,0,53
8420,T,52,0,52
8421,A,52,0,52
8422,C,51,0,51
8423,A,50,0,50
8424,A,50,0,50
8425,T,50,0,50
8426,A,50,0,50
8427,T,50,0,50
8428,C,51,0,51
8429,C,51,0,51
8430,A,51,0,51
8431,A,51,0,51
8432,A,50,0,50
8433,G,51,0,51
8434,A,53,0,53
8435,T,54,0,54
8436,A,53,0,53
8437,A,53,0,53
8438,A,54,0,54
8439,A,54,0,54
8440,G,56,0,56
8441,A,55,0,55
8442,T,56,0,56
8443,T,56,0,56
8444,T,56,0,56
8445,T,56,0,56
8446,G,56,0,56
8447,A,56,0,56
8448,A,56,0,56
8449,T,57,0,57
8450,A,57,0,57
8451,T,57,0,57
8452,A,57,0,57
8453,G,57,0,57
8454,G,57,0,57
8455,A,58,0,58
8456,C,59,0,59
8457,T,58,0,58
8458,G,58,0,58
8459,G,58,0,58
8460,A,58,0,58
8461,G,58,0,58
8462,T,58,0,58
8463,T,58,0,58
8464,G,58,0,58
8465,A,58,0,58
8466,A,59,0,59
8467,T,59,0,59
8468,C,58,0,58
8469,T,57,0,57
8470,C,57,0,57
8471,T,57,0,57
8472,T,56,0,56
8473,T,55,0,55
8474,C,55,0,55
8475,A,56,0,56
8476,A,56,0,56
8477,C,56,0,56
8478,T,56,0,56
8479,T,53,0,53
8480,A,53,0,53
8481,T,53,0,53
8482,G,52,0,52
8483,T,52,0,52
8484,T,52,0,52
8485,G,52,0,52
8486,G,52,0,52
8487,A,52,0,52
8488,A,52,0,52
8489,A,52,0,52
8490,G,52,0,52
8491,A,52,0,52
8492,T,50,0,50
8493,A,50,0,50
8494,G,51,0,51
8495,C,51,0,51
8496,T,51,0,51
8497,A,51,0,51
8498,A,52,0,52
8499,G,51,0,51
8500,G,50,0,50
8501,A,50,0,50
8502,A,49,0,49
8503,C,49,0,49
8504,T,46,0,46
8505,T,43,0,43
8506,A,43,0,43
8507,A,43,0,43
8508,T,43,0,43
8509,T,43,0,43
8510,A,42,0,42
8511,T,41,0,41
8512,A,42,0,42
8513,C,41,0,41
8514,A,43,0,43
8515,A,43,0,43
8516,A,43,0,43
8517,T,43,0,43
8518,T,45,0,45
8519,G,44,0,44
8520,G,44,0,44
8521,T,42,0,42
8522,T,43,0,43
8523,A,43,0,43
8524,G,43,0,43
8525,C,43,0,43
8526,A,43,0,43
8527,T,43,0,43
8528,T,44,0,44
8529,G,44,0,44
8530,C,43,0,43
8531,A,42,0,42
8532,C,42,0,42
8533,A,41,0,41
8534,A,41,0,41
8535,A,41,0,41
8536,A,41,0,41
8537,G,41,0,41
8538,T,41,0,41
8539,T,41,0,41
8540,T,40,0,40
8541,T,40,0,40
8542,G,39,0,39
8543,C,40,0,40
8544,T,40,0,40
8545,G,39,0,39
8546,A,38,0,38
8547,T,40,0,40
8548,C,40,0,40
8549,A,40,0,40
8550,T,40,0,40
8551,G,40,0,40
8552,G,38,0,38
8553,T,39,0,39
8554,C,36,0,36
8555,T,36,0,36
8556,C,36,0,36
8557,G,36,0,36
8558,T,36,0,36
8559,T,36,0,36
8560,A,36,0,36
8561,T,36,0,36
8562,A,37,0,37
8563,A,37,0,37
8564,A,37,0,37
8565,A,38,0,38
8566,A,38,0,38
8567,A,38,0,38
8568,A,38,0,38
8569,C,36,0,36
8570,G,36,0,36
8571,G,36,0,36
8572,G,35,0,35
8573,G,35,0,35
8574,G,35,0,35
8575,A,35,0,35
8576,G,35,0,35
8577,T,36,0,36
8578,G,36,0,36
8579,G,34,0,34
8580,A,34,0,34
8581,T,34,0,34
8582,T,34,0,34
8583,A,34,0,34
8584,G,33,0,33
8585,T,29,0,29
8586,C,29,0,29
8587,A,29,0,29
8588,T,29,0,29
8589,A,28,0,28
8590,G,27,0,27
8591,G,27,0,27
8592,A,27,0,27
8593,G,26,0,26
8594,C,26,0,26
8595,T,26,0,26
8596,C,26,0,26
8597,C,27,0,27
8598,T,27,0,27
8599,G,27,0,27
8600,A,27,0,27
8601,T,27,0,27
8602,A,27,0,27
8603,T,27,0,27
8604,T,27,0,27
8605,G,27,0,27
8606,A,26,0,26
8607,T,26,0,26
8608,C,26,0,26
8609,T,26,0,26
8610,A,26,0,26
8611,T,26,0,26
8612,G,27,0,27
8613,G,27,0,27
8614,G,28,0,28
8615,T,28,0,28
8616,T,28,0,28
8617,A,27,0,27
8618,A,27,0,27
8619,A,28,0,28
8620,G,28,0,28
8621,C,28,0,28
8622,T,28,0,28
8623,A,28,0,28
8624,G,28,0,28
8625,C,28,0,28
8626,A,27,0,27
8627,G,27,0,27
8628,T,28,0,28
8629,T,28,0,28
8630,G,28,0,28
8631,T,28,0,28
8632,A,27,0,27
8633,A,27,0,27
8634,T,27,0,27
8635,A,28,0,28
8636,G,28,0,28
8637,A,28,0,28
8638,A,27,0,27
8639,C,27,0,27
8640,A,27,0,27
8641,T,27,0,27
8642,T,27,0,27
8643,A,27,0,27
8644,T,28,0,28
8645,C,27,0,27
8646,T,27,0,27
8647,T,27,0,27
8648,T,27,0,27
8649,A,27,0,27
8650,C,27,0,27
8651,G,27,0,27
8652,A,26,0,26
8653,G,26,0,26
8654,C,26,0,26
8655,T,26,0,26
8656,C,26,0,26
8657,T,26,0,26
8658,T,27,0,27
8659,G,27,0,27
8660,A,27,0,27
8661,A,27,0,27
8662,A,27,0,27
8663,A,26,0,26
8664,G,24,0,24
8665,A,22,0,22
8666,A,23,0,23
8667,A,23,0,23
8668,C,24,0,24
8669,T,24,0,24
8670,T,23,0,23
8671,G,23,0,23
8672,G,24,0,24
8673,T,23,0,23
8674,C,23,0,23
8675,C,23,0,23
8676,T,23,0,23
8677,T,22,0,22
8678,A,22,0,22
8679,T,22,0,22
8680,G,22,0,22
8681,A,22,0,22
8682,A,22,0,22
8683,G,22,0,22
8684,A,22,0,22
8685,T,22,0,22
8686,T,24,0,24
8687,T,24,0,24
8688,T,24,0,24
8689,A,24,0,24
8690,A,24,0,24
8691,A,26,0,26
8692,C,27,0,27
8693,C,27,0,27
8694,A,28,0,28
8695,A,28,0,28
8696,T,28,0,28
8697,T,29,0,29
8698,A,28,0,28
8699,T,28,0,28
8700,A,29,0,29
8701,C,31,0,31
8702,A,31,0,31
8703,A,33,0,33
8704,A,33,0,33
8705,A,34,0,34
8706,G,34,0,34
8707,C,35,0,35
8708,A,35,0,35
8709,A,35,0,35
8710,T,35,0,35
8711,A,37,0,37
8712,T,37,0,37
8713,G,38,0,38
8714,T,38,0,38
8715,A,38,0,38
8716,C,38,0,38
8717,C,38,0,38
8718,A,39,0,39
8719,A,39,0,39
8720,C,40,0,40
8721,T,40,0,40
8722,T,41,0,41
8723,T,41,0,41
8724,A,41,0,41
8725,C,41,0,41
8726,A,41,0,41
8727,T,40,0,40
8728,G,40,0,40
8729,G,41,0,41
8730,A,42,0,42
8731,A,42,0,42
8732,A,42,0,42
8733,A,42,0,42
8734,A,42,0,42
8735,A,42,0,42
8736,T,42,0,42
8737,A,42,0,42
8738,G,42,0,42
8739,T,41,0,41
8740,A,41,0,41
8741,A,41,0,41
8742,G,41,0,41
8743,A,41,0,41
8744,C,43,0,43
8745,T,43,0,43
8746,A,43,0,43
8747,A,43,0,43
8748,G,43,0,43
8749,A,42,0,42
8750,C,42,0,42
8751,A,42,0,42
8752,C,44,0,44
8753,G,44,0,44
8754,T,44,0,44
8755,T,44,0,44
8756,T,44,0,44
8757,G,44,0,44
8758,T,44,0,44
8759,A,44,0,44
8760,C,44,0,44
8761,T,44,0,44
8762,C,44,0,44
8763,T,43,0,43
8764,C,43,0,43
8765,G,43,0,43
8766,A,43,0,43
8767,T,43,0,43
8768,A,43,0,43
8769,T,44,0,44
8770,G,43,0,43
8771,A,43,0,43
8772,A,43,0,43
8773,G,43,0,43
8774,A,43,0,43
8775,A,43,0,43
8776,C,43,0,43
8777,A,43,0,43
8778,A,44,0,44
8779,A,45,0,45
8780,A,46,0,46
8781,A,46,0,46
8782,A,46,0,46
8783,A,46,0,46
8784,T,46,0,46
8785,G,46,0,46
8786,C,45,0,45
8787,A,45,0,45
8788,A,46,0,46
8789,G,46,0,46
8790,C,47,0,47
8791,A,49,0,49
8792,A,49,0,49
8793,T,49,0,49
8794,T,49,0,49
8795,T,48,0,48
8796,A,48,0,48
8797,G,49,0,49
8798,A,49,0,49
8799,A,49,0,49
8800,A,49,0,49
8801,G,49,0,49
8802,A,50,0,50
8803,C,50,0,50
8804,G,50,0,50
8805,A,50,0,50
8806,A,50,0,50
8807,G,51,0,51
8808,G,50,0,50
8809,G,50,0,50
8810,A,49,0,49
8811,A,49,0,49
8812,T,49,0,49
8813,A,49,0,49
8814,T,50,0,50
8815,C,51,0,51
8816,A,51,0,51
8817,A,50,0,50
8818,A,50,0,50
8819,T,50,0,50
8820,A,49,0,49
8821,T,49,0,49
8822,T,49,0,49
8823,A,47,0,47
8824,C,47,0,47
8825,G,47,0,47
8826,G,48,0,48
8827,A,48,0,48
8828,C,48,0,48
8829,G,47,0,47
8830,C,47,0,47
8831,A,47,0,47
8832,A,47,0,47
8833,A,47,0,47
8834,A,47,0,47
8835,A,47,0,47
8836,G,47,0,47
8837,C,45,0,45
8838,T,45,0,45
8839,A,45,0,45
8840,T,45,0,45
8841,T,44,0,44
8842,T,42,0,42
8843,T,41,0,41
8844,T,41,0,41
8845,T,40,0,40
8846,A,40,0,40
8847,T,40,0,40
8848,A,39,0,39
8849,A,38,0,38
8850,T,38,0,38
8851,C,37,0,37
8852,A,37,0,37
8853,A,36,0,36
8854,T,34,0,34
8855,T,34,0,34
8856,G,34,0,34
8857,T,34,0,34
8858,T,34,0,34
8859,T,34,0,34
8860,A,35,0,35
8861,T,35,0,35
8862,T,33,0,33
8863,T,33,0,33
8864,G,31,0,31
8865,G,31,0,31
8866,T,30,0,30
8867,A,31,0,31
8868,C,30,0,30
8869,A,30,0,30
8870,A,29,0,29
8871,A,29,0,29
8872,C,32,0,32
8873,A,32,0,32
8874,A,32,0,32
8875,C,32,0,32
8876,A,32,0,32
8877,A,33,0,33
8878,A,33,0,33
8879,G,33,0,33
8880,T,32,0,32
8881,T,32,0,32
8882,A,32,0,32
8883,T,32,0,32
8884,T,32,0,32
8885,T,34,0,34
8886,A,34,0,34
8887,T,34,0,34
8888,T,34,0,34
8889,A,34,0,34
8890,A,34,0,34
8891,G,35,0,35
8892,A,35,0,35
8893,T,35,0,35
8894,T,36,0,36
8895,T,34,0,34
8896,A,34,0,34
8897,T,34,0,34
8898,G,34,0,34
8899,C,33,0,33
8900,C,33,0,33
8901,T,33,0,33
8902,A,34,0,34
8903,A,32,0,32
8904,A,34,0,34
8905,A,34,0,34
8906,G,35,0,35
8907,C,37,0,37
8908,T,37,0,37
8909,C,37,0,37
8910,A,37,0,37
8911,C,37,0,37
8912,G,37,0,37
8913,A,39,0,39
8914,G,39,0,39
8915,C,39,0,39
8916,T,38,0,38
8917,G,38,0,38
8918,G,38,0,38
8919,A,39,0,39
8920,C,37,0,37
8921,T,37,0,37
8922,G,37,0,37
8923,C,38,0,38
8924,G,38,0,38
8925,A,37,0,37
8926,A,37,0,37
8927,A,37,0,37
8928,T,37,0,37
8929,A,36,0,36
8930,C,36,0,36
8931,G,35,0,35
8932,T,35,0,35
8933,T,37,0,37
8934,A,37,0,37
8935,A,37,0,37
8936,A,37,0,37
8937,A,37,0,37
8938,T,38,0,38
8939,T,38,0,38
8940,A,39,0,39
8941,C,44,0,44
8942,A,42,0,42
8943,A,42,0,42
8944,A,42,0,42
8945,A,42,0,42
8946,A,42,0,42
8947,T,44,0,44
8948,C,43,0,43
8949,A,44,0,44
8950,T,44,0,44
8951,T,44,0,44
8952,A,44,0,44
8953,C,43,0,43
8954,G,43,0,43
8955,C,43,0,43
8956,C,43,0,43
8957,A,43,0,43
8958,A,43,0,43
8959,C,44,0,44
8960,A,45,0,45
8961,A,46,0,46
8962,G,46,0,46
8963,A,47,0,47
8964,A,46,0,46
8965,T,46,0,46
8966,T,45,0,45
8967,A,45,0,45
8968,A,46,0,46
8969,G,46,0,46
8970,A,47,0,47
8971,A,47,0,47
8972,A,47,0,47
8973,A,47,0,47
8974,A,48,0,48
8975,A,49,0,49
8976,G,50,0,50
8977,C,49,0,49
8978,A,49,0,49
8979,A,51,0,51
8980,G,51,0,51
8981,C,50,0,50
8982,G,52,0,52
8983,A,52,0,52
8984,T,52,0,52
8985,A,52,0,52
8986,G,52,0,52
8987,C,54,0,54
8988,T,54,0,54
8989,A,54,0,54
8990,A,55,0,55
8991,G,57,0,57
8992,A,58,0,58
8993,G,60,0,60
8994,A,60,0,60
8995,A,60,0,60
8996,A,60,0,60
8997,A,60,0,60
8998,T,60,0,60
8999,T,60,0,60
9000,A,61,0,61
9001,G,61,0,61
9002,C,61,0,61
9003,A,60,0,60
9004,G,59,0,59
9005,A,59,0,59
9006,A,59,0,59
9007,A,58,0,58
9008,C,58,0,58
9009,T,58,0,58
9010,A,58,0,58
9011,G,57,0,57
9012,A,57,0,57
9013,T,58,0,58
9014,T,56,0,56
9015,T,55,0,55
9016,C,55,0,55
9017,C,55,0,55
9018,A,54,0,54
9019,A,54,0,54
9020,A,54,0,54
9021,T,55,0,55
9022,T,55,0,55
9023,G,54,0,54
9024,G,54,0,54
9025,T,54,0,54
9026,T,55,0,55
9027,T,55,0,55
9028,G,57,0,57
9029,A,57,0,57
9030,T,57,0,57
9031,T,57,0,57
9032,G,56,0,56
9033,G,57,0,57
9034,T,57,0,57
9035,T,57,0,57
9036,A,55,0,55
9037,C,56,0,56
9038,A,57,0,57
9039,T,57,0,57
9040,C,57,0,57
9041,A,58,0,58
9042,A,57,0,57
9043,C,58,0,58
9044,A,59,0,59
9045,A,59,0,59
9046,G,60,0,60
9047,C,62,0,62
9048,A,62,0,62
9049,A,62,0,62
9050,A,61,0,61
9051,T,62,0,62
9052,A,62,0,62
9053,T,62,0,62
9054,T,62,0,62
9055,G,61,0,61
9056,G,61,0,61
9057,T,60,0,60
9058,G,59,0,59
9059,A,59,0,59
9060,T,59,0,59
9061,A,59,0,59
9062,A,59,0,59
9063,A,59,0,59
9064,G,58,0,58
9065,A,59,0,59
9066,T,59,0,59
9067,G,59,0,59
9068,C,59,0,59
9069,T,59,0,59
9070,A,58,0,58
9071,T,57,0,57
9072,T,57,0,57
9073,G,59,0,59
9074,A,58,0,58
9075,T,59,0,59
9076,G,60,0,60
9077,T,60,0,60
9078,T,61,0,61
9079,T,61,0,61
9080,T,61,0,61
9081,G,59,0,59
9082,C,57,0,57
9083,A,57,0,57
9084,T,56,0,56
9085,T,57,0,57
9086,C,58,0,58
9087,A,58,0,58
9088,A,56,0,56
9089,T,56,0,56
9090,G,55,0,55
9091,A,53,0,53
9092,A,51,0,51
9093,T,51,0,51
9094,G,51,0,51
9095,A,51,0,51
9096,A,53,0,53
9097,C,53,0,53
9098,G,51,0,51
9099,T,51,0,51
9100,C,51,0,51
9101,G,51,0,51
9102,C,51,0,51
9103,G,52,0,52
9104,C,52,0,52
9105,T,52,0,52
9106,G,55,0,55
9107,T,55,0,55
9108,T,56,0,56
9109,T,56,0,56
9110,T,54,0,54
9111,G,53,0,53
9112,T,52,0,52
9113,C,53,0,53
9114,T,53,0,53
9115,G,54,0,54
9116,A,54,0,54
9117,T,55,0,55
9118,A,55,0,55
9119,A,55,0,55
9120,T,55,0,55
9121,T,55,0,55
9122,T,57,0,57
9123,G,58,0,58
9124,T,58,0,58
9125,T,57,0,57
9126,A,55,0,55
9127,A,53,0,53
9128,C,55,0,55
9129,T,55,0,55
9130,G,54,0,54
9131,C,56,0,56
9132,T,56,0,56
9133,A,55,0,55
9134,A,56,0,56
9135,A,57,0,57
9136,A,57,0,57
9137,C,57,0,57
9138,A,57,0,57
9139,G,59,0,59
9140,C,59,0,59
9141,C,57,0,57
9142,A,57,0,57
9143,G,57,0,57
9144,A,55,0,55
9145,A,56,0,56
9146,A,57,0,57
9147,A,57,0,57
9148,A,57,0,57
9149,C,58,0,58
9150,A,58,0,58
9151,G,57,0,57
9152,G,57,0,57
9153,T,57,0,57
9154,A,57,0,57
9155,T,57,0,57
9156,A,57,0,57
9157,C,57,0,57
9158,T,58,0,58
9159,T,58,0,58
9160,T,58,0,58
9161,T,58,0,58
9162,A,58,0,58
9163,C,58,0,58
9164,A,57,0,57
9165,A,57,0,57
9166,A,57,0,57
9167,G,57,0,57
9168,A,57,0,57
9169,A,57,0,57
9170,A,57,0,57
9171,T,58,0,58
9172,T,56,0,56
9173,T,56,0,56
9174,A,56,0,56
9175,A,57,0,57
9176,A,57,0,57
9177,A,57,0,57
9178,C,57,0,57
9179,C,55,0,55
9180,T,55,0,55
9181,T,55,0,55
9182,C,55,0,55
9183,T,55,0,55
9184,T,54,0,54
9185,T,54,0,54
9186,T,52,0,52
9187,T,52,0,52
9188,T,51,0,51
9189,G,50,0,50
9190,A,50,0,50
9191,A,49,0,49
9192,G,48,0,48
9193,A,48,0,48
9194,A,48,0,48
9195,T,48,0,48
9196,G,46,0,46
9197,G,45,0,45
9198,A,46,0,46
9199,A,45,0,45
9200,A,45,0,45
9201,T,46,0,46
9202,A,47,0,47
9203,T,47,0,47
9204,T,47,0,47
9205,T,46,0,46
9206,T,46,0,46
9207,G,45,0,45
9208,T,45,0,45
9209,A,45,0,45
9210,T,45,0,45
9211,A,45,0,45
9212,A,45,0,45
9213,A,45,0,45
9214,A,45,0,45
9215,G,45,0,45
9216,C,45,0,45
9217,A,45,0,45
9218,T,45,0,45
9219,T,44,0,44
9220,G,44,0,44
9221,A,44,0,44
9222,T,45,0,45
9223,G,44,0,44
9224,G,42,0,42
9225,T,43,0,43
9226,G,42,0,42
9227,G,42,0,42
9228,A,42,0,42
9229,A,41,0,41
9230,C,42,0,42
9231,T,43,0,43
9232,A,43,0,43
9233,T,43,0,43
9234,T,43,0,43
9235,A,44,0,44
9236,T,43,0,43
9237,T,43,0,43
9238,G,43,0,43
9239,A,43,0,43
9240,T,43,0,43
9241,A,43,0,43
9242,C,42,0,42
9243,T,42,0,42
9244,G,45,0,45
9245,G,45,0,45
9246,T,45,0,45
9247,G,43,0,43
9248,A,43,0,43
9249,A,43,0,43
9250,A,43,0,43
9251,A,43,0,43
9252,A,43,0,43
9253,A,43,0,43
9254,T,42,0,42
9255,T,42,0,42
9256,C,42,0,42
9257,A,41,0,41
9258,T,42,0,42
9259,G,40,0,40
9260,C,39,0,39
9261,A,39,0,39
9262,C,39,0,39
9263,A,39,0,39
9264,A,39,0,39
9265,A,39,0,39
9266,A,38,0,38
9267,A,39,0,39
9268,T,38,0,38
9269,T,38,0,38
9270,T,37,0,37
9271,A,37,0,37
9272,C,36,0,36
9273,T,34,0,34
9274,A,35,0,35
9275,C,35,0,35
9276,G,36,0,36
9277,G,35,0,35
9278,G,35,0,35
9279,A,34,0,34
9280,T,36,0,36
9281,C,35,0,35
9282,T,35,0,35
9283,G,35,0,35
9284,C,35,0,35
9285,T,35,0,35
9286,T,35,0,35
9287,A,35,0,35
9288,T,35,0,35
9289,C,35,0,35
9290,T,33,0,33
9291,T,33,0,33
9292,G,33,0,33
9293,C,33,0,33
9294,T,32,0,32
9295,T,32,0,32
9296,T,32,0,32
9297,A,31,0,31
9298,A,31,0,31
9299,G,31,0,31
9300,T,31,0,31
9301,C,31,0,31
9302,T,31,0,31
9303,T,31,0,31
9304,G,31,0,31
9305,C,31,0,31
9306,T,33,0,33
9307,A,33,0,33
9308,T,33,0,33
9309,T,32,0,32
9310,G,34,0,34
9311,A,34,0,34
9312,A,35,0,35
9313,A,35,0,35
9314,A,35,0,35
9315,A,35,0,35
9316,T,35,0,35
9317,T,35,0,35
9318,T,35,0,35
9319,A,35,0,35
9320,A,36,0,36
9321,A,36,0,36
9322,G,35,0,35
9323,A,35,0,35
9324,T,35,0,35
9325,C,35,0,35
9326,A,34,0,34
9327,G,34,0,34
9328,C,34,0,34
9329,C,34,0,34
9330,G,35,0,35
9331,C,34,0,34
9332,T,34,0,34
9333,T,34,0,34
9334,G,34,0,34
9335,T,34,0,34
9336,A,34,0,34
9337,T,34,0,34
9338,T,34,0,34
9339,A,34,0,34
9340,A,35,0,35
9341,A,35,0,35
9342,T,35,0,35
9343,G,37,0,37
9344,G,37,0,37
9345,T,36,0,36
9346,A,36,0,36
9347,C,37,0,37
9348,A,37,0,37
9349,G,39,0,39
9350,A,39,0,39
9351,A,40,0,40
9352,G,39,0,39
9353,A,37,0,37
9354,A,37,0,37
9355,T,37,0,37
9356,T,37,0,37
9357,T,37,0,37
9358,A,37,0,37
9359,A,37,0,37
9360,A,38,0,38
9361,A,38,0,38
9362,A,38,0,38
9363,A,39,0,39
9364,G,39,0,39
9365,A,39,0,39
9366,A,39,0,39
9367,G,39,0,39
9368,T,39,0,39
9369,T,39,0,39
9370,G,40,0,40
9371,C,40,0,40
9372,T,40,0,40
9373,C,41,0,41
9374,A,41,0,41
9375,A,41,0,41
9376,T,41,0,41
9377,T,40,0,40
9378,G,41,0,41
9379,G,42,0,42
9380,C,42,0,42
9381,C,42,0,42
9382,G,42,0,42
9383,G,42,0,42
9384,T,42,0,42
9385,A,42,0,42
9386,T,42,0,42
9387,T,42,0,42
9388,C,43,0,43
9389,A,43,0,43
9390,C,42,0,42
9391,A,42,0,42
9392,A,42,0,42
9393,T,42,0,42
9394,A,43,0,43
9395,T,41,0,41
9396,G,41,0,41
9397,A,41,0,41
9398,A,41,0,41
9399,T,42,0,42
9400,G,42,0,42
9401,T,42,0,42
9402,T,43,0,43
9403,A,43,0,43
9404,A,43,0,43
9405,C,43,0,43
9406,T,43,0,43
9407,T,43,0,43
9408,T,43,0,43
9409,G,42,0,42
9410,A,42,0,42
9411,T,42,0,42
9412,G,42,0,42
9413,A,43,0,43
9414,T,43,0,43
9415,C,43,0,43
9416,C,44,0,44
9417,T,44,0,44
9418,A,44,0,44
9419,T,44,0,44
9420,T,44,0,44
9421,T,44,0,44
9422,T,43,0,43
9423,A,43,0,43
9424,A,43,0,43
9425,A,41,0,41
9426,C,41,0,41
9427,A,40,0,40
9428,C,39,0,39
9429,T,39,0,39
9430,T,38,0,38
9431,T,38,0,38
9432,A,38,0,38
9433,A,37,0,37
9434,A,37,0,37
9435,G,37,0,37
9436,A,37,0,37
9437,A,38,0,38
9438,T,38,0,38
9439,G,39,0,39
9440,A,39,0,39
9441,A,42,0,42
9442,G,42,0,42
9443,T,42,0,42
9444,G,42,0,42
9445,A,42,0,42
9446,A,43,0,43
9447,G,42,0,42
9448,C,40,0,40
9449,A,40,0,40
9450,A,40,0,40
9451,C,40,0,40
9452,A,40,0,40
9453,C,40,0,40
9454,A,41,0,41
9455,A,42,0,42
9456,C,43,0,43
9457,A,44,0,44
9458,G,45,0,45
9459,A,45,0,45
9460,G,45,0,45
9461,A,44,0,44
9462,T,44,0,44
9463,A,43,0,43
9464,A,43,0,43
9465,C,43,0,43
9466,A,43,0,43
9467,T,43,0,43
9468,T,43,0,43
9469,G,43,0,43
9470,A,44,0,44
9471,T,43,0,43
9472,A,43,0,43
9473,A,43,0,43
9474,T,45,0,45
9475,T,45,0,45
9476,C,47,0,47
9477,A,47,0,47
9478,C,47,0,47
9479,T,47,0,47
9480,T,47,0,47
9481,C,46,0,46
9482,A,46,0,46
9483,A,47,0,47
9484,G,47,0,47
9485,A,46,0,46
9486,G,44,0,44
9487,T,44,0,44
9488,G,44,0,44
9489,G,44,0,44
9490,A,44,0,44
9491,T,44,0,44
9492,A,44,0,44
9493,G,44,0,44
9494,A,44,0,44
9495,A,45,0,45
9496,G,45,0,45
9497,A,45,0,45
9498,G,44,0,44
9499,C,44,0,44
9500,G,42,0,42
9501,A,43,0,43
9502,A,42,0,42
9503,A,42,0,42
9504,T,42,0,42
9505,A,42,0,42
9506,A,42,0,42
9507,A,45,0,45
9508,T,45,0,45
9509,A,45,0,45
9510,T,45,0,45
9511,A,44,0,44
9512,C,44,0,44
9513,A,44,0,44
9514,G,44,0,44
9515,G,44,0,44
9516,A,44,0,44
9517,A,44,0,44
9518,A,43,0,43
9519,T,43,0,43
9520,C,43,0,43
9521,T,42,0,42
9522,A,42,0,42
9523,C,42,0,42
9524,C,40,0,40
9525,T,39,0,39
9526,C,39,0,39
9527,A,39,0,39
9528,T,39,0,39
9529,G,39,0,39
9530,T,38,0,38
9531,T,38,0,38
9532,G,39,0,39
9533,T,39,0,39
9534,A,39,0,39
9535,T,39,0,39
9536,G,38,0,38
9537,G,37,0,37
9538,A,37,0,37
9539,A,36,0,36
9540,C,36,0,36
9541,G,36,0,36
9542,G,37,0,37
9543,T,37,0,37
9544,G,37,0,37
9545,A,37,0,37
9546,A,36,0,36
9547,G,36,0,36
9548,A,35,0,35
9549,A,38,0,38
9550,T,38,0,38
9551,C,38,0,38
9552,C,37,0,37
9553,G,36,0,36
9554,T,37,0,37
9555,A,38,0,38
9556,T,38,0,38
9557,T,38,0,38
9558,T,38,0,38
9559,A,38,0,38
9560,A,38,0,38
9561,T,38,0,38
9562,T,39,0,39
9563,A,39,0,39
9564,T,37,0,37
9565,G,37,0,37
9566,T,36,0,36
9567,G,36,0,36
9568,G,36,0,36
9569,G,36,0,36
9570,A,35,0,35
9571,C,35,0,35
9572,G,35,0,35
9573,T,35,0,35
9574,A,36,0,36
9575,G,39,0,39
9576,A,39,0,39
9577,A,39,0,39
9578,A,39,0,39
9579,A,39,0,39
9580,A,39,0,39
9581,T,38,0,38
9582,T,38,0,38
9583,A,38,0,38
9584,G,38,0,38
9585,A,38,0,38
9586,G,39,0,39
9587,A,38,0,38
9588,A,38,0,38
9589,A,38,0,38
9590,A,37,0,37
9591,G,37,0,37
9592,A,36,0,36
9593,A,35,0,35
9594,T,34,0,34
9595,T,34,0,34
9596,T,35,0,35
9597,C,35,0,35
9598,C,35,0,35
9599,T,36,0,36
9600,T,36,0,36
9601,C,36,0,36
9602,T,36,0,36
9603,T,36,0,36
9604,T,36,0,36
9605,T,35,0,35
9606,T,35,0,35
9607,G,35,0,35
9608,A,34,0,34
9609,A,34,0,34
9610,G,34,0,34
9611,A,34,0,34
9612,A,34,0,34
9613,A,34,0,34
9614,A,34,0,34
9615,T,33,0,33
9616,C,33,0,33
9617,A,33,0,33
9618,G,34,0,34
9619,A,34,0,34
9620,G,34,0,34
9621,A,34,0,34
9622,A,34,0,34
9623,T,34,0,34
9624,T,34,0,34
9625,T,32,0,32
9626,T,32,0,32
9627,T,30,0,30
9628,G,32,0,32
9629,T,33,0,33
9630,C,34,0,34
9631,A,33,0,33
9632,A,33,0,33
9633,G,33,0,33
9634,G,33,0,33
9635,A,33,0,33
9636,A,33,0,33
9637,A,35,0,35
9638,C,35,0,35
9639,T,35,0,35
9640,A,35,0,35
9641,C,35,0,35
9642,A,36,0,36
9643,A,36,0,36
9644,A,37,0,37
9645,G,37,0,37
9646,A,38,0,38
9647,G,38,0,38
9648,A,38,0,38
9649,G,37,0,37
9650,G,39,0,39
9651,T,40,0,40
9652,T,41,0,41
9653,T,41,0,41
9654,T,41,0,41
9655,A,41,0,41
9656,T,41,0,41
9657,T,41,0,41
9658,C,39,0,39
9659,A,40,0,40
9660,A,40,0,40
9661,G,40,0,40
9662,C,40,0,40
9663,T,40,0,40
9664,G,40,0,40
9665,G,39,0,39
9666,G,39,0,39
9667,T,39,0,39
9668,A,39,0,39
9669,T,39,0,39
9670,T,41,0,41
9671,G,42,0,42
9672,G,42,0,42
9673,A,42,0,42
9674,A,42,0,42
9675,A,42,0,42
9676,A,42,0,42
9677,A,42,0,42
9678,A,42,0,42
9679,G,42,0,42
9680,G,41,0,41
9681,C,41,0,41
9682,A,40,0,40
9683,C,39,0,39
9684,A,39,0,39
9685,A,39,0,39
9686,A,39,0,39
9687,A,40,0,40
9688,G,40,0,40
9689,T,40,0,40
9690,C,41,0,41
9691,A,41,0,41
9692,A,41,0,41
9693,G,41,0,41
9694,A,41,0,41
9695,T,40,0,40
9696,T,41,0,41
9697,A,41,0,41
9698,C,41,0,41
9699,A,41,0,41
9700,A,39,0,39
9701,A,39,0,39
9702,A,39,0,39
9703,A,39,0,39
9704,A,39,0,39
9705,T,38,0,38
9706,A,37,0,37
9707,G,37,0,37
9708,T,37,0,37
9709,G,37,0,37
9710,T,37,0,37
9711,T,37,0,37
9712,A,38,0,38
9713,A,37,0,37
9714,A,38,0,38
9715,A,38,0,38
9716,A,38,0,38
9717,T,38,0,38
9718,A,38,0,38
9719,T,38,0,38
9720,T,37,0,37
9721,T,38,0,38
9722,C,38,0,38
9723,A,38,0,38
9724,G,39,0,39
9725,A,38,0,38
9726,T,36,0,36
9727,A,36,0,36
9728,A,36,0,36
9729,A,36,0,36
9730,G,36,0,36
9731,A,36,0,36
9732,A,36,0,36
9733,A,37,0,37
9734,G,37,0,37
9735,A,37,0,37
9736,G,37,0,37
9737,A,36,0,36
9738,G,36,0,36
9739,A,36,0,36
9740,C,37,0,37
9741,T,37,0,37
9742,T,37,0,37
9743,A,36,0,36
9744,A,35,0,35
9745,G,35,0,35
9746,G,34,0,34
9747,T,35,0,35
9748,G,35,0,35
9749,T,35,0,35
9750,G,35,0,35
9751,C,36,0,36
9752,T,37,0,37
9753,T,37,0,37
9754,T,37,0,37
9755,T,38,0,38
9756,T,38,0,38
9757,T,37,0,37
9758,A,37,0,37
9759,G,38,0,38
9760,T,37,0,37
9761,C,38,0,38
9762,T,38,0,38
9763,A,38,0,38
9764,A,38,0,38
9765,A,38,0,38
9766,A,38,0,38
9767,T,38,0,38
9768,T,38,0,38
9769,A,38,0,38
9770,T,38,0,38
9771,A,38,0,38
9772,T,39,0,39
9773,T,39,0,39
9774,T,39,0,39
9775,T,39,0,39
9776,T,39,0,39
9777,T,39,0,39
9778,T,39,0,39
9779,T,37,0,37
9780,G,35,0,35
9781,A,35,0,35
9782,T,35,0,35
9783,T,35,0,35
9784,T,35,0,35
9785,T,35,0,35
9786,G,35,0,35
9787,G,35,0,35
9788,A,32,0,32
9789,C,31,0,31
9790,A,32,0,32
9791,A,32,0,32
9792,T,32,0,32
9793,T,31,0,31
9794,A,31,0,31
9795,T,31,0,31
9796,T,31,0,31
9797,T,29,0,29
9798,T,29,0,29
9799,A,29,0,29
9800,T,29,0,29
9801,G,30,0,30
9802,G,29,0,29
9803,A,28,0,28
9804,T,28,0,28
9805,A,28,0,28
9806,A,29,0,29
9807,G,30,0,30
9808,T,30,0,30
9809,C,29,0,29
9810,A,29,0,29
9811,A,30,0,30
9812,A,30,0,30
9813,A,30,0,30
9814,T,30,0,30
9815,T,30,0,30
9816,G,30,0,30
9817,T,30,0,30
9818,T,30,0,30
9819,T,31,0,31
9820,T,31,0,31
9821,C,29,0,29
9822,T,30,0,30
9823,T,30,0,30
9824,C,30,0,30
9825,A,30,0,30
9826,C,30,0,30
9827,A,31,0,31
9828,T,31,0,31
9829,T,31,0,31
9830,G,32,0,32
9831,A,32,0,32
9832,A,33,0,33
9833,A,33,0,33
9834,A,33,0,33
9835,A,34,0,34
9836,A,34,0,34
9837,A,34,0,34
9838,A,34,0,34
9839,A,35,0,35
9840,T,36,0,36
9841,G,35,0,35
9842,T,35,0,35
9843,T,35,0,35
9844,T,35,0,35
9845,C,35,0,35
9846,A,35,0,35
9847,T,36,0,36
9848,A,36,0,36
9849,A,36,0,36
9850,G,36,0,36
9851,A,36,0,36
9852,A,36,0,36
9853,A,37,0,37
9854,G,37,0,37
9855,T,38,0,38
9856,T,39,0,39
9857,A,39,0,39
9858,A,39,0,39
9859,T,39,0,39
9860,T,39,0,39
9861,T,38,0,38
9862,A,38,0,38
9863,T,37,0,37
9864,C,37,0,37
9865,T,36,0,36
9866,T,36,0,36
9867,T,38,0,38
9868,A,38,0,38
9869,A,38,0,38
9870,A,38,0,38
9871,G,38,0,38
9872,A,37,0,37
9873,G,37,0,37
9874,A,37,0,37
9875,G,37,0,37
9876,C,37,0,37
9877,T,36,0,36
9878,G,36,0,36
9879,T,35,0,35
9880,T,35,0,35
9881,T,35,0,35
9882,A,35,0,35
9883,G,37,0,37
9884,T,37,0,37
9885,T,37,0,37
9886,T,37,0,37
9887,T,37,0,37
9888,A,37,0,37
9889,T,37,0,37
9890,A,37,0,37
9891,A,37,0,37
9892,T,38,0,38
9893,C,39,0,39
9894,T,39,0,39
9895,A,39,0,39
9896,A,39,0,39
9897,G,40,0,40
9898,G,37,0,37
9899,G,37,0,37
9900,G,37,0,37
9901,G,36,0,36
9902,G,35,0,35
9903,A,34,0,34
9904,C,34,0,34
9905,T,34,0,34
9906,G,33,0,33
9907,T,33,0,33
9908,G,33,0,33
9909,A,33,0,33
9910,A,32,0,32
9911,G,32,0,32
9912,A,31,0,31
9913,A,32,0,32
9914,A,32,0,32
9915,A,32,0,32
9916,G,32,0,32
9917,C,33,0,33
9918,A,33,0,33
9919,A,33,0,33
9920,A,33,0,33
9921,G,34,0,34
9922,A,33,0,33
9923,T,33,0,33
9924,T,33,0,33
9925,C,33,0,33
9926,T,33,0,33
9927,A,33,0,33
9928,T,33,0,33
9929,A,33,0,33
9930,A,34,0,34
9931,A,34,0,34
9932,G,33,0,33
9933,G,33,0,33
9934,A,33,0,33
9935,C,33,0,33
9936,A,34,0,34
9937,A,33,0,33
9938,A,33,0,33
9939,C,33,0,33
9940,C,33,0,33
9941,C,33,0,33
9942,T,33,0,33
9943,C,33,0,33
9944,T,33,0,33
9945,A,33,0,33
9946,A,33,0,33
9947,T,34,0,34
9948,C,34,0,34
9949,C,35,0,35
9950,A,35,0,35
9951,T,34,0,34
9952,A,34,0,34
9953,T,34,0,34
9954,A,34,0,34
9955,T,34,0,34
9956,T,34,0,34
9957,A,34,0,34
9958,T,35,0,35
9959,A,35,0,35
9960,G,35,0,35
9961,C,34,0,34
9962,G,34,0,34
9963,C,34,0,34
9964,G,34,0,34
9965,T,34,0,34
9966,A,35,0,35
9967,G,35,0,35
9968,A,35,0,35
9969,G,35,0,35
9970,A,34,0,34
9971,A,35,0,35
9972,T,35,0,35
9973,G,36,0,36
9974,G,36,0,36
9975,A,36,0,36
9976,T,37,0,37
9977,G,37,0,37
9978,G,36,0,36
9979,A,36,0,36
9980,A,36,0,36
9981,A,36,0,36
9982,G,37,0,37
9983,G,36,0,36
9984,T,36,0,36
9985,A,37,0,37
9986,T,36,0,36
9987,G,36,0,36
9988,G,36,0,36
9989,G,35,0,35
9990,G,34,0,34
9991,A,33,0,33
9992,C,33,0,33
9993,T,33,0,33
9994,A,33,0,33
9995,T,32,0,32
9996,A,32,0,32
9997,T,32,0,32
9998,T,31,0,31
9999,A,31,0,31
10000,A,31,0,31
10001,G,32,0,32
10002,T,31,0,31
10003,C,31,0,31
10004,C,31,0,31
10005,G,31,0,31
10006,C,31,0,31
10007,T,30,0,30
10008,A,30,0,30
10009,A,30,0,30
10010,T,31,0,31
10011,A,31,0,31
10012,A,31,0,31
10013,T,32,0,32
10014,T,32,0,32
10015,G,32,0,32
10016,G,32,0,32
10017,C,32,0,32
10018,G,31,0,31
10019,C,31,0,31
10020,T,31,0,31
10021,T,31,0,31
10022,A,31,0,31
10023,G,31,0,31
10024,C,31,0,31
10025,A,31,0,31
10026,A,31,0,31
10027,C,31,0,31
10028,C,32,0,32
10029,T,32,0,32
10030,T,32,0,32
10031,T,32,0,32
10032,G,32,0,32
10033,G,32,0,32
10034,A,30,0,30
10035,A,30,0,30
10036,T,30,0,30
10037,G,30,0,30
10038,A,29,0,29
10039,T,28,0,28
10040,T,29,0,29
10041,A,28,0,28
10042,T,28,0,28
10043,T,28,0,28
10044,A,27,0,27
10045,T,27,0,27
10046,T,27,0,27
10047,A,27,0,27
10048,C,29,0,29
10049,T,29,0,29
10050,G,29,0,29
10051,C,29,0,29
10052,A,29,0,29
10053,A,29,0,29
10054,T,28,0,28
10055,G,28,0,28
10056,T,28,0,28
10057,C,29,0,29
10058,A,29,0,29
10059,G,29,0,29
10060,T,29,0,29
10061,A,29,0,29
10062,G,29,0,29
10063,G,30,0,30
10064,A,32,0,32
10065,G,32,0,32
10066,C,32,0,32
10067,A,32,0,32
10068,T,32,0,32
10069,T,32,0,32
10070,C,33,0,33
10071,A,33,0,33
10072,T,32,0,32
10073,T,32,0,32
10074,T,32,0,32
10075,G,32,0,32
10076,G,32,0,32
10077,A,32,0,32
10078,A,32,0,32
10079,A,32,0,32
10080,T,32,0,32
10081,C,31,0,31
10082,A,31,0,31
10083,A,31,0,31
10084,A,31,0,31
10085,T,31,0,31
10086,G,30,0,30
10087,A,30,0,30
10088,A,31,0,31
10089,G,33,0,33
10090,A,33,0,33
10091,A,35,0,35
10092,A,35,0,35
10093,C,36,0,36
10094,T,35,0,35
10095,A,36,0,36
10096,T,36,0,36
10097,T,36,0,36
10098,A,35,0,35
10099,T,36,0,36
10100,T,35,0,35
10101,C,35,0,35
10102,C,36,0,36
10103,T,36,0,36
10104,T,36,0,36
10105,A,36,0,36
10106,T,36,0,36
10107,A,36,0,36
10108,T,36,0,36
10109,A,34,0,34
10110,G,37,0,37
10111,T,37,0,37
10112,G,37,0,37
10113,C,36,0,36
10114,A,36,0,36
10115,A,36,0,36
10116,A,36,0,36
10117,C,36,0,36
10118,C,37,0,37
10119,A,37,0,37
10120,A,35,0,35
10121,T,36,0,36
10122,T,36,0,36
10123,C,36,0,36
10124,G,34,0,34
10125,G,34,0,34
10126,T,35,0,35
10127,C,36,0,36
10128,G,37,0,37
10129,G,37,0,37
10130,T,37,0,37
10131,G,37,0,37
10132,A,37,0,37
10133,G,37,0,37
10134,G,37,0,37
10135,T,37,0,37
10136,A,38,0,38
10137,A,38,0,38
10138,C,38,0,38
10139,G,38,0,38
10140,C,38,0,38
10141,A,39,0,39
10142,T,39,0,39
10143,T,39,0,39
10144,T,39,0,39
10145,A,39,0,39
10146,T,38,0,38
10147,C,39,0,39
10148,A,39,0,39
10149,A,38,0,38
10150,A,38,0,38
10151,G,38,0,38
10152,G,37,0,37
10153,C,38,0,38
10154,A,38,0,38
10155,A,38,0,38
10156,A,38,0,38
10157,T,38,0,38
10158,G,38,0,38
10159,T,38,0,38
10160,T,38,0,38
10161,G,38,0,38
10162,C,38,0,38
10163,T,38,0,38
10164,A,37,0,37
10165,C,37,0,37
10166,T,37,0,37
10167,A,38,0,38
10168,A,38,0,38
10169,A,37,0,37
10170,C,37,0,37
10171,C,36,0,36
10172,A,36,0,36
10173,A,36,0,36
10174,A,36,0,36
10175,T,36,0,36
10176,G,36,0,36
10177,C,37,0,37
10178,G,37,0,37
10179,A,37,0,37
10180,C,37,0,37
10181,C,37,0,37
10182,C,37,0,37
10183,A,37,0,37
10184,T,39,0,39
10185,A,39,0,39
10186,T,39,0,39
10187,T,39,0,39
10188,C,39,0,39
10189,G,39,0,39
10190,G,40,0,40
10191,G,39,0,39
10192,C,38,0,38
10193,G,38,0,38
10194,G,38,0,38
10195,C,38,0,38
10196,G,38,0,38
10197,T,39,0,39
10198,T,39,0,39
10199,A,38,0,38
10200,C,39,0,39
10201,G,40,0,40
10202,T,40,0,40
10203,A,40,0,40
10204,A,40,0,40
10205,T,40,0,40
10206,T,40,0,40
10207,G,40,0,40
10208,G,40,0,40
10209,A,40,0,40
10210,T,40,0,40
10211,T,39,0,39
10212,A,39,0,39
10213,T,39,0,39
10214,T,38,0,38
10215,G,36,0,36
10216,G,36,0,36
10217,G,36,0,36
10218,G,37,0,37
10219,C,37,0,37
10220,A,37,0,37
10221,C,37,0,37
10222,G,38,0,38
10223,T,38,0,38
10224,A,38,0,38
10225,C,40,0,40
10226,T,40,0,40
10227,G,41,0,41
10228,T,41,0,41
10229,T,42,0,42
10230,T,43,0,43
10231,A,43,0,43
10232,T,45,0,45
10233,G,45,0,45
10234,T,45,0,45
10235,T,45,0,45
10236,G,45,0,45
10237,A,45,0,45
10238,T,45,0,45
10239,A,44,0,44
10240,T,42,0,42
10241,G,42,0,42
10242,A,40,0,40
10243,G,40,0,40
10244,A,39,0,39
10245,G,39,0,39
10246,C,37,0,37
10247,A,38,0,38
10248,G,38,0,38
10249,A,38,0,38
10250,A,39,0,39
10251,G,39,0,39
10252,A,40,0,40
10253,A,43,0,43
10254,G,43,0,43
10255,A,44,0,44
10256,T,43,0,43
10257,C,43,0,43
10258,T,44,0,44
10259,C,44,0,44
10260,A,45,0,45
10261,T,44,0,44
10262,A,44,0,44
10263,A,46,0,46
10264,A,46,0,46
10265,C,46,0,46
10266,C,48,0,48
10267,A,48,0,48
10268,G,48,0,48
10269,A,48,0,48
10270,C,48,0,48
10271,A,48,0,48
10272,T,49,0,49
10273,A,49,0,49
10274,T,49,0,49
10275,T,48,0,48
10276,C,48,0,48
10277,A,46,0,46
10278,A,44,0,44
10279,T,43,0,43
10280,G,43,0,43
10281,A,44,0,44
10282,C,45,0,45
10283,C,47,0,47
10284,T,47,0,47
10285,T,47,0,47
10286,A,47,0,47
10287,C,47,0,47
10288,C,47,0,47
10289,T,48,0,48
10290,C,50,0,50
10291,A,50,0,50
10292,A,50,0,50
10293,T,50,0,50
10294,C,51,0,51
10295,A,51,0,51
10296,C,51,0,51
10297,C,51,0,51
10298,A,50,0,50
10299,G,50,0,50
10300,C,50,0,50
10301,A,51,0,51
10302,T,52,0,52
10303,A,52,0,52
10304,T,51,0,51
10305,G,51,0,51
10306,C,51,0,51
10307,C,51,0,51
10308,A,52,0,52
10309,T,52,0,52
10310,G,52,0,52
10311,C,52,0,52
10312,T,52,0,52
10313,T,53,0,53
10314,G,53,0,53
10315,T,53,0,53
10316,T,53,0,53
10317,G,53,0,53
10318,A,52,0,52
10319,A,52,0,52
10320,T,52,0,52
10321,A,53,0,53
10322,T,53,0,53
10323,C,53,0,53
10324,A,54,0,54
10325,T,55,0,55
10326,A,57,0,57
10327,A,57,0,57
10328,A,55,0,55
10329,C,55,0,55
10330,A,56,0,56
10331,A,56,0,56
10332,A,56,0,56
10333,A,57,0,57
10334,T,58,0,58
10335,G,57,0,57
10336,A,57,0,57
10337,T,57,0,57
10338,C,57,0,57
10339,C,57,0,57
10340,T,57,0,57
10341,T,57,0,57
10342,A,57,0,57
10343,T,58,0,58
10344,T,58,0,58
10345,C,58,0,58
10346,A,58,0,58
10347,C,58,0,58
10348,G,57,0,57
10349,T,57,0,57
10350,G,57,0,57
10351,C,56,0,56
10352,T,56,0,56
10353,G,57,0,57
10354,C,57,0,57
10355,A,57,0,57
10356,A,57,0,57
10357,T,58,0,58
10358,G,58,0,58
10359,G,59,0,59
10360,A,59,0,59
10361,G,59,0,59
10362,A,58,0,58
10363,C,58,0,58
10364,A,58,0,58
10365,G,59,0,59
10366,T,59,0,59
10367,G,59,0,59
10368,G,59,0,59
10369,A,58,0,58
10370,A,57,0,57
10371,G,58,0,58
10372,T,56,0,56
10373,T,55,0,55
10374,C,56,0,56
10375,A,56,0,56
10376,A,55,0,55
10377,G,55,0,55
10378,T,54,0,54
10379,T,54,0,54
10380,A,55,0,55
10381,A,54,0,54
10382,T,54,0,54
10383,G,54,0,54
10384,C,54,0,54
10385,A,54,0,54
10386,A,54,0,54
10387,T,54,0,54
10388,T,54,0,54
10389,G,54,0,54
10390,T,55,0,55
10391,T,55,0,55
10392,C,55,0,55
10393,C,55,0,55
10394,T,55,0,55
10395,G,55,0,55
10396,T,55,0,55
10397,T,55,0,55
10398,T,54,0,54
10399,C,54,0,54
10400,C,55,0,55
10401,G,52,0,52
10402,A,52,0,52
10403,T,51,0,51
10404,G,46,0,46
10405,A,46,0,46
10406,T,45,0,45
10407,A,45,0,45
10408,C,45,0,45
10409,T,45,0,45
10410,T,44,0,44
10411,G,43,0,43
10412,G,43,0,43
10413,C,44,0,44
10414,A,43,0,43
10415,A,44,0,44
10416,A,43,0,43
10417,T,43,0,43
10418,T,42,0,42
10419,G,40,0,40
10420,A,39,0,39
10421,A,39,0,39
10422,T,39,0,39
10423,G,37,0,37
10424,G,37,0,37
10425,A,37,0,37
10426,C,38,0,38
10427,T,38,0,38
10428,G,37,0,37
10429,A,37,0,37
10430,A,37,0,37
10431,A,37,0,37
10432,A,36,0,36
10433,G,36,0,36
10434,A,34,0,34
10435,A,34,0,34
10436,A,34,0,34
10437,A,33,0,33
10438,G,33,0,33
10439,A,33,0,33
10440,G,33,0,33
10441,C,32,0,32
10442,A,32,0,32
10443,C,31,0,31
10444,G,31,0,31
10445,G,30,0,30
10446,T,30,0,30
10447,C,30,0,30
10448,A,30,0,30
10449,G,30,0,30
10450,G,30,0,30
10451,T,31,0,31
10452,G,31,0,31
10453,C,30,0,30
10454,T,30,0,30
10455,A,30,0,30
10456,T,30,0,30
10457,T,30,0,30
10458,A,30,0,30
10459,T,29,0,29
10460,T,29,0,29
10461,G,29,0,29
10462,A,29,0,29
10463,T,28,0,28
10464,A,28,0,28
10465,C,28,0,28
10466,T,29,0,29
10467,A,29,0,29
10468,A,29,0,29
10469,A,29,0,29
10470,C,31,0,31
10471,T,31,0,31
10472,T,30,0,30
10473,T,30,0,30
10474,G,29,0,29
10475,G,28,0,28
10476,C,28,0,28
10477,A,26,0,26
10478,A,26,0,26
10479,G,26,0,26
10480,C,25,0,25
10481,T,24,0,24
10482,A,25,0,25
10483,C,25,0,25
10484,C,24,0,24
10485,G,24,0,24
10486,C,23,0,23
10487,T,23,0,23
10488,A,23,0,23
10489,C,23,0,23
10490,A,23,0,23
10491,G,23,0,23
10492,T,23,0,23
10493,T,23,0,23
10494,A,24,0,24
10495,T,24,0,24
10496,T,24,0,24
10497,T,24,0,24
10498,T,24,0,24
10499,A,24,0,24
10500,G,23,0,23
10501,C,23,0,23
10502,A,23,0,23
10503,A,23,0,23
10504,T,21,0,21
10505,A,21,0,21
10506,C,21,0,21
10507,C,22,0,22
10508,A,21,0,21
10509,A,21,0,21
10510,A,19,0,19
10511,A,19,0,19
10512,A,19,0,19
10513,C,19,0,19
10514,T,19,0,19
10515,G,19,0,19
10516,A,19,0,19
10517,A,19,0,19
10518,A,19,0,19
10519,A,20,0,20
10520,G,20,0,20
10521,C,19,0,19
10522,A,18,0,18
10523,A,18,0,18
10524,A,18,0,18
10525,T,17,0,17
10526,A,17,0,17
10527,A,17,0,17
10528,T,18,0,18
10529,G,18,0,18
10530,G,19,0,19
10531,T,17,0,17
10532,A,17,0,17
10533,A,18,0,18
10534,A,18,0,18
10535,T,18,0,18
10536,C,18,0,18
10537,C,19,0,19
10538,T,19,0,19
10539,A,20,0,20
10540,T,20,0,20
10541,T,20,0,20
10542,G,20,0,20
10543,G,20,0,20
10544,G,20,0,20
10545,T,20,0,20
10546,T,21,0,21
10547,A,21,0,21
10548,T,21,0,21
10549,A,21,0,21
10550,T,23,0,23
10551,G,23,0,23
10552,T,23,0,23
10553,T,25,0,25
10554,A,25,0,25
10555,A,26,0,26
10556,A,26,0,26
10557,C,26,0,26
10558,A,26,0,26
10559,A,26,0,26
10560,T,26,0,26
10561,T,26,0,26
10562,T,26,0,26
10563,G,26,0,26
10564,C,26,0,26
10565,A,25,0,25
10566,T,24,0,24
10567,G,24,0,24
10568,G,24,0,24
10569,A,24,0,24
10570,C,24,0,24
10571,G,24,0,24
10572,C,27,0,27
10573,C,28,0,28
10574,A,29,0,29
10575,A,29,0,29
10576,G,29,0,29
10577,A,28,0,28
10578,C,30,0,30
10579,T,30,0,30
10580,T,30,0,30
10581,T,31,0,31
10582,A,32,0,32
10583,A,32,0,32
10584,A,32,0,32
10585,A,32,0,32
10586,T,32,0,32
10587,C,33,0,33
10588,A,33,0,33
10589,A,33,0,33
10590,T,33,0,33
10591,C,33,0,33
10592,A,32,0,32
10593,T,32,0,32
10594,A,32,0,32
10595,G,32,0,32
10596,T,32,0,32
10597,A,32,0,32
10598,A,32,0,32
10599,A,34,0,34
10600,T,34,0,34
10601,G,34,0,34
10602,C,34,0,34
10603,G,33,0,33
10604,T,33,0,33
10605,A,33,0,33
10606,A,33,0,33
10607,A,33,0,33
10608,G,33,0,33
10609,C,35,0,35
10610,G,36,0,36
10611,G,37,0,37
10612,G,37,0,37
10613,A,37,0,37
10614,A,38,0,38
10615,T,37,0,37
10616,T,37,0,37
10617,T,36,0,36
10618,T,36,0,36
10619,A,36,0,36
10620,T,36,0,36
10621,G,34,0,34
10622,T,34,0,34
10623,T,35,0,35
10624,A,35,0,35
10625,A,35,0,35
10626,A,35,0,35
10627,A,36,0,36
10628,A,37,0,37
10629,A,37,0,37
10630,A,37,0,37
10631,A,37,0,37
10632,T,37,0,37
10633,T,36,0,36
10634,A,38,0,38
10635,T,38,0,38
10636,T,38,0,38
10637,T,39,0,39
10638,T,39,0,39
10639,T,40,0,40
10640,A,41,0,41
10641,T,41,0,41
10642,A,41,0,41
10643,A,41,0,41
10644,G,42,0,42
10645,T,41,0,41
10646,A,41,0,41
10647,C,41,0,41
10648,A,41,0,41
10649,G,43,0,43
10650,T,43,0,43
10651,T,43,0,43
10652,A,43,0,43
10653,T,44,0,44
10654,T,44,0,44
10655,T,44,0,44
10656,T,44,0,44
10657,T,44,0,44
10658,G,43,0,43
10659,C,43,0,43
10660,A,43,0,43
10661,A,43,0,43
10662,C,43,0,43
10663,A,43,0,43
10664,T,44,0,44
10665,C,44,0,44
10666,A,44,0,44
10667,A,44,0,44
10668,A,44,0,44
10669,A,44,0,44
10670,G,44,0,44
10671,C,44,0,44
10672,T,44,0,44
10673,C,44,0,44
10674,T,44,0,44
10675,G,44,0,44
10676,G,44,0,44
10677,C,44,0,44
10678,G,44,0,44
10679,A,43,0,43
10680,C,43,0,43
10681,A,43,0,43
10682,G,42,0,42
10683,A,42,0,42
10684,T,43,0,43
10685,G,43,0,43
10686,T,43,0,43
10687,A,43,0,43
10688,T,42,0,42
10689,C,43,0,43
10690,A,41,0,41
10691,C,41,0,41
10692,A,41,0,41
10693,C,43,0,43
10694,G,43,0,43
10695,A,43,0,43
10696,C,43,0,43
10697,A,42,0,42
10698,T,42,0,42
10699,T,42,0,42
10700,A,42,0,42
10701,A,40,0,40
10702,T,40,0,40
10703,T,40,0,40
10704,T,38,0,38
10705,T,39,0,39
10706,G,39,0,39
10707,T,39,0,39
10708,T,39,0,39
10709,T,39,0,39
10710,C,39,0,39
10711,T,39,0,39
10712,C,38,0,38
10713,C,39,0,39
10714,T,39,0,39
10715,C,38,0,38
10716,A,37,0,37
10717,A,37,0,37
10718,A,37,0,37
10719,G,37,0,37
10720,A,37,0,37
10721,G,39,0,39
10722,T,39,0,39
10723,A,37,0,37
10724,A,36,0,36
10725,T,36,0,36
10726,G,36,0,36
10727,C,37,0,37
10728,T,37,0,37
10729,T,36,0,36
10730,A,36,0,36
10731,C,36,0,36
10732,T,35,0,35
10733,G,36,0,36
10734,A,36,0,36
10735,T,36,0,36
10736,A,36,0,36
10737,A,36,0,36
10738,G,36,0,36
10739,G,36,0,36
10740,A,36,0,36
10741,A,37,0,37
10742,G,37,0,37
10743,C,37,0,37
10744,A,37,0,37
10745,T,37,0,37
10746,G,38,0,38
10747,G,38,0,38
10748,G,36,0,36
10749,G,36,0,36
10750,A,35,0,35
10751,A,35,0,35
10752,T,35,0,35
10753,T,35,0,35
10754,A,35,0,35
10755,A,35,0,35
10756,A,35,0,35
10757,T,35,0,35
10758,T,35,0,35
10759,G,35,0,35
10760,G,33,0,33
10761,C,33,0,33
10762,A,33,0,33
10763,A,33,0,33
10764,A,33,0,33
10765,T,32,0,32
10766,C,32,0,32
10767,A,32,0,32
10768,A,32,0,32
10769,T,33,0,33
10770,G,33,0,33
10771,G,34,0,34
10772,A,34,0,34
10773,A,34,0,34
10774,G,33,0,33
10775,A,33,0,33
10776,A,33,0,33
10777,T,33,0,33
10778,A,32,0,32
10779,A,31,0,31
10780,T,31,0,31
10781,C,31,0,31
10782,C,32,0,32
10783,A,31,0,31
10784,A,31,0,31
10785,A,29,0,29
10786,A,29,0,29
10787,A,29,0,29
10788,G,29,0,29
10789,G,29,0,29
10790,C,29,0,29
10791,C,28,0,28
10792,T,27,0,27
10793,A,27,0,27
10794,T,29,0,29
10795,A,28,0,28
10796,T,28,0,28
10797,A,28,0,28
10798,T,28,0,28
10799,T,28,0,28
10800,C,27,0,27
10801,T,27,0,27
10802,G,29,0,29
10803,G,29,0,29
10804,T,28,0,28
10805,G,28,0,28
10806,A,28,0,28
10807,C,29,0,29
10808,G,31,0,31
10809,G,31,0,31
10810,C,33,0,33
10811,A,33,0,33
10812,G,33,0,33
10813,T,33,0,33
10814,A,33,0,33
10815,T,32,0,32
10816,T,32,0,32
10817,A,34,0,34
10818,A,34,0,34
10819,A,34,0,34
10820,T,35,0,35
10821,A,34,0,34
10822,T,34,0,34
10823,C,34,0,34
10824,T,33,0,33
10825,T,33,0,33
10826,T,33,0,33
10827,A,33,0,33
10828,T,33,0,33
10829,G,33,0,33
10830,G,32,0,32
10831,G,33,0,33
10832,G,33,0,33
10833,C,33,0,33
10834,T,34,0,34
10835,A,35,0,35
10836,C,36,0,36
10837,T,36,0,36
10838,T,36,0,36
10839,T,37,0,37
10840,G,38,0,38
10841,C,41,0,41
10842,C,41,0,41
10843,T,41,0,41
10844,A,40,0,40
10845,C,40,0,40
10846,A,40,0,40
10847,T,40,0,40
10848,T,41,0,41
10849,G,41,0,41
10850,G,41,0,41
10851,T,40,0,40
10852,G,40,0,40
10853,T,40,0,40
10854,G,40,0,40
10855,T,40,0,40
10856,A,39,0,39
10857,C,40,0,40
10858,A,40,0,40
10859,C,40,0,40
10860,C,41,0,41
10861,A,42,0,42
10862,T,42,0,42
10863,T,42,0,42
10864,A,42,0,42
10865,G,42,0,42
10866,A,42,0,42
10867,G,43,0,43
10868,G,43,0,43
10869,T,43,0,43
10870,T,42,0,42
10871,T,42,0,42
10872,G,41,0,41
10873,C,42,0,42
10874,A,42,0,42
10875,C,42,0,42
10876,A,40,0,40
10877,A,40,0,40
10878,T,40,0,40
10879,T,40,0,40
10880,C,40,0,40
10881,A,40,0,40
10882,G,42,0,42
10883,T,42,0,42
10884,T,40,0,40
10885,G,40,0,40
10886,C,40,0,40
10887,A,40,0,40
10888,A,40,0,40
10889,G,40,0,40
10890,T,40,0,40
10891,A,40,0,40
10892,G,40,0,40
10893,G,40,0,40
10894,T,40,0,40
10895,G,40,0,40
10896,A,40,0,40
10897,G,39,0,39
10898,A,39,0,39
10899,C,39,0,39
10900,T,39,0,39
10901,A,38,0,38
10902,T,38,0,38
10903,A,38,0,38
10904,A,38,0,38
10905,A,38,0,38
10906,T,38,0,38
10907,T,38,0,38
10908,C,38,0,38
10909,T,38,0,38
10910,C,37,0,37
10911,T,37,0,37
10912,T,37,0,37
10913,C,37,0,37
10914,A,38,0,38
10915,T,39,0,39
10916,G,39,0,39
10917,C,39,0,39
10918,T,39,0,39
10919,G,39,0,39
10920,G,39,0,39
10921,T,39,0,39
10922,G,39,0,39
10923,A,39,0,39
10924,T,39,0,39
10925,A,39,0,39
10926,C,41,0,41
10927,T,40,0,40
10928,G,40,0,40
10929,T,40,0,40
10930,A,41,0,41
10931,A,41,0,41
10932,G,42,0,42
10933,A,43,0,43
10934,T,43,0,43
10935,G,43,0,43
10936,G,43,0,43
10937,A,43,0,43
10938,A,43,0,43
10939,G,43,0,43
10940,A,45,0,45
10941,T,45,0,45
10942,T,45,0,45
10943,A,45,0,45
10944,G,46,0,46
10945,T,43,0,43
10946,C,43,0,43
10947,C,43,0,43
10948,T,44,0,44
10949,A,44,0,44
10950,C,44,0,44
10951,C,44,0,44
10952,G,44,0,44
10953,T,43,0,43
10954,A,43,0,43
10955,A,44,0,44
10956,G,44,0,44
10957,T,42,0,42
10958,G,41,0,41
10959,G,39,0,39
10960,G,39,0,39
10961,A,38,0,38
10962,G,39,0,39
10963,T,38,0,38
10964,G,39,0,39
10965,G,39,0,39
10966,C,38,0,38
10967,A,38,0,38
10968,C,37,0,37
10969,A,38,0,38
10970,G,38,0,38
10971,C,41,0,41
10972,A,41,0,41
10973,T,41,0,41
10974,C,41,0,41
10975,A,41,0,41
10976,A,42,0,42
10977,C,42,0,42
10978,A,42,0,42
10979,A,40,0,40
10980,C,41,0,41
10981,T,41,0,41
10982,T,41,0,41
10983,A,43,0,43
10984,T,44,0,44
10985,G,44,0,44
10986,T,43,0,43
10987,T,42,0,42
10988,G,42,0,42
10989,T,42,0,42
10990,G,41,0,41
10991,G,40,0,40
10992,T,37,0,37
10993,A,37,0,37
10994,A,37,0,37
10995,A,37,0,37
10996,G,37,0,37
10997,C,35,0,35
10998,C,35,0,35
10999,T,35,0,35
11000,A,35,0,35
11001,T,35,0,35
11002,A,35,0,35
11003,G,35,0,35
11004,A,36,0,36
11005,T,36,0,36
11006,G,36,0,36
11007,C,36,0,36
11008,T,35,0,35
11009,G,35,0,35
11010,G,36,0,36
11011,C,35,0,35
11012,T,35,0,35
11013,T,35,0,35
11014,A,35,0,35
11015,A,35,0,35
11016,C,36,0,36
11017,A,36,0,36
11018,A,35,0,35
11019,C,35,0,35
11020,A,35,0,35
11021,A,35,0,35
11022,A,36,0,36
11023,T,36,0,36
11024,C,35,0,35
11025,T,35,0,35
11026,C,35,0,35
11027,T,35,0,35
11028,T,35,0,35
11029,T,37,0,37
11030,A,37,0,37
11031,T,37,0,37
11032,T,36,0,36
11033,A,34,0,34
11034,C,34,0,34
11035,G,34,0,34
11036,A,34,0,34
11037,C,34,0,34
11038,G,34,0,34
11039,G,34,0,34
11040,A,34,0,34
11041,T,34,0,34
11042,C,34,0,34
11043,G,35,0,35
11044,C,35,0,35
11045,C,37,0,37
11046,G,37,0,37
11047,T,38,0,38
11048,A,38,0,38
11049,C,39,0,39
11050,T,39,0,39
11051,T,41,0,41
11052,A,41,0,41
11053,T,41,0,41
11054,A,41,0,41
11055,T,41,0,41
11056,G,42,0,42
11057,A,42,0,42
11058,T,41,0,41
11059,C,42,0,42
11060,A,42,0,42
11061,A,42,0,42
11062,A,42,0,42
11063,C,44,0,44
11064,T,43,0,43
11065,T,43,0,43
11066,G,43,0,43
11067,C,43,0,43
11068,T,44,0,44
11069,A,44,0,44
11070,G,44,0,44
11071,T,44,0,44
11072,A,44,0,44
11073,C,45,0,45
11074,G,45,0,45
11075,C,46,0,46
11076,A,46,0,46
11077,A,45,0,45
11078,A,45,0,45
11079,G,46,0,46
11080,T,46,0,46
11081,T,46,0,46
11082,C,46,0,46
11083,T,46,0,46
11084,T,45,0,45
11085,C,47,0,47
11086,A,47,0,47
11087,A,46,0,46
11088,T,46,0,46
11089,T,46,0,46
11090,C,46,0,46
11091,C,44,0,44
11092,T,43,0,43
11093,C,43,0,43
11094,T,43,0,43
11095,T,43,0,43
11096,C,43,0,43
11097,T,43,0,43
11098,T,43,0,43
11099,T,43,0,43
11100,C,44,0,44
11101,T,45,0,45
11102,T,45,0,45
11103,T,45,0,45
11104,T,46,0,46
11105,G,46,0,46
11106,T,45,0,45
11107,T,45,0,45
11108,T,47,0,47
11109,A,47,0,47
11110,T,47,0,47
11111,C,47,0,47
11112,C,46,0,46
11113,A,44,0,44
11114,G,44,0,44
11115,A,43,0,43
11116,T,44,0,44
11117,G,44,0,44
11118,A,44,0,44
11119,T,44,0,44
11120,A,43,0,43
11121,C,43,0,43
11122,A,40,0,40
11123,G,40,0,40
11124,A,40,0,40
11125,T,41,0,41
11126,C,41,0,41
11127,A,39,0,39
11128,A,40,0,40
11129,G,40,0,40
11130,A,41,0,41
11131,T,41,0,41
11132,T,41,0,41
11133,G,41,0,41
11134,G,41,0,41
11135,G,41,0,41
11136,C,42,0,42
11137,T,42,0,42
11138,G,42,0,42
11139,C,42,0,42
11140,A,43,0,43
11141,T,43,0,43
11142,A,43,0,43
11143,T,43,0,43
11144,A,43,0,43
11145,A,43,0,43
11146,A,44,0,44
11147,G,44,0,44
11148,C,44,0,44
11149,G,44,0,44
11150,G,44,0,44
11151,C,45,0,45
11152,T,45,0,45
11153,A,45,0,45
11154,C,44,0,44
11155,A,43,0,43
11156,G,43,0,43
11157,A,43,0,43
11158,T,43,0,43
11159,A,43,0,43
11160,A,44,0,44
11161,A,44,0,44
11162,A,45,0,45
11163,G,45,0,45
11164,C,46,0,46
11165,C,47,0,47
11166,G,47,0,47
11167,G,46,0,46
11168,A,46,0,46
11169,C,45,0,45
11170,T,45,0,45
11171,A,46,0,46
11172,C,45,0,45
11173,C,45,0,45
11174,T,45,0,45
11175,T,45,0,45
11176,A,45,0,45
11177,C,45,0,45
11178,C,45,0,45
11179,A,45,0,45
11180,A,44,0,44
11181,C,44,0,44
11182,A,44,0,44
11183,G,45,0,45
11184,G,45,0,45
11185,T,46,0,46
11186,C,46,0,46
11187,A,47,0,47
11188,A,47,0,47
11189,A,47,0,47
11190,A,48,0,48
11191,T,48,0,48
11192,T,48,0,48
11193,T,47,0,47
11194,A,45,0,45
11195,G,44,0,44
11196,C,42,0,42
11197,T,42,0,42
11198,G,42,0,42
11199,C,42,0,42
11200,T,42,0,42
11201,C,41,0,41
11202,T,40,0,40
11203,T,41,0,41
11204,G,41,0,41
11205,A,41,0,41
11206,T,41,0,41
11207,T,39,0,39
11208,T,38,0,38
11209,T,38,0,38
11210,A,37,0,37
11211,A,37,0,37
11212,C,38,0,38
11213,T,37,0,37
11214,T,36,0,36
11215,T,36,0,36
11216,C,36,0,36
11217,G,36,0,36
11218,T,36,0,36
11219,A,36,0,36
11220,T,36,0,36
11221,T,36,0,36
11222,A,36,0,36
11223,C,36,0,36
11224,G,36,0,36
11225,A,36,0,36
11226,T,35,0,35
11227,T,35,0,35
11228,A,33,0,33
11229,G,33,0,33
11230,T,33,0,33
11231,G,33,0,33
11232,A,32,0,32
11233,T,32,0,32
11234,C,34,0,34
11235,G,34,0,34
11236,A,34,0,34
11237,A,35,0,35
11238,G,34,0,34
11239,A,34,0,34
11240,A,34,0,34
11241,T,35,0,35
11242,T,36,0,36
11243,A,36,0,36
11244,A,36,0,36
11245,A,35,0,35
11246,T,35,0,35
11247,G,34,0,34
11248,G,35,0,35
11249,T,35,0,35
11250,A,35,0,35
11251,T,35,0,35
11252,C,34,0,34
11253,C,35,0,35
11254,A,35,0,35
11255,A,35,0,35
11256,G,35,0,35
11257,A,35,0,35
11258,C,35,0,35
11259,G,34,0,34
11260,G,34,0,34
11261,G,34,0,34
11262,T,34,0,34
11263,T,34,0,34
11264,T,35,0,35
11265,A,35,0,35
11266,T,34,0,34
11267,A,33,0,33
11268,C,33,0,33
11269,A,33,0,33
11270,G,33,0,33
11271,A,33,0,33
11272,C,33,0,33
11273,G,33,0,33
11274,G,33,0,33
11275,G,33,0,33
11276,T,32,0,32
11277,T,33,0,33
11278,T,34,0,34
11279,A,33,0,33
11280,A,33,0,33
11281,A,33,0,33
11282,A,32,0,32
11283,C,33,0,33
11284,T,33,0,33
11285,T,33,0,33
11286,A,33,0,33
11287,C,31,0,31
11288,A,32,0,32
11289,T,32,0,32
11290,T,32,0,32
11291,G,31,0,31
11292,A,31,0,31
11293,A,32,0,32
11294,T,32,0,32
11295,T,32,0,32
11296,A,32,0,32
11297,C,32,0,32
11298,C,32,0,32
11299,T,32,0,32
11300,A,32,0,32
11301,G,32,0,32
11302,T,31,0,31
11303,G,31,0,31
11304,A,31,0,31
11305,T,31,0,31
11306,G,31,0,31
11307,G,31,0,31
11308,A,32,0,32
11309,G,33,0,33
11310,T,34,0,34
11311,T,33,0,33
11312,A,33,0,33
11313,G,32,0,32
11314,G,32,0,32
11315,G,31,0,31
11316,G,30,0,30
11317,A,30,0,30
11318,A,31,0,31
11319,C,32,0,32
11320,A,32,0,32
11321,G,31,0,31
11322,C,30,0,30
11323,A,31,0,31
11324,C,31,0,31
11325,C,31,0,31
11326,A,32,0,32
11327,G,32,0,32
11328,C,32,0,32
11329,T,32,0,32
11330,T,32,0,32
11331,T,33,0,33
11332,A,33,0,33
11333,A,33,0,33
11334,T,32,0,32
11335,T,32,0,32
11336,G,31,0,31
11337,C,31,0,31
11338,T,30,0,30
11339,A,30,0,30
11340,T,30,0,30
11341,T,30,0,30
11342,G,30,0,30
11343,G,30,0,30
11344,T,31,0,31
11345,G,31,0,31
11346,A,31,0,31
11347,T,31,0,31
11348,G,32,0,32
11349,A,32,0,32
11350,T,32,0,32
11351,G,32,0,32
11352,G,33,0,33
11353,G,34,0,34
11354,G,33,0,33
11355,G,33,0,33
11356,T,33,0,33
11357,T,33,0,33
11358,T,35,0,35
11359,C,35,0,35
11360,T,35,0,35
11361,T,36,0,36
11362,A,36,0,36
11363,A,35,0,35
11364,A,34,0,34
11365,A,35,0,35
11366,A,34,0,34
11367,A,34,0,34
11368,A,34,0,34
11369,C,35,0,35
11370,C,35,0,35
11371,T,35,0,35
11372,A,35,0,35
11373,G,35,0,35
11374,C,35,0,35
11375,G,38,0,38
11376,A,38,0,38
11377,A,38,0,38
11378,A,38,0,38
11379,G,38,0,38
11380,A,39,0,39
11381,T,39,0,39
11382,T,38,0,38
11383,A,38,0,38
11384,A,38,0,38
11385,T,37,0,37
11386,A,37,0,37
11387,A,35,0,35
11388,A,34,0,34
11389,C,34,0,34
11390,T,33,0,33
11391,A,33,0,33
11392,T,33,0,33
11393,C,32,0,32
11394,G,32,0,32
11395,C,32,0,32
11396,A,32,0,32
11397,T,32,0,32
11398,G,32,0,32
11399,A,32,0,32
11400,T,32,0,32
11401,A,33,0,33
11402,G,33,0,33
11403,G,33,0,33
11404,A,32,0,32
11405,A,32,0,32
11406,A,32,0,32
11407,T,32,0,32
11408,C,33,0,33
11409,G,33,0,33
11410,A,33,0,33
11411,T,33,0,33
11412,A,33,0,33
11413,T,33,0,33
11414,G,33,0,33
11415,T,32,0,32
11416,T,32,0,32
11417,G,32,0,32
11418,T,32,0,32
11419,T,33,0,33
11420,G,34,0,34
11421,A,34,0,34
11422,T,32,0,32
11423,G,33,0,33
11424,C,33,0,33
11425,A,33,0,33
11426,G,33,0,33
11427,T,33,0,33
11428,T,34,0,34
11429,A,33,0,33
11430,T,33,0,33
11431,T,33,0,33
11432,A,33,0,33
11433,A,33,0,33
11434,C,32,0,32
11435,A,32,0,32
11436,A,33,0,33
11437,A,33,0,33
11438,G,35,0,35
11439,T,35,0,35
11440,G,35,0,35
11441,G,37,0,37
11442,C,37,0,37
11443,T,38,0,38
11444,C,39,0,39
11445,T,39,0,39
11446,G,39,0,39
11447,A,38,0,38
11448,T,38,0,38
11449,T,38,0,38
11450,T,41,0,41
11451,C,41,0,41
11452,T,42,0,42
11453,G,42,0,42
11454,G,42,0,42
11455,C,42,0,42
11456,G,42,0,42
11457,T,42,0,42
11458,A,42,0,42
11459,G,43,0,43
11460,G,43,0,43
11461,A,42,0,42
11462,A,42,0,42
11463,G,42,0,42
11464,T,41,0,41
11465,T,41,0,41
11466,C,41,0,41
11467,T,41,0,41
11468,C,42,0,42
11469,A,41,0,41
11470,G,41,0,41
11471,C,41,0,41
11472,A,41,0,41
11473,G,43,0,43
11474,A,42,0,42
11475,G,42,0,42
11476,A,42,0,42
11477,G,41,0,41
11478,T,41,0,41
11479,A,42,0,42
11480,A,43,0,43
11481,C,43,0,43
11482,A,43,0,43
11483,A,43,0,43
11484,T,43,0,43
11485,T,43,0,43
11486,A,44,0,44
11487,T,44,0,44
11488,T,44,0,44
11489,A,46,0,46
11490,G,46,0,46
11491,G,45,0,45
11492,G,45,0,45
11493,G,45,0,45
11494,G,46,0,46
11495,C,44,0,44
11496,G,44,0,44
11497,T,44,0,44
11498,T,44,0,44
11499,A,44,0,44
11500,A,44,0,44
11501,A,44,0,44
11502,A,44,0,44
11503,T,44,0,44
11504,G,43,0,43
11505,T,43,0,43
11506,T,43,0,43
11507,A,43,0,43
11508,A,43,0,43
11509,A,41,0,41
11510,A,41,0,41
11511,T,41,0,41
11512,A,41,0,41
11513,T,41,0,41
11514,C,41,0,41
11515,T,41,0,41
11516,A,39,0,39
11517,T,39,0,39
11518,T,39,0,39
11519,G,40,0,40
11520,T,40,0,40
11521,T,40,0,40
11522,G,41,0,41
11523,T,41,0,41
11524,T,42,0,42
11525,G,42,0,42
11526,C,39,0,39
11527,T,39,0,39
11528,T,39,0,39
11529,C,40,0,40
11530,T,40,0,40
11531,T,39,0,39
11532,G,40,0,40
11533,T,40,0,40
11534,T,40,0,40
11535,T,40,0,40
11536,T,39,0,39
11537,G,40,0,40
11538,A,40,0,40
11539,C,41,0,41
11540,G,40,0,40
11541,G,40,0,40
11542,C,40,0,40
11543,T,40,0,40
11544,G,41,0,41
11545,G,41,0,41
11546,T,41,0,41
11547,T,41,0,41
11548,G,41,0,41
11549,C,41,0,41
11550,A,41,0,41
11551,C,41,0,41
11552,G,40,0,40
11553,T,41,0,41
11554,C,41,0,41
11555,T,42,0,42
11556,A,42,0,42
11557,T,43,0,43
11558,A,43,0,43
11559,G,43,0,43
11560,G,43,0,43
11561,T,43,0,43
11562,C,43,0,43
11563,A,43,0,43
11564,C,44,0,44
11565,C,44,0,44
11566,G,45,0,45
11567,T,46,0,46
11568,T,46,0,46
11569,C,48,0,48
11570,A,47,0,47
11571,T,46,0,46
11572,C,46,0,46
11573,T,46,0,46
11574,T,45,0,45
11575,T,45,0,45
11576,G,45,0,45
11577,T,45,0,45
11578,T,45,0,45
11579,G,43,0,43
11580,G,44,0,44
11581,T,44,0,44
11582,C,43,0,43
11583,A,43,0,43
11584,A,42,0,42
11585,T,41,0,41
11586,T,41,0,41
11587,A,40,0,40
11588,T,40,0,40
11589,G,38,0,38
11590,T,38,0,38
11591,T,37,0,37
11592,G,37,0,37
11593,A,38,0,38
11594,T,38,0,38
11595,C,38,0,38
11596,A,38,0,38
11597,A,38,0,38
11598,A,38,0,38
11599,A,38,0,38
11600,T,38,0,38
11601,A,37,0,37
11602,T,37,0,37
11603,T,36,0,36
11604,A,37,0,37
11605,C,40,0,40
11606,A,40,0,40
11607,G,40,0,40
11608,A,41,0,41
11609,G,41,0,41
11610,A,40,0,40
11611,A,40,0,40
11612,T,40,0,40
11613,G,39,0,39
11614,A,39,0,39
11615,T,39,0,39
11616,G,39,0,39
11617,C,39,0,39
11618,A,39,0,39
11619,A,39,0,39
11620,G,40,0,40
11621,T,40,0,40
11622,T,40,0,40
11623,T,40,0,40
11624,A,39,0,39
11625,A,39,0,39
11626,T,41,0,41
11627,T,40,0,40
11628,A,40,0,40
11629,C,41,0,41
11630,T,40,0,40
11631,A,40,0,40
11632,G,41,0,41
11633,T,41,0,41
11634,G,41,0,41
11635,A,41,0,41
11636,T,41,0,41
11637,T,40,0,40
11638,T,40,0,40
11639,T,41,0,41
11640,G,39,0,39
11641,T,39,0,39
11642,T,39,0,39
11643,C,40,0,40
11644,G,40,0,40
11645,C,40,0,40
11646,T,40,0,40
11647,A,43,0,43
11648,T,43,0,43
11649,C,43,0,43
11650,T,44,0,44
11651,T,44,0,44
11652,A,44,0,44
11653,G,44,0,44
11654,A,44,0,44
11655,G,44,0,44
11656,A,44,0,44
11657,T,43,0,43
11658,C,43,0,43
11659,C,43,0,43
11660,T,43,0,43
11661,T,43,0,43
11662,T,44,0,44
11663,T,44,0,44
11664,C,44,0,44
11665,C,44,0,44
11666,T,44,0,44
11667,C,44,0,44
11668,C,44,0,44
11669,T,44,0,44
11670,G,43,0,43
11671,C,43,0,43
11672,A,43,0,43
11673,A,42,0,42
11674,C,43,0,43
11675,T,43,0,43
11676,A,44,0,44
11677,C,44,0,44
11678,A,44,0,44
11679,A,44,0,44
11680,C,44,0,44
11681,A,44,0,44
11682,T,43,0,43
11683,T,43,0,43
11684,T,43,0,43
11685,A,43,0,43
11686,T,43,0,43
11687,T,43,0,43
11688,G,42,0,42
11689,T,43,0,43
11690,G,42,0,42
11691,A,42,0,42
11692,A,42,0,42
11693,A,42,0,42
11694,A,43,0,43
11695,C,43,0,43
11696,A,43,0,43
11697,A,44,0,44
11698,A,44,0,44
11699,T,44,0,44
11700,G,43,0,43
11701,A,43,0,43
11702,T,42,0,42
11703,A,43,0,43
11704,C,42,0,42
11705,A,40,0,40
11706,G,40,0,40
11707,A,40,0,40
11708,G,41,0,41
11709,G,41,0,41
11710,A,42,0,42
11711,C,41,0,41
11712,A,41,0,41
11713,A,42,0,42
11714,G,42,0,42
11715,T,41,0,41
11716,T,41,0,41
11717,T,41,0,41
11718,A,41,0,41
11719,C,41,0,41
11720,A,39,0,39
11721,T,39,0,39
11722,C,40,0,40
11723,T,40,0,40
11724,T,40,0,40
11725,T,40,0,40
11726,A,40,0,40
11727,T,40,0,40
11728,T,40,0,40
11729,G,40,0,40
11730,G,42,0,42
11731,T,41,0,41
11732,C,41,0,41
11733,A,41,0,41
11734,A,42,0,42
11735,T,42,0,42
11736,C,42,0,42
11737,T,41,0,41
11738,T,41,0,41
11739,C,43,0,43
11740,T,43,0,43
11741,A,43,0,43
11742,C,45,0,45
11743,A,45,0,45
11744,A,45,0,45
11745,A,44,0,44
11746,A,44,0,44
11747,G,44,0,44
11748,A,44,0,44
11749,A,44,0,44
11750,T,44,0,44
11751,G,45,0,45
11752,G,44,0,44
11753,C,43,0,43
11754,T,43,0,43
11755,A,43,0,43
11756,T,41,0,41
11757,G,41,0,41
11758,G,42,0,42
11759,T,41,0,41
11760,G,41,0,41
11761,T,40,0,40
11762,A,40,0,40
11763,A,40,0,40
11764,T,40,0,40
11765,T,40,0,40
11766,T,39,0,39
11767,A,39,0,39
11768,T,39,0,39
11769,A,39,0,39
11770,C,38,0,38
11771,A,37,0,37
11772,G,37,0,37
11773,A,37,0,37
11774,T,37,0,37
11775,C,38,0,38
11776,A,40,0,40
11777,A,40,0,40
11778,C,40,0,40
11779,C,40,0,40
11780,A,40,0,40
11781,G,41,0,41
11782,A,41,0,41
11783,A,40,0,40
11784,A,40,0,40
11785,A,39,0,39
11786,A,39,0,39
11787,C,39,0,39
11788,A,40,0,40
11789,T,39,0,39
11790,A,38,0,38
11791,A,40,0,40
11792,A,39,0,39
11793,A,39,0,39
11794,A,38,0,38
11795,C,41,0,41
11796,C,40,0,40
11797,A,40,0,40
11798,G,40,0,40
11799,G,40,0,40
11800,G,41,0,41
11801,T,41,0,41
11802,A,41,0,41
11803,T,41,0,41
11804,A,41,0,41
11805,A,42,0,42
11806,A,43,0,43
11807,T,44,0,44
11808,C,44,0,44
11809,T,44,0,44
11810,A,45,0,45
11811,A,45,0,45
11812,C,45,0,45
11813,C,46,0,46
11814,T,45,0,45
11815,A,45,0,45
11816,C,45,0,45
11817,A,45,0,45
11818,A,46,0,46
11819,A,46,0,46
11820,G,46,0,46
11821,T,48,0,48
11822,G,49,0,49
11823,A,50,0,50
11824,T,50,0,50
11825,G,51,0,51
11826,C,51,0,51
11827,C,50,0,50
11828,C,51,0,51
11829,T,51,0,51
11830,T,51,0,51
11831,G,51,0,51
11832,G,52,0,52
11833,A,52,0,52
11834,T,52,0,52
11835,C,52,0,52
11836,A,52,0,52
11837,A,52,0,52
11838,G,52,0,52
11839,G,52,0,52
11840,T,50,0,50
11841,A,50,0,50
11842,T,50,0,50
11843,A,50,0,50
11844,G,49,0,49
11845,T,48,0,48
11846,A,48,0,48
11847,T,48,0,48
11848,T,48,0,48
11849,G,49,0,49
11850,G,49,0,49
11851,T,49,0,49
11852,G,50,0,50
11853,G,50,0,50
11854,C,50,0,50
11855,A,50,0,50
11856,C,50,0,50
11857,A,50,0,50
11858,A,50,0,50
11859,T,50,0,50
11860,A,51,0,51
11861,T,50,0,50
11862,G,50,0,50
11863,A,50,0,50
11864,T,49,0,49
11865,T,49,0,49
11866,T,48,0,48
11867,A,48,0,48
11868,A,48,0,48
11869,C,49,0,49
11870,T,49,0,49
11871,G,49,0,49
11872,A,49,0,49
11873,A,48,0,48
11874,A,48,0,48
11875,T,48,0,48
11876,A,51,0,51
11877,A,51,0,51
11878,C,51,0,51
11879,G,51,0,51
11880,C,50,0,50
11881,G,48,0,48
11882,T,48,0,48
11883,T,48,0,48
11884,A,48,0,48
11885,T,50,0,50
11886,T,50,0,50
11887,A,52,0,52
11888,T,52,0,52
11889,G,53,0,53
11890,T,52,0,52
11891,T,53,0,53
11892,C,53,0,53
11893,G,52,0,52
11894,T,52,0,52
11895,T,52,0,52
11896,T,52,0,52
11897,A,52,0,52
11898,A,52,0,52
11899,A,51,0,51
11900,A,51,0,51
11901,A,52,0,52
11902,C,52,0,52
11903,T,51,0,51
11904,G,52,0,52
11905,G,52,0,52
11906,A,52,0,52
11907,A,52,0,52
11908,A,52,0,52
11909,T,51,0,51
11910,A,52,0,52
11911,T,52,0,52
11912,T,52,0,52
11913,G,52,0,52
11914,T,53,0,53
11915,A,53,0,53
11916,C,53,0,53
11917,C,53,0,53
11918,G,53,0,53
11919,G,54,0,54
11920,C,54,0,54
11921,T,54,0,54
11922,G,54,0,54
11923,C,54,0,54
11924,T,54,0,54
11925,C,54,0,54
11926,C,53,0,53
11927,T,51,0,51
11928,T,49,0,49
11929,T,49,0,49
11930,T,48,0,48
11931,A,48,0,48
11932,T,49,0,49
11933,T,48,0,48
11934,G,48,0,48
11935,C,49,0,49
11936,T,49,0,49
11937,C,49,0,49
11938,G,49,0,49
11939,T,49,0,49
11940,G,49,0,49
11941,T,49,0,49
11942,A,47,0,47
11943,G,47,0,47
11944,A,47,0,47
11945,T,47,0,47
11946,G,45,0,45
11947,A,46,0,46
11948,T,48,0,48
11949,G,49,0,49
11950,G,50,0,50
11951,G,49,0,49
11952,G,48,0,48
11953,G,49,0,49
11954,A,48,0,48
11955,A,48,0,48
11956,A,48,0,48
11957,A,47,0,47
11958,G,47,0,47
11959,G,48,0,48
11960,G,49,0,49
11961,T,48,0,48
11962,G,45,0,45
11963,A,45,0,45
11964,A,44,0,44
11965,A,45,0,45
11966,A,45,0,45
11967,A,45,0,45
11968,C,44,0,44
11969,A,45,0,45
11970,A,45,0,45
11971,T,45,0,45
11972,C,44,0,44
11973,A,43,0,43
11974,A,42,0,42
11975,A,42,0,42
11976,A,41,0,41
11977,A,41,0,41
11978,A,41,0,41
11979,T,40,0,40
11980,T,40,0,40
11981,A,40,0,40
11982,G,41,0,41
11983,T,40,0,40
11984,C,40,0,40
11985,C,40,0,40
11986,T,39,0,39
11987,T,39,0,39
11988,C,39,0,39
11989,T,39,0,39
11990,G,39,0,39
11991,A,40,0,40
11992,A,40,0,40
11993,T,40,0,40
11994,C,40,0,40
11995,T,41,0,41
11996,C,41,0,41
11997,C,41,0,41
11998,G,44,0,44
11999,G,43,0,43
12000,A,43,0,43
12001,T,43,0,43
12002,T,43,0,43
12003,T,42,0,42
12004,T,42,0,42
12005,T,41,0,41
12006,T,41,0,41
12007,T,41,0,41
12008,T,41,0,41
12009,C,41,0,41
12010,T,41,0,41
12011,A,40,0,40
12012,C,39,0,39
12013,A,39,0,39
12014,A,39,0,39
12015,A,39,0,39
12016,A,39,0,39
12017,A,40,0,40
12018,C,40,0,40
12019,C,40,0,40
12020,A,39,0,39
12021,A,39,0,39
12022,A,39,0,39
12023,G,39,0,39
12024,G,39,0,39
12025,A,39,0,39
12026,C,39,0,39
12027,G,37,0,37
12028,T,37,0,37
12029,G,37,0,37
12030,G,37,0,37
12031,T,37,0,37
12032,G,38,0,38
12033,T,38,0,38
12034,G,38,0,38
12035,C,38,0,38
12036,G,34,0,34
12037,G,34,0,34
12038,C,32,0,32
12039,G,32,0,32
12040,G,32,0,32
12041,T,32,0,32
12042,T,31,0,31
12043,A,32,0,32
12044,A,33,0,33
12045,A,34,0,34
12046,C,33,0,33
12047,A,33,0,33
12048,A,33,0,33
12049,T,33,0,33
12050,A,33,0,33
12051,T,33,0,33
12052,A,33,0,33
12053,C,32,0,32
12054,C,32,0,32
12055,T,31,0,31
12056,T,31,0,31
12057,T,31,0,31
12058,G,31,0,31
12059,A,31,0,31
12060,T,31,0,31
12061,A,30,0,30
12062,G,30,0,30
12063,G,30,0,30
12064,T,30,0,30
12065,G,30,0,30
12066,C,31,0,31
12067,T,31,0,31
12068,A,31,0,31
12069,T,31,0,31
12070,A,30,0,30
12071,G,30,0,30
12072,G,30,0,30
12073,T,30,0,30
12074,A,29,0,29
12075,T,29,0,29
12076,C,29,0,29
12077,A,30,0,30
12078,T,30,0,30
12079,T,30,0,30
12080,G,30,0,30
12081,T,30,0,30
12082,G,30,0,30
12083,T,28,0,28
12084,T,28,0,28
12085,T,28,0,28
12086,G,28,0,28
12087,C,28,0,28
12088,T,29,0,29
12089,C,29,0,29
12090,T,28,0,28
12091,G,27,0,27
12092,G,28,0,28
12093,T,29,0,29
12094,T,29,0,29
12095,G,29,0,29
12096,G,29,0,29
12097,T,30,0,30
12098,A,29,0,29
12099,T,28,0,28
12100,T,26,0,26
12101,A,25,0,25
12102,C,25,0,25
12103,A,26,0,26
12104,T,27,0,27
12105,A,27,0,27
12106,T,27,0,27
12107,A,26,0,26
12108,C,26,0,26
12109,T,26,0,26
12110,T,25,0,25
12111,T,25,0,25
12112,T,25,0,25
12113,A,25,0,25
12114,T,25,0,25
12115,G,24,0,24
12116,T,23,0,23
12117,T,23,0,23
12118,G,23,0,23
12119,C,23,0,23
12120,G,22,0,22
12121,G,22,0,22
12122,C,22,0,22
12123,A,22,0,22
12124,G,23,0,23
12125,C,23,0,23
12126,A,23,0,23
12127,A,24,0,24
12128,T,23,0,23
12129,C,24,0,24
12130,T,25,0,25
12131,A,24,0,24
12132,A,26,0,26
12133,T,26,0,26
12134,A,27,0,27
12135,A,27,0,27
12136,T,27,0,27
12137,G,28,0,28
12138,T,28,0,28
12139,T,28,0,28
12140,G,28,0,28
12141,C,28,0,28
12142,C,27,0,27
12143,G,27,0,27
12144,T,26,0,26
12145,A,27,0,27
12146,G,27,0,27
12147,A,27,0,27
12148,A,28,0,28
12149,G,26,0,26
12150,A,26,0,26
12151,C,27,0,27
12152,A,27,0,27
12153,A,26,0,26
12154,A,26,0,26
12155,A,26,0,26
12156,A,26,0,26
12157,A,26,0,26
12158,A,26,0,26
12159,A,26,0,26
12160,A,27,0,27
12161,C,29,0,29
12162,T,29,0,29
12163,A,29,0,29
12164,T,29,0,29
12165,T,29,0,29
12166,T,30,0,30
12167,A,30,0,30
12168,T,30,0,30
12169,A,30,0,30
12170,G,30,0,30
12171,A,31,0,31
12172,T,31,0,31
12173,G,31,0,31
12174,A,32,0,32
12175,A,32,0,32
12176,A,32,0,32
12177,C,31,0,31
12178,A,31,0,31
12179,C,30,0,30
12180,C,30,0,30
12181,T,30,0,30
12182,T,31,0,31
12183,T,30,0,30
12184,G,30,0,30
12185,C,30,0,30
12186,C,30,0,30
12187,A,30,0,30
12188,A,30,0,30
12189,T,31,0,31
12190,T,31,0,31
12191,C,30,0,30
12192,G,30,0,30
12193,T,30,0,30
12194,C,30,0,30
12195,C,30,0,30
12196,G,29,0,29
12197,G,29,0,29
12198,A,29,0,29
12199,G,29,0,29
12200,G,29,0,29
12201,G,29,0,29
12202,T,30,0,30
12203,A,30,0,30
12204,A,30,0,30
12205,T,30,0,30
12206,G,31,0,31
12207,A,32,0,32
12208,T,32,0,32
12209,T,32,0,32
12210,A,33,0,33
12211,T,33,0,33
12212,G,33,0,33
12213,T,33,0,33
12214,T,33,0,33
12215,C,32,0,32
12216,A,33,0,33
12217,A,34,0,34
12218,G,34,0,34
12219,C,34,0,34
12220,A,34,0,34
12221,A,36,0,36
12222,C,36,0,36
12223,A,36,0,36
12224,G,39,0,39
12225,G,39,0,39
12226,A,39,0,39
12227,C,40,0,40
12228,C,39,0,39
12229,A,39,0,39
12230,G,39,0,39
12231,A,39,0,39
12232,G,41,0,41
12233,T,39,0,39
12234,T,40,0,40
12235,A,41,0,41
12236,C,42,0,42
12237,C,42,0,42
12238,A,41,0,41
12239,T,41,0,41
12240,T,41,0,41
12241,A,41,0,41
12242,T,41,0,41
12243,T,41,0,41
12244,A,42,0,42
12245,G,42,0,42
12246,A,43,0,43
12247,G,47,0,47
12248,C,47,0,47
12249,C,47,0,47
12250,A,46,0,46
12251,A,47,0,47
12252,T,47,0,47
12253,T,48,0,48
12254,A,48,0,48
12255,A,47,0,47
12256,A,47,0,47
12257,T,47,0,47
12258,C,47,0,47
12259,A,47,0,47
12260,A,47,0,47
12261,C,47,0,47
12262,C,47,0,47
12263,G,48,0,48
12264,A,48,0,48
12265,A,48,0,48
12266,A,48,0,48
12267,T,48,0,48
12268,T,48,0,48
12269,A,48,0,48
12270,A,48,0,48
12271,A,48,0,48
12272,C,48,0,48
12273,A,48,0,48
12274,G,50,0,50
12275,T,49,0,49
12276,C,49,0,49
12277,A,49,0,49
12278,G,49,0,49
12279,C,47,0,47
12280,A,46,0,46
12281,A,46,0,46
12282,A,46,0,46
12283,A,46,0,46
12284,G,46,0,46
12285,C,45,0,45
12286,A,46,0,46
12287,G,46,0,46
12288,A,46,0,46
12289,T,46,0,46
12290,A,46,0,46
12291,C,49,0,49
12292,A,51,0,51
12293,A,52,0,52
12294,A,52,0,52
12295,T,52,0,52
12296,C,51,0,51
12297,C,53,0,53
12298,A,53,0,53
12299,G,52,0,52
12300,A,52,0,52
12301,A,52,0,52
12302,C,52,0,52
12303,A,52,0,52
12304,A,52,0,52
12305,A,53,0,53
12306,A,54,0,54
12307,A,54,0,54
12308,C,54,0,54
12309,A,54,0,54
12310,A,53,0,53
12311,C,51,0,51
12312,T,50,0,50
12313,C,51,0,51
12314,G,51,0,51
12315,A,50,0,50
12316,T,50,0,50
12317,A,50,0,50
12318,A,50,0,50
12319,A,50,0,50
12320,A,50,0,50
12321,C,50,0,50
12322,A,50,0,50
12323,G,50,0,50
12324,T,50,0,50
12325,A,49,0,49
12326,G,49,0,49
12327,A,50,0,50
12328,T,50,0,50
12329,G,51,0,51
12330,A,51,0,51
12331,A,50,0,50
12332,G,50,0,50
12333,A,50,0,50
12334,A,50,0,50
12335,G,50,0,50
12336,A,50,0,50
12337,T,50,0,50
12338,G,50,0,50
12339,A,50,0,50
12340,A,49,0,49
12341,A,49,0,49
12342,T,49,0,49
12343,A,49,0,49
12344,C,49,0,49
12345,A,51,0,51
12346,A,49,0,49
12347,A,49,0,49
12348,A,49,0,49
12349,A,49,0,49
12350,A,49,0,49
12351,G,49,0,49
12352,A,50,0,50
12353,T,50,0,50
12354,T,50,0,50
12355,A,50,0,50
12356,T,50,0,50
12357,T,49,0,49
12358,A,48,0,48
12359,A,50,0,50
12360,C,50,0,50
12361,A,49,0,49
12362,C,49,0,49
12363,A,48,0,48
12364,T,48,0,48
12365,A,49,0,49
12366,T,49,0,49
12367,C,48,0,48
12368,G,47,0,47
12369,A,47,0,47
12370,A,47,0,47
12371,G,46,0,46
12372,A,44,0,44
12373,G,45,0,45
12374,A,45,0,45
12375,G,44,0,44
12376,G,45,0,45
12377,C,46,0,46
12378,G,45,0,45
12379,T,45,0,45
12380,T,45,0,45
12381,T,45,0,45
12382,G,45,0,45
12383,G,43,0,43
12384,C,42,0,42
12385,T,41,0,41
12386,A,40,0,40
12387,G,39,0,39
12388,A,39,0,39
12389,A,38,0,38
12390,T,38,0,38
12391,G,38,0,38
12392,G,37,0,37
12393,A,37,0,37
12394,G,37,0,37
12395,G,36,0,36
12396,C,37,0,37
12397,T,37,0,37
12398,G,34,0,34
12399,C,34,0,34
12400,T,34,0,34
12401,T,34,0,34
12402,T,33,0,33
12403,A,33,0,33
12404,G,34,0,34
12405,A,34,0,34
12406,T,35,0,35
12407,T,36,0,36
12408,C,36,0,36
12409,T,36,0,36
12410,G,36,0,36
12411,A,36,0,36
12412,T,37,0,37
12413,C,38,0,38
12414,C,39,0,39
12415,T,39,0,39
12416,A,39,0,39
12417,C,39,0,39
12418,G,39,0,39
12419,G,40,0,40
12420,T,40,0,40
12421,T,40,0,40
12422,T,40,0,40
12423,C,40,0,40
12424,C,43,0,43
12425,T,40,0,40
12426,T,40,0,40
12427,T,40,0,40
12428,A,40,0,40
12429,C,40,0,40
12430,A,41,0,41
12431,A,42,0,42
12432,T,42,0,42
12433,C,42,0,42
12434,A,43,0,43
12435,A,43,0,43
12436,T,43,0,43
12437,T,41,0,41
12438,C,43,0,43
12439,A,43,0,43
12440,A,43,0,43
12441,A,43,0,43
12442,G,40,0,40
12443,G,38,0,38
12444,T,38,0,38
12445,A,38,0,38
12446,A,38,0,38
12447,A,38,0,38
12448,A,37,0,37
12449,A,37,0,37
12450,A,37,0,37
12451,T,37,0,37
12452,C,37,0,37
12453,A,36,0,36
12454,A,36,0,36
12455,T,36,0,36
12456,C,38,0,38
12457,T,37,0,37
12458,C,37,0,37
12459,C,38,0,38
12460,A,38,0,38
12461,A,38,0,38
12462,T,38,0,38
12463,T,38,0,38
12464,C,37,0,37
12465,A,37,0,37
12466,A,37,0,37
12467,G,37,0,37
12468,A,37,0,37
12469,T,38,0,38
12470,A,38,0,38
12471,C,38,0,38
12472,A,38,0,38
12473,T,38,0,38
12474,A,38,0,38
12475,T,38,0,38
12476,C,38,0,38
12477,C,38,0,38
12478,G,37,0,37
12479,C,37,0,37
12480,A,37,0,37
12481,A,37,0,37
12482,A,38,0,38
12483,A,38,0,38
12484,A,38,0,38
12485,G,38,0,38
12486,C,38,0,38
12487,G,38,0,38
12488,A,39,0,39
12489,C,39,0,39
12490,C,39,0,39
12491,C,39,0,39
12492,T,39,0,39
12493,T,39,0,39
12494,G,39,0,39
12495,A,39,0,39
12496,A,37,0,37
12497,A,37,0,37
12498,A,37,0,37
12499,T,37,0,37
12500,T,37,0,37
12501,T,37,0,37
12502,A,37,0,37
12503,T,36,0,36
12504,T,36,0,36
12505,T,36,0,36
12506,G,36,0,36
12507,G,36,0,36
12508,T,36,0,36
12509,C,36,0,36
12510,G,35,0,35
12511,A,36,0,36
12512,T,37,0,37
12513,C,37,0,37
12514,T,38,0,38
12515,G,38,0,38
12516,G,37,0,37
12517,A,37,0,37
12518,T,37,0,37
12519,T,36,0,36
12520,A,37,0,37
12521,T,37,0,37
12522,C,37,0,37
12523,C,39,0,39
12524,G,38,0,38
12525,C,38,0,38
12526,T,38,0,38
12527,A,37,0,37
12528,A,38,0,38
12529,C,37,0,37
12530,T,37,0,37
12531,C,37,0,37
12532,A,38,0,38
12533,T,38,0,38
12534,C,39,0,39
12535,T,39,0,39
12536,T,39,0,39
12537,T,39,0,39
12538,A,39,0,39
12539,T,39,0,39
12540,A,39,0,39
12541,C,39,0,39
12542,A,39,0,39
12543,A,39,0,39
12544,T,39,0,39
12545,G,39,0,39
12546,G,40,0,40
12547,T,40,0,40
12548,G,40,0,40
12549,A,40,0,40
12550,T,40,0,40
12551,G,40,0,40
12552,G,40,0,40
12553,G,40,0,40
12554,G,40,0,40
12555,G,39,0,39
12556,G,39,0,39
12557,C,36,0,36
12558,G,37,0,37
12559,T,36,0,36
12560,G,35,0,35
12561,A,36,0,36
12562,T,37,0,37
12563,C,35,0,35
12564,C,35,0,35
12565,T,35,0,35
12566,A,35,0,35
12567,A,35,0,35
12568,T,35,0,35
12569,A,35,0,35
12570,T,32,0,32
12571,G,31,0,31
12572,C,30,0,30
12573,A,30,0,30
12574,A,30,0,30
12575,G,29,0,29
12576,C,28,0,28
12577,A,28,0,28
12578,C,30,0,30
12579,A,30,0,30
12580,A,30,0,30
12581,A,30,0,30
12582,A,29,0,29
12583,A,29,0,29
12584,A,30,0,30
12585,T,30,0,30
12586,T,30,0,30
12587,G,32,0,32
12588,C,32,0,32
12589,T,30,0,30
12590,T,28,0,28
12591,T,28,0,28
12592,T,28,0,28
12593,T,28,0,28
12594,T,28,0,28
12595,A,28,0,28
12596,T,28,0,28
12597,C,28,0,28
12598,T,28,0,28
12599,C,27,0,27
12600,A,27,0,27
12601,A,27,0,27
12602,T,27,0,27
12603,C,27,0,27
12604,T,27,0,27
12605,C,27,0,27
12606,C,27,0,27
12607,A,25,0,25
12608,G,25,0,25
12609,A,25,0,25
12610,A,24,0,24
12611,G,25,0,25
12612,C,26,0,26
12613,A,26,0,26
12614,G,26,0,26
12615,A,26,0,26
12616,A,26,0,26
12617,G,26,0,26
12618,T,26,0,26
12619,T,26,0,26
12620,T,25,0,25
12621,A,26,0,26
12622,C,26,0,26
12623,T,26,0,26
12624,T,27,0,27
12625,A,28,0,28
12626,A,28,0,28
12627,A,28,0,28
12628,A,28,0,28
12629,A,28,0,28
12630,A,28,0,28
12631,C,27,0,27
12632,A,27,0,27
12633,C,26,0,26
12634,G,26,0,26
12635,C,26,0,26
12636,G,30,0,30
12637,T,30,0,30
12638,C,30,0,30
12639,A,29,0,29
12640,A,29,0,29
12641,G,29,0,29
12642,A,30,0,30
12643,A,30,0,30
12644,G,30,0,30
12645,C,30,0,30
12646,T,31,0,31
12647,A,33,0,33
12648,T,33,0,33
12649,C,33,0,33
12650,A,34,0,34
12651,A,34,0,34
12652,G,34,0,34
12653,G,34,0,34
12654,C,34,0,34
12655,A,35,0,35
12656,A,35,0,35
12657,G,35,0,35
12658,C,35,0,35
12659,C,36,0,36
12660,T,36,0,36
12661,T,35,0,35
12662,G,33,0,33
12663,A,32,0,32
12664,G,32,0,32
12665,A,31,0,31
12666,T,31,0,31
12667,T,31,0,31
12668,A,31,0,31
12669,A,31,0,31
12670,G,32,0,32
12671,G,32,0,32
12672,C,31,0,31
12673,T,31,0,31
12674,G,30,0,30
12675,G,29,0,29
12676,A,29,0,29
12677,A,29,0,29
12678,C,29,0,29
12679,C,28,0,28
12680,A,28,0,28
12681,T,28,0,28
12682,T,30,0,30
12683,A,30,0,30
12684,T,30,0,30
12685,T,29,0,29
12686,C,29,0,29
12687,C,29,0,29
12688,T,29,0,29
12689,A,29,0,29
12690,G,29,0,29
12691,T,29,0,29
12692,A,30,0,30
12693,T,30,0,30
12694,T,30,0,30
12695,A,31,0,31
12696,T,31,0,31
12697,G,30,0,30
12698,A,29,0,29
12699,T,29,0,29
12700,A,29,0,29
12701,A,29,0,29
12702,G,29,0,29
12703,T,29,0,29
12704,G,30,0,30
12705,G,30,0,30
12706,T,31,0,31
12707,A,31,0,31
12708,T,31,0,31
12709,T,30,0,30
12710,A,30,0,30
12711,A,29,0,29
12712,C,29,0,29
12713,A,31,0,31
12714,G,31,0,31
12715,T,31,0,31
12716,G,32,0,32
12717,A,33,0,33
12718,T,33,0,33
12719,T,32,0,32
12720,T,32,0,32
12721,G,32,0,32
12722,C,33,0,33
12723,C,34,0,34
12724,T,35,0,35
12725,G,35,0,35
12726,G,36,0,36
12727,A,37,0,37
12728,C,38,0,38
12729,A,37,0,37
12730,A,37,0,37
12731,A,36,0,36
12732,T,36,0,36
12733,C,36,0,36
12734,A,36,0,36
12735,T,35,0,35
12736,A,35,0,35
12737,G,36,0,36
12738,C,36,0,36
12739,T,36,0,36
12740,C,37,0,37
12741,A,37,0,37
12742,A,37,0,37
12743,G,37,0,37
12744,T,40,0,40
12745,A,40,0,40
12746,A,40,0,40
12747,G,41,0,41
12748,A,40,0,40
12749,G,40,0,40
12750,A,41,0,41
12751,A,41,0,41
12752,A,41,0,41
12753,G,42,0,42
12754,T,42,0,42
12755,G,42,0,42
12756,T,44,0,44
12757,T,45,0,45
12758,T,46,0,46
12759,A,46,0,46
12760,C,46,0,46
12761,G,46,0,46
12762,A,46,0,46
12763,T,45,0,45
12764,T,45,0,45
12765,C,45,0,45
12766,C,45,0,45
12767,G,45,0,45
12768,C,45,0,45
12769,T,45,0,45
12770,A,45,0,45
12771,C,46,0,46
12772,T,45,0,45
12773,G,46,0,46
12774,G,47,0,47
12775,C,48,0,48
12776,C,52,0,52
12777,A,52,0,52
12778,A,52,0,52
12779,A,52,0,52
12780,A,52,0,52
12781,T,52,0,52
12782,G,52,0,52
12783,T,52,0,52
12784,T,54,0,54
12785,T,54,0,54
12786,T,53,0,53
12787,A,49,0,49
12788,A,50,0,50
12789,T,50,0,50
12790,T,51,0,51
12791,C,51,0,51
12792,C,52,0,52
12793,T,51,0,51
12794,T,51,0,51
12795,T,51,0,51
12796,G,51,0,51
12797,G,49,0,49
12798,G,49,0,49
12799,G,49,0,49
12800,T,49,0,49
12801,C,48,0,48
12802,G,49,0,49
12803,A,49,0,49
12804,G,49,0,49
12805,G,49,0,49
12806,C,52,0,52
12807,T,52,0,52
12808,A,52,0,52
12809,A,52,0,52
12810,T,52,0,52
12811,T,52,0,52
12812,G,52,0,52
12813,G,52,0,52
12814,A,52,0,52
12815,A,52,0,52
12816,C,52,0,52
12817,A,52,0,52
12818,T,52,0,52
12819,A,52,0,52
12820,T,53,0,53
12821,G,51,0,51
12822,A,51,0,51
12823,T,51,0,51
12824,A,51,0,51
12825,G,51,0,51
12826,T,52,0,52
12827,C,52,0,52
12828,G,52,0,52
12829,T,52,0,52
12830,G,52,0,52
12831,T,54,0,54
12832,A,54,0,54
12833,T,53,0,53
12834,C,53,0,53
12835,T,53,0,53
12836,A,53,0,53
12837,C,54,0,54
12838,T,54,0,54
12839,G,54,0,54
12840,G,54,0,54
12841,T,54,0,54
12842,C,55,0,55
12843,A,55,0,55
12844,A,55,0,55
12845,A,57,0,57
12846,A,56,0,56
12847,A,56,0,56
12848,A,56,0,56
12849,G,56,0,56
12850,A,57,0,57
12851,G,57,0,57
12852,C,56,0,56
12853,A,57,0,57
12854,C,58,0,58
12855,T,57,0,57
12856,G,56,0,56
12857,A,56,0,56
12858,T,56,0,56
12859,T,56,0,56
12860,G,56,0,56
12861,C,56,0,56
12862,T,56,0,56
12863,T,56,0,56
12864,G,52,0,52
12865,G,54,0,54
12866,T,54,0,54
12867,C,55,0,55
12868,A,54,0,54
12869,A,55,0,55
12870,G,55,0,55
12871,A,55,0,55
12872,G,55,0,55
12873,T,54,0,54
12874,T,54,0,54
12875,A,54,0,54
12876,T,54,0,54
12877,T,52,0,52
12878,T,53,0,53
12879,A,53,0,53
12880,T,52,0,52
12881,C,52,0,52
12882,C,52,0,52
12883,A,51,0,51
12884,G,51,0,51
12885,A,51,0,51
12886,T,51,0,51
12887,G,51,0,51
12888,G,51,0,51
12889,T,51,0,51
12890,T,49,0,49
12891,C,49,0,49
12892,T,49,0,49
12893,T,48,0,48
12894,C,48,0,48
12895,T,48,0,48
12896,T,47,0,47
12897,T,47,0,47
12898,A,47,0,47
12899,T,47,0,47
12900,C,48,0,48
12901,T,48,0,48
12902,C,48,0,48
12903,T,48,0,48
12904,T,47,0,47
12905,G,47,0,47
12906,G,47,0,47
12907,G,47,0,47
12908,A,46,0,46
12909,A,45,0,45
12910,T,45,0,45
12911,A,45,0,45
12912,T,45,0,45
12913,G,45,0,45
12914,C,45,0,45
12915,C,45,0,45
12916,G,45,0,45
12917,G,45,0,45
12918,G,46,0,46
12919,G,46,0,46
12920,A,46,0,46
12921,C,46,0,46
12922,A,44,0,44
12923,G,45,0,45
12924,A,44,0,44
12925,T,43,0,43
12926,C,41,0,41
12927,A,37,0,37
12928,G,37,0,37
12929,T,37,0,37
12930,C,37,0,37
12931,T,36,0,36
12932,G,36,0,36
12933,G,36,0,36
12934,T,36,0,36
12935,T,34,0,34
12936,A,34,0,34
12937,T,34,0,34
12938,G,34,0,34
12939,C,32,0,32
12940,G,32,0,32
12941,G,32,0,32
12942,G,32,0,32
12943,A,32,0,32
12944,T,32,0,32
12945,T,33,0,33
12946,T,33,0,33
12947,A,33,0,33
12948,A,33,0,33
12949,G,32,0,32
12950,G,32,0,32
12951,A,32,0,32
12952,T,32,0,32
12953,A,31,0,31
12954,A,31,0,31
12955,G,31,0,31
12956,G,30,0,30
12957,T,28,0,28
12958,C,28,0,28
12959,A,28,0,28
12960,A,28,0,28
12961,T,28,0,28
12962,A,28,0,28
12963,A,29,0,29
12964,T,29,0,29
12965,C,29,0,29
12966,A,30,0,30
12967,T,31,0,31
12968,T,31,0,31
12969,A,32,0,32
12970,T,33,0,33
12971,T,32,0,32
12972,T,32,0,32
12973,A,31,0,31
12974,A,31,0,31
12975,A,31,0,31
12976,A,31,0,31
12977,A,31,0,31
12978,T,31,0,31
12979,T,31,0,31
12980,T,31,0,31
12981,T,31,0,31
12982,T,30,0,30
12983,G,31,0,31
12984,G,32,0,32
12985,T,31,0,31
12986,A,32,0,32
12987,A,34,0,34
12988,T,34,0,34
12989,G,34,0,34
12990,C,34,0,34
12991,T,33,0,33
12992,T,33,0,33
12993,T,32,0,32
12994,T,31,0,31
12995,C,32,0,32
12996,T,32,0,32
12997,A,32,0,32
12998,C,32,0,32
12999,T,32,0,32
13000,T,33,0,33
13001,T,33,0,33
13002,C,33,0,33
13003,T,33,0,33
13004,G,32,0,32
13005,T,32,0,32
13006,C,32,0,32
13007,A,32,0,32
13008,T,32,0,32
13009,T,32,0,32
13010,T,32,0,32
13011,C,32,0,32
13012,A,32,0,32
13013,G,31,0,31
13014,G,30,0,30
13015,A,30,0,30
13016,G,29,0,29
13017,C,29,0,29
13018,T,26,0,26
13019,T,26,0,26
13020,C,26,0,26
13021,A,26,0,26
13022,C,27,0,27
13023,A,28,0,28
13024,A,29,0,29
13025,T,29,0,29
13026,T,29,0,29
13027,A,29,0,29
13028,T,29,0,29
13029,C,30,0,30
13030,T,30,0,30
13031,C,30,0,30
13032,A,30,0,30
13033,A,30,0,30
13034,A,30,0,30
13035,A,32,0,32
13036,A,31,0,31
13037,A,31,0,31
13038,C,31,0,31
13039,A,30,0,30
13040,C,30,0,30
13041,A,30,0,30
13042,T,30,0,30
13043,A,30,0,30
13044,A,30,0,30
13045,T,30,0,30
13046,A,29,0,29
13047,A,30,0,30
13048,A,30,0,30
13049,G,30,0,30
13050,G,30,0,30
13051,T,29,0,29
13052,A,28,0,28
13053,A,28,0,28
13054,T,28,0,28
13055,G,29,0,29
13056,A,29,0,29
13057,T,29,0,29
13058,G,30,0,30
13059,A,30,0,30
13060,T,31,0,31
13061,A,31,0,31
13062,G,30,0,30
13063,C,30,0,30
13064,A,31,0,31
13065,C,31,0,31
13066,C,32,0,32
13067,A,32,0,32
13068,T,32,0,32
13069,G,31,0,31
13070,G,32,0,32
13071,C,34,0,34
13072,A,34,0,34
13073,A,35,0,35
13074,C,35,0,35
13075,A,35,0,35
13076,G,35,0,35
13077,C,35,0,35
13078,A,35,0,35
13079,A,35,0,35
13080,A,35,0,35
13081,A,36,0,36
13082,G,36,0,36
13083,A,36,0,36
13084,A,36,0,36
13085,A,36,0,36
13086,C,38,0,38
13087,G,39,0,39
13088,T,39,0,39
13089,T,40,0,40
13090,A,40,0,40
13091,G,41,0,41
13092,C,40,0,40
13093,G,40,0,40
13094,G,40,0,40
13095,C,41,0,41
13096,A,40,0,40
13097,G,41,0,41
13098,A,41,0,41
13099,G,41,0,41
13100,C,41,0,41
13101,T,41,0,41
13102,T,41,0,41
13103,G,41,0,41
13104,G,42,0,42
13105,T,42,0,42
13106,A,42,0,42
13107,G,41,0,41
13108,A,40,0,40
13109,C,40,0,40
13110,A,39,0,39
13111,A,39,0,39
13112,T,40,0,40
13113,G,40,0,40
13114,G,41,0,41
13115,G,41,0,41
13116,G,41,0,41
13117,C,39,0,39
13118,G,39,0,39
13119,A,39,0,39
13120,A,39,0,39
13121,G,38,0,38
13122,T,38,0,38
13123,T,38,0,38
13124,G,38,0,38
13125,G,39,0,39
13126,G,39,0,39
13127,A,40,0,40
13128,T,40,0,40
13129,T,40,0,40
13130,G,40,0,40
13131,A,40,0,40
13132,A,40,0,40
13133,A,40,0,40
13134,T,38,0,38
13135,G,37,0,37
13136,A,37,0,37
13137,C,37,0,37
13138,A,36,0,36
13139,C,36,0,36
13140,G,36,0,36
13141,T,36,0,36
13142,A,36,0,36
13143,A,36,0,36
13144,A,36,0,36
13145,A,36,0,36
13146,A,35,0,35
13147,T,34,0,34
13148,C,34,0,34
13149,T,34,0,34
13150,A,33,0,33
13151,G,33,0,33
13152,A,32,0,32
13153,T,32,0,32
13154,A,32,0,32
13155,T,31,0,31
13156,T,31,0,31
13157,C,31,0,31
13158,A,31,0,31
13159,G,31,0,31
13160,C,31,0,31
13161,C,31,0,31
13162,A,31,0,31
13163,A,31,0,31
13164,C,31,0,31
13165,A,31,0,31
13166,A,32,0,32
13167,T,32,0,32
13168,T,33,0,33
13169,A,33,0,33
13170,T,33,0,33
13171,T,33,0,33
13172,A,35,0,35
13173,T,34,0,34
13174,T,33,0,33
13175,C,32,0,32
13176,G,32,0,32
13177,T,32,0,32
13178,C,32,0,32
13179,C,32,0,32
13180,T,31,0,31
13181,G,31,0,31
13182,G,31,0,31
13183,T,31,0,31
13184,T,31,0,31
13185,A,31,0,31
13186,T,31,0,31
13187,A,31,0,31
13188,A,31,0,31
13189,T,31,0,31
13190,T,31,0,31
13191,T,31,0,31
13192,C,31,0,31
13193,A,31,0,31
13194,A,31,0,31
13195,T,31,0,31
13196,G,30,0,30
13197,T,30,0,30
13198,C,30,0,30
13199,A,30,0,30
13200,T,29,0,29
13201,G,29,0,29
13202,G,29,0,29
13203,T,29,0,29
13204,G,29,0,29
13205,A,30,0,30
13206,C,30,0,30
13207,A,30,0,30
13208,A,30,0,30
13209,A,30,0,30
13210,A,30,0,30
13211,G,30,0,30
13212,A,30,0,30
13213,T,29,0,29
13214,A,29,0,29
13215,T,29,0,29
13216,T,29,0,29
13217,A,29,0,29
13218,T,30,0,30
13219,T,30,0,30
13220,T,30,0,30
13221,T,29,0,29
13222,A,27,0,27
13223,C,28,0,28
13224,C,27,0,27
13225,T,27,0,27
13226,G,27,0,27
13227,C,27,0,27
13228,T,27,0,27
13229,T,27,0,27
13230,G,26,0,26
13231,G,27,0,27
13232,C,26,0,26
13233,A,26,0,26
13234,A,26,0,26
13235,G,26,0,26
13236,G,26,0,26
13237,T,23,0,23
13238,C,24,0,24
13239,A,24,0,24
13240,C,23,0,23
13241,C,22,0,22
13242,C,21,0,21
13243,A,22,0,22
13244,A,22,0,22
13245,T,22,0,22
13246,G,22,0,22
13247,G,22,0,22
13248,C,21,0,21
13249,T,21,0,21
13250,G,21,0,21
13251,C,21,0,21
13252,A,21,0,21
13253,C,21,0,21
13254,T,21,0,21
13255,T,21,0,21
13256,C,22,0,22
13257,C,22,0,22
13258,T,22,0,22
13259,T,21,0,21
13260,A,21,0,21
13261,A,21,0,21
13262,T,21,0,21
13263,T,21,0,21
13264,T,20,0,20
13265,T,19,0,19
13266,T,20,0,20
13267,A,20,0,20
13268,T,20,0,20
13269,T,20,0,20
13270,A,20,0,20
13271,T,20,0,20
13272,T,21,0,21
13273,G,21,0,21
13274,A,21,0,21
13275,T,23,0,23
13276,A,21,0,21
13277,T,21,0,21
13278,A,24,0,24
13279,T,24,0,24
13280,C,25,0,25
13281,A,25,0,25
13282,A,25,0,25
13283,C,25,0,25
13284,T,25,0,25
13285,A,25,0,25
13286,T,25,0,25
13287,C,26,0,26
13288,T,26,0,26
13289,G,26,0,26
13290,T,26,0,26
13291,A,26,0,26
13292,T,26,0,26
13293,A,26,0,26
13294,A,26,0,26
13295,A,26,0,26
13296,A,26,0,26
13297,A,26,0,26
13298,A,26,0,26
13299,G,26,0,26
13300,A,26,0,26
13301,G,26,0,26
13302,T,25,0,25
13303,T,25,0,25
13304,T,25,0,25
13305,C,25,0,25
13306,T,25,0,25
13307,A,26,0,26
13308,G,27,0,27
13309,C,27,0,27
13310,T,27,0,27
13311,T,27,0,27
13312,T,27,0,27
13313,T,28,0,28
13314,G,28,0,28
13315,A,28,0,28
13316,G,28,0,28
13317,A,27,0,27
13318,G,27,0,27
13319,A,26,0,26
13320,T,26,0,26
13321,A,26,0,26
13322,A,26,0,26
13323,T,24,0,24
13324,A,24,0,24
13325,G,25,0,25
13326,T,25,0,25
13327,T,25,0,25
13328,T,25,0,25
13329,T,25,0,25
13330,T,25,0,25
13331,T,25,0,25
13332,T,26,0,26
13333,G,27,0,27
13334,T,27,0,27
13335,C,27,0,27
13336,G,29,0,29
13337,T,27,0,27
13338,A,28,0,28
13339,G,28,0,28
13340,A,29,0,29
13341,A,30,0,30
13342,A,31,0,31
13343,T,31,0,31
13344,T,32,0,32
13345,T,32,0,32
13346,G,34,0,34
13347,T,34,0,34
13348,C,34,0,34
13349,C,33,0,33
13350,T,33,0,33
13351,T,33,0,33
13352,T,33,0,33
13353,A,32,0,32
13354,G,32,0,32
13355,G,32,0,32
13356,A,32,0,32
13357,T,32,0,32
13358,A,32,0,32
13359,A,32,0,32
13360,A,32,0,32
13361,T,33,0,33
13362,A,33,0,33
13363,G,33,0,33
13364,T,33,0,33
13365,A,34,0,34
13366,G,33,0,33
13367,C,33,0,33
13368,T,33,0,33
13369,T,32,0,32
13370,G,32,0,32
13371,T,32,0,32
13372,T,32,0,32
13373,A,32,0,32
13374,C,31,0,31
13375,T,31,0,31
13376,G,31,0,31
13377,A,31,0,31
13378,A,31,0,31
13379,C,30,0,30
13380,T,30,0,30
13381,T,30,0,30
13382,A,30,0,30
13383,A,31,0,31
13384,A,32,0,32
13385,A,32,0,32
13386,A,33,0,33
13387,G,33,0,33
13388,G,33,0,33
13389,C,32,0,32
13390,T,32,0,32
13391,G,32,0,32
13392,G,32,0,32
13393,A,33,0,33
13394,G,32,0,32
13395,T,33,0,33
13396,G,33,0,33
13397,A,33,0,33
13398,G,35,0,35
13399,G,35,0,35
13400,G,35,0,35
13401,A,35,0,35
13402,G,35,0,35
13403,G,36,0,36
13404,A,36,0,36
13405,C,36,0,36
13406,C,36,0,36
13407,G,35,0,35
13408,T,35,0,35
13409,A,35,0,35
13410,T,35,0,35
13411,T,35,0,35
13412,T,36,0,36
13413,T,36,0,36
13414,T,36,0,36
13415,A,37,0,37
13416,C,37,0,37
13417,G,36,0,36
13418,G,36,0,36
13419,A,36,0,36
13420,T,36,0,36
13421,A,36,0,36
13422,T,37,0,37
13423,A,36,0,36
13424,A,37,0,37
13425,G,38,0,38
13426,A,36,0,36
13427,A,36,0,36
13428,C,36,0,36
13429,A,33,0,33
13430,G,33,0,33
13431,G,32,0,32
13432,T,32,0,32
13433,T,32,0,32
13434,C,32,0,32
13435,T,32,0,32
13436,A,33,0,33
13437,C,33,0,33
13438,A,32,0,32
13439,G,33,0,33
13440,A,33,0,33
13441,T,33,0,33
13442,A,33,0,33
13443,A,33,0,33
13444,A,33,0,33
13445,C,33,0,33
13446,G,33,0,33
13447,T,34,0,34
13448,G,34,0,34
13449,A,35,0,35
13450,A,35,0,35
13451,G,35,0,35
13452,G,35,0,35
13453,T,35,0,35
13454,T,35,0,35
13455,T,36,0,36
13456,G,35,0,35
13457,C,35,0,35
13458,A,34,0,34
13459,G,33,0,33
13460,C,33,0,33
13461,G,35,0,35
13462,T,35,0,35
13463,C,35,0,35
13464,T,35,0,35
13465,T,35,0,35
13466,C,35,0,35
13467,T,35,0,35
13468,T,35,0,35
13469,T,36,0,36
13470,G,36,0,36
13471,G,36,0,36
13472,C,36,0,36
13473,G,35,0,35
13474,T,35,0,35
13475,G,35,0,35
13476,C,34,0,34
13477,A,34,0,34
13478,G,34,0,34
13479,A,35,0,35
13480,A,35,0,35
13481,A,35,0,35
13482,G,36,0,36
13483,A,36,0,36
13484,G,35,0,35
13485,A,35,0,35
13486,T,35,0,35
13487,G,32,0,32
13488,A,32,0,32
13489,T,31,0,31
13490,A,31,0,31
13491,C,29,0,29
13492,T,28,0,28
13493,A,27,0,27
13494,T,27,0,27
13495,T,26,0,26
13496,C,27,0,27
13497,T,27,0,27
13498,C,28,0,28
13499,T,28,0,28
13500,G,28,0,28
13501,T,28,0,28
13502,A,28,0,28
13503,C,29,0,29
13504,A,29,0,29
13505,A,29,0,29
13506,A,28,0,28
13507,A,28,0,28
13508,A,29,0,29
13509,T,29,0,29
13510,G,30,0,30
13511,G,30,0,30
13512,A,29,0,29
13513,C,30,0,30
13514,C,30,0,30
13515,G,30,0,30
13516,G,29,0,29
13517,C,29,0,29
13518,T,29,0,29
13519,T,29,0,29
13520,G,29,0,29
13521,G,30,0,30
13522,C,30,0,30
13523,C,30,0,30
13524,G,30,0,30
13525,C,30,0,30
13526,A,30,0,30
13527,A,30,0,30
13528,T,31,0,31
13529,A,31,0,31
13530,C,31,0,31
13531,T,31,0,31
13532,G,31,0,31
13533,C,31,0,31
13534,T,30,0,30
13535,G,29,0,29
13536,A,29,0,29
13537,T,28,0,28
13538,A,28,0,28
13539,T,29,0,29
13540,G,29,0,29
13541,A,29,0,29
13542,T,29,0,29
13543,C,29,0,29
13544,T,29,0,29
13545,C,29,0,29
13546,T,28,0,28
13547,A,28,0,28
13548,T,28,0,28
13549,C,26,0,26
13550,G,27,0,27
13551,T,28,0,28
13552,T,29,0,29
13553,G,30,0,30
13554,A,30,0,30
13555,T,30,0,30
13556,A,30,0,30
13557,G,30,0,30
13558,T,30,0,30
13559,T,30,0,30
13560,G,31,0,31
13561,T,31,0,31
13562,T,31,0,31
13563,A,31,0,31
13564,T,32,0,32
13565,A,34,0,34
13566,A,35,0,35
13567,G,35,0,35
13568,A,35,0,35
13569,A,35,0,35
13570,G,37,0,37
13571,G,37,0,37
13572,G,38,0,38
13573,C,37,0,37
13574,G,37,0,37
13575,T,36,0,36
13576,G,35,0,35
13577,T,35,0,35
13578,T,35,0,35
13579,T,35,0,35
13580,A,35,0,35
13581,T,35,0,35
13582,T,35,0,35
13583,C,36,0,36
13584,G,37,0,37
13585,T,37,0,37
13586,T,39,0,39
13587,T,39,0,39
13588,T,39,0,39
13589,T,40,0,40
13590,T,40,0,40
13591,G,40,0,40
13592,G,39,0,39
13593,A,40,0,40
13594,A,40,0,40
13595,A,40,0,40
13596,A,41,0,41
13597,T,41,0,41
13598,G,40,0,40
13599,G,41,0,41
13600,T,41,0,41
13601,C,41,0,41
13602,T,41,0,41
13603,T,43,0,43
13604,A,43,0,43
13605,G,43,0,43
13606,T,45,0,45
13607,A,47,0,47
13608,C,47,0,47
13609,C,48,0,48
13610,G,48,0,48
13611,A,49,0,49
13612,A,47,0,47
13613,G,47,0,47
13614,G,47,0,47
13615,A,48,0,48
13616,A,48,0,48
13617,C,48,0,48
13618,G,48,0,48
13619,A,48,0,48
13620,T,48,0,48
13621,G,48,0,48
13622,G,49,0,49
13623,G,49,0,49
13624,A,49,0,49
13625,A,49,0,49
13626,A,50,0,50
13627,A,50,0,50
13628,A,50,0,50
13629,T,51,0,51
13630,G,50,0,50
13631,G,50,0,50
13632,T,50,0,50
13633,C,49,0,49
13634,A,50,0,50
13635,T,50,0,50
13636,T,50,0,50
13637,C,50,0,50
13638,A,50,0,50
13639,A,50,0,50
13640,A,50,0,50
13641,T,50,0,50
13642,T,50,0,50
13643,T,51,0,51
13644,T,51,0,51
13645,A,51,0,51
13646,G,51,0,51
13647,C,50,0,50
13648,T,49,0,49
13649,G,47,0,47
13650,C,47,0,47
13651,T,47,0,47
13652,G,47,0,47
13653,T,47,0,47
13654,A,48,0,48
13655,G,48,0,48
13656,C,48,0,48
13657,A,49,0,49
13658,G,49,0,49
13659,A,48,0,48
13660,A,50,0,50
13661,G,50,0,50
13662,C,50,0,50
13663,T,50,0,50
13664,G,49,0,49
13665,A,50,0,50
13666,A,50,0,50
13667,C,50,0,50
13668,G,50,0,50
13669,G,50,0,50
13670,G,50,0,50
13671,C,50,0,50
13672,A,49,0,49
13673,C,49,0,49
13674,G,49,0,49
13675,T,49,0,49
13676,A,49,0,49
13677,T,49,0,49
13678,T,49,0,49
13679,T,48,0,48
13680,T,49,0,49
13681,G,49,0,49
13682,G,49,0,49
13683,A,51,0,51
13684,G,51,0,51
13685,C,51,0,51
13686,G,51,0,51
13687,T,52,0,52
13688,A,52,0,52
13689,C,53,0,53
13690,C,52,0,52
13691,A,52,0,52
13692,A,52,0,52
13693,T,52,0,52
13694,G,52,0,52
13695,A,51,0,51
13696,A,53,0,53
13697,G,55,0,55
13698,G,55,0,55
13699,A,55,0,55
13700,C,55,0,55
13701,G,53,0,53
13702,A,53,0,53
13703,A,53,0,53
13704,A,53,0,53
13705,T,53,0,53
13706,G,53,0,53
13707,C,53,0,53
13708,T,53,0,53
13709,G,53,0,53
13710,C,55,0,55
13711,T,53,0,53
13712,A,53,0,53
13713,T,54,0,54
13714,G,54,0,54
13715,A,53,0,53
13716,A,52,0,52
13717,A,52,0,52
13718,G,52,0,52
13719,C,52,0,52
13720,A,52,0,52
13721,G,51,0,51
13722,G,50,0,50
13723,T,48,0,48
13724,A,48,0,48
13725,T,48,0,48
13726,T,48,0,48
13727,G,49,0,49
13728,T,49,0,49
13729,G,49,0,49
13730,A,49,0,49
13731,A,49,0,49
13732,A,51,0,51
13733,T,51,0,51
13734,T,51,0,51
13735,T,49,0,49
13736,G,49,0,49
13737,G,49,0,49
13738,A,48,0,48
13739,C,49,0,49
13740,G,48,0,48
13741,A,50,0,50
13742,A,50,0,50
13743,A,50,0,50
13744,A,49,0,49
13745,C,49,0,49
13746,C,48,0,48
13747,T,47,0,47
13748,C,45,0,45
13749,A,45,0,45
13750,T,44,0,44
13751,C,43,0,43
13752,C,45,0,45
13753,A,45,0,45
13754,A,42,0,42
13755,A,42,0,42
13756,A,42,0,42
13757,A,42,0,42
13758,C,41,0,41
13759,A,41,0,41
13760,G,41,0,41
13761,A,42,0,42
13762,A,41,0,41
13763,T,41,0,41
13764,T,43,0,43
13765,G,44,0,44
13766,A,42,0,42
13767,T,42,0,42
13768,G,42,0,42
13769,A,42,0,42
13770,G,42,0,42
13771,A,42,0,42
13772,T,42,0,42
13773,C,42,0,42
13774,A,41,0,41
13775,C,41,0,41
13776,T,41,0,41
13777,G,40,0,40
13778,A,40,0,40
13779,T,40,0,40
13780,T,40,0,40
13781,A,42,0,42
13782,A,42,0,42
13783,A,42,0,42
13784,C,42,0,42
13785,A,42,0,42
13786,A,42,0,42
13787,G,42,0,42
13788,G,42,0,42
13789,A,42,0,42
13790,G,42,0,42
13791,T,42,0,42
13792,T,42,0,42
13793,T,42,0,42
13794,C,41,0,41
13795,A,42,0,42
13796,T,43,0,43
13797,T,43,0,43
13798,C,43,0,43
13799,A,43,0,43
13800,A,43,0,43
13801,A,43,0,43
13802,A,43,0,43
13803,T,43,0,43
13804,A,43,0,43
13805,A,42,0,42
13806,T,42,0,42
13807,C,42,0,42
13808,A,42,0,42
13809,A,42,0,42
13810,G,42,0,42
13811,G,40,0,40
13812,A,40,0,40
13813,A,40,0,40
13814,A,41,0,41
13815,A,41,0,41
13816,A,40,0,40
13817,A,40,0,40
13818,C,40,0,40
13819,A,40,0,40
13820,G,41,0,41
13821,G,40,0,40
13822,T,40,0,40
13823,G,40,0,40
13824,T,40,0,40
13825,T,40,0,40
13826,T,40,0,40
13827,C,40,0,40
13828,T,40,0,40
13829,C,40,0,40
13830,G,41,0,41
13831,T,41,0,41
13832,T,40,0,40
13833,C,40,0,40
13834,T,38,0,38
13835,A,38,0,38
13836,C,37,0,37
13837,T,37,0,37
13838,T,36,0,36
13839,A,37,0,37
13840,T,38,0,38
13841,T,38,0,38
13842,T,38,0,38
13843,T,39,0,39
13844,A,39,0,39
13845,G,40,0,40
13846,G,40,0,40
13847,A,35,0,35
13848,T,34,0,34
13849,T,34,0,34
13850,A,34,0,34
13851,A,35,0,35
13852,A,35,0,35
13853,A,36,0,36
13854,G,36,0,36
13855,A,35,0,35
13856,C,34,0,34
13857,A,33,0,33
13858,G,34,0,34
13859,C,34,0,34
13860,T,33,0,33
13861,T,33,0,33
13862,T,33,0,33
13863,C,34,0,34
13864,T,34,0,34
13865,T,34,0,34
13866,T,34,0,34
13867,A,34,0,34
13868,A,36,0,36
13869,A,36,0,36
13870,G,38,0,38
13871,A,38,0,38
13872,A,39,0,39
13873,T,39,0,39
13874,T,39,0,39
13875,A,39,0,39
13876,G,39,0,39
13877,A,39,0,39
13878,G,38,0,38
13879,G,37,0,37
13880,A,37,0,37
13881,A,37,0,37
13882,C,38,0,38
13883,T,36,0,36
13884,T,36,0,36
13885,T,36,0,36
13886,A,37,0,37
13887,A,38,0,38
13888,T,38,0,38
13889,T,38,0,38
13890,G,37,0,37
13891,A,37,0,37
13892,C,36,0,36
13893,C,35,0,35
13894,A,35,0,35
13895,T,37,0,37
13896,A,37,0,37
13897,T,37,0,37
13898,T,38,0,38
13899,C,38,0,38
13900,A,38,0,38
13901,A,38,0,38
13902,C,38,0,38
13903,T,37,0,37
13904,A,37,0,37
13905,T,37,0,37
13906,T,37,0,37
13907,A,37,0,37
13908,A,37,0,37
13909,A,37,0,37
13910,T,37,0,37
13911,T,37,0,37
13912,A,35,0,35
13913,A,35,0,35
13914,A,36,0,36
13915,T,37,0,37
13916,A,36,0,36
13917,T,36,0,36
13918,G,35,0,35
13919,A,35,0,35
13920,A,35,0,35
13921,T,35,0,35
13922,A,35,0,35
13923,A,35,0,35
13924,G,35,0,35
13925,T,35,0,35
13926,A,35,0,35
13927,T,36,0,36
13928,A,37,0,37
13929,C,37,0,37
13930,C,37,0,37
13931,A,38,0,38
13932,A,36,0,36
13933,A,36,0,36
13934,A,36,0,36
13935,G,38,0,38
13936,G,38,0,38
13937,A,38,0,38
13938,G,38,0,38
13939,T,38,0,38
13940,T,38,0,38
13941,T,38,0,38
13942,T,38,0,38
13943,C,38,0,38
13944,T,37,0,37
13945,A,37,0,37
13946,T,37,0,37
13947,G,36,0,36
13948,G,36,0,36
13949,A,37,0,37
13950,A,37,0,37
13951,A,37,0,37
13952,A,37,0,37
13953,G,37,0,37
13954,A,38,0,38
13955,A,38,0,38
13956,A,39,0,39
13957,T,39,0,39
13958,T,41,0,41
13959,A,41,0,41
13960,C,41,0,41
13961,C,41,0,41
13962,C,41,0,41
13963,A,41,0,41
13964,A,41,0,41
13965,A,40,0,40
13966,A,40,0,40
13967,G,40,0,40
13968,T,40,0,40
13969,T,41,0,41
13970,A,41,0,41
13971,T,40,0,40
13972,A,41,0,41
13973,T,41,0,41
13974,G,41,0,41
13975,A,41,0,41
13976,C,41,0,41
13977,T,42,0,42
13978,G,42,0,42
13979,A,42,0,42
13980,T,45,0,45
13981,G,44,0,44
13982,C,44,0,44
13983,T,44,0,44
13984,G,44,0,44
13985,A,44,0,44
13986,A,44,0,44
13987,T,44,0,44
13988,G,44,0,44
13989,C,44,0,44
13990,G,43,0,43
13991,A,42,0,42
13992,G,42,0,42
13993,G,39,0,39
13994,A,38,0,38
13995,A,39,0,39
13996,T,39,0,39
13997,T,39,0,39
13998,A,39,0,39
13999,C,39,0,39
14000,G,39,0,39
14001,A,39,0,39
14002,G,38,0,38
14003,C,36,0,36
14004,A,36,0,36
14005,G,38,0,38
14006,G,38,0,38
14007,C,38,0,38
14008,G,40,0,40
14009,G,40,0,40
14010,T,39,0,39
14011,T,38,0,38
14012,T,38,0,38
14013,A,40,0,40
14014,G,40,0,40
14015,G,40,0,40
14016,C,40,0,40
14017,T,40,0,40
14018,T,39,0,39
14019,G,37,0,37
14020,G,37,0,37
14021,A,36,0,36
14022,T,36,0,36
14023,A,34,0,34
14024,G,34,0,34
14025,T,34,0,34
14026,A,35,0,35
14027,T,34,0,34
14028,C,34,0,34
14029,T,35,0,35
14030,A,36,0,36
14031,T,36,0,36
14032,C,36,0,36
14033,T,34,0,34
14034,T,34,0,34
14035,T,34,0,34
14036,C,35,0,35
14037,T,34,0,34
14038,G,33,0,33
14039,A,33,0,33
14040,A,33,0,33
14041,G,34,0,34
14042,C,34,0,34
14043,A,33,0,33
14044,G,34,0,34
14045,A,34,0,34
14046,A,33,0,33
14047,G,33,0,33
14048,C,33,0,33
14049,A,34,0,34
14050,G,34,0,34
14051,C,34,0,34
14052,A,35,0,35
14053,G,35,0,35
14054,A,35,0,35
14055,G,36,0,36
14056,C,36,0,36
14057,A,36,0,36
14058,A,36,0,36
14059,G,36,0,36
14060,C,37,0,37
14061,T,37,0,37
14062,A,37,0,37
14063,A,37,0,37
14064,T,37,0,37
14065,G,36,0,36
14066,A,35,0,35
14067,T,36,0,36
14068,G,36,0,36
14069,A,37,0,37
14070,T,37,0,37
14071,C,37,0,37
14072,A,37,0,37
14073,A,37,0,37
14074,A,37,0,37
14075,C,37,0,37
14076,T,37,0,37
14077,G,37,0,37
14078,T,36,0,36
14079,A,35,0,35
14080,T,35,0,35
14081,G,37,0,37
14082,G,38,0,38
14083,G,38,0,38
14084,A,38,0,38
14085,A,38,0,38
14086,T,36,0,36
14087,G,37,0,37
14088,G,36,0,36
14089,C,36,0,36
14090,T,36,0,36
14091,A,36,0,36
14092,G,36,0,36
14093,C,38,0,38
14094,A,38,0,38
14095,A,38,0,38
14096,T,38,0,38
14097,G,39,0,39
14098,G,41,0,41
14099,T,42,0,42
14100,T,42,0,42
14101,G,42,0,42
14102,A,42,0,42
14103,A,42,0,42
14104,C,43,0,43
14105,T,42,0,42
14106,A,42,0,42
14107,C,41,0,41
14108,C,41,0,41
14109,T,38,0,38
14110,G,38,0,38
14111,C,39,0,39
14112,T,39,0,39
14113,C,41,0,41
14114,A,41,0,41
14115,T,41,0,41
14116,A,41,0,41
14117,C,42,0,42
14118,A,42,0,42
14119,C,40,0,40
14120,T,39,0,39
14121,T,40,0,40
14122,T,40,0,40
14123,T,39,0,39
14124,A,39,0,39
14125,C,39,0,39
14126,A,39,0,39
14127,T,39,0,39
14128,C,37,0,37
14129,T,37,0,37
14130,T,37,0,37
14131,A,37,0,37
14132,A,37,0,37
14133,G,37,0,37
14134,C,36,0,36
14135,A,36,0,36
14136,T,36,0,36
14137,C,36,0,36
14138,A,36,0,36
14139,T,36,0,36
14140,A,37,0,37
14141,A,37,0,37
14142,T,37,0,37
14143,G,37,0,37
14144,G,37,0,37
14145,A,37,0,37
14146,G,38,0,38
14147,C,39,0,39
14148,A,39,0,39
14149,C,42,0,42
14150,A,42,0,42
14151,A,42,0,42
14152,T,43,0,43
14153,T,43,0,43
14154,T,43,0,43
14155,A,43,0,43
14156,T,41,0,41
14157,T,41,0,41
14158,C,41,0,41
14159,G,39,0,39
14160,T,39,0,39
14161,G,39,0,39
14162,A,39,0,39
14163,T,41,0,41
14164,A,39,0,39
14165,T,39,0,39
14166,G,39,0,39
14167,G,39,0,39
14168,G,39,0,39
14169,A,39,0,39
14170,T,40,0,40
14171,T,40,0,40
14172,T,40,0,40
14173,T,40,0,40
14174,C,40,0,40
14175,T,40,0,40
14176,A,40,0,40
14177,C,41,0,41
14178,C,41,0,41
14179,A,42,0,42
14180,A,41,0,41
14181,G,40,0,40
14182,A,40,0,40
14183,A,39,0,39
14184,T,39,0,39
14185,G,39,0,39
14186,C,39,0,39
14187,T,38,0,38
14188,G,38,0,38
14189,A,39,0,39
14190,T,39,0,39
14191,G,41,0,41
14192,A,39,0,39
14193,A,39,0,39
14194,G,40,0,40
14195,A,40,0,40
14196,A,40,0,40
14197,T,40,0,40
14198,A,40,0,40
14199,T,40,0,40
14200,G,38,0,38
14201,G,38,0,38
14202,T,39,0,39
14203,C,38,0,38
14204,C,37,0,37
14205,A,37,0,37
14206,G,38,0,38
14207,A,38,0,38
14208,T,38,0,38
14209,T,38,0,38
14210,G,38,0,38
14211,G,39,0,39
14212,C,40,0,40
14213,T,40,0,40
14214,A,39,0,39
14215,G,39,0,39
14216,A,40,0,40
14217,T,40,0,40
14218,A,40,0,40
14219,A,41,0,41
14220,A,41,0,41
14221,G,41,0,41
14222,G,40,0,40
14223,T,40,0,40
14224,G,40,0,40
14225,T,40,0,40
14226,T,40,0,40
14227,G,41,0,41
14228,T,41,0,41
14229,A,42,0,42
14230,A,42,0,42
14231,T,42,0,42
14232,A,41,0,41
14233,G,40,0,40
14234,G,40,0,40
14235,G,40,0,40
14236,G,40,0,40
14237,G,40,0,40
14238,T,39,0,39
14239,C,39,0,39
14240,A,39,0,39
14241,T,39,0,39
14242,C,40,0,40
14243,A,40,0,40
14244,T,38,0,38
14245,T,40,0,40
14246,T,40,0,40
14247,C,40,0,40
14248,T,39,0,39
14249,G,37,0,37
14250,A,36,0,36
14251,T,36,0,36
14252,A,36,0,36
14253,A,36,0,36
14254,A,37,0,37
14255,A,36,0,36
14256,T,36,0,36
14257,A,37,0,37
14258,A,36,0,36
14259,A,36,0,36
14260,A,36,0,36
14261,C,36,0,36
14262,G,35,0,35
14263,A,35,0,35
14264,A,33,0,33
14265,T,34,0,34
14266,T,34,0,34
14267,A,34,0,34
14268,T,33,0,33
14269,A,33,0,33
14270,G,33,0,33
14271,C,33,0,33
14272,G,33,0,33
14273,T,33,0,33
14274,T,33,0,33
14275,A,33,0,33
14276,G,33,0,33
14277,A,33,0,33
14278,A,33,0,33
14279,G,33,0,33
14280,A,33,0,33
14281,T,33,0,33
14282,G,33,0,33
14283,C,33,0,33
14284,A,33,0,33
14285,C,33,0,33
14286,G,32,0,32
14287,T,32,0,32
14288,A,32,0,32
14289,C,32,0,32
14290,A,32,0,32
14291,C,31,0,31
14292,A,31,0,31
14293,A,32,0,32
14294,A,32,0,32
14295,T,32,0,32
14296,T,32,0,32
14297,T,32,0,32
14298,C,32,0,32
14299,T,32,0,32
14300,A,29,0,29
14301,A,30,0,30
14302,T,29,0,29
14303,A,27,0,27
14304,C,26,0,26
14305,A,26,0,26
14306,G,27,0,27
14307,A,27,0,27
14308,C,28,0,28
14309,A,28,0,28
14310,T,27,0,27
14311,T,27,0,27
14312,G,27,0,27
14313,A,27,0,27
14314,A,27,0,27
14315,A,27,0,27
14316,A,27,0,27
14317,G,27,0,27
14318,T,27,0,27
14319,C,30,0,30
14320,T,30,0,30
14321,A,30,0,30
14322,T,30,0,30
14323,T,30,0,30
14324,A,30,0,30
14325,T,30,0,30
14326,T,30,0,30
14327,G,30,0,30
14328,A,29,0,29
14329,T,29,0,29
14330,G,28,0,28
14331,T,28,0,28
14332,G,28,0,28
14333,C,28,0,28
14334,G,28,0,28
14335,A,28,0,28
14336,A,28,0,28
14337,G,28,0,28
14338,A,28,0,28
14339,G,27,0,27
14340,A,26,0,26
14341,T,25,0,25
14342,A,23,0,23
14343,A,23,0,23
14344,T,23,0,23
14345,A,22,0,22
14346,T,22,0,22
14347,G,22,0,22
14348,A,22,0,22
14349,A,22,0,22
14350,G,22,0,22
14351,G,22,0,22
14352,T,23,0,23
14353,A,23,0,23
14354,A,23,0,23
14355,T,23,0,23
14356,G,23,0,23
14357,C,22,0,22
14358,G,22,0,22
14359,G,22,0,22
14360,A,22,0,22
14361,A,22,0,22
14362,G,21,0,21
14363,C,20,0,20
14364,T,20,0,20
14365,T,20,0,20
14366,T,20,0,20
14367,A,19,0,19
14368,C,19,0,19
14369,G,19,0,19
14370,A,18,0,18
14371,A,18,0,18
14372,A,18,0,18
14373,A,18,0,18
14374,A,18,0,18
14375,A,18,0,18
14376,T,18,0,18
14377,G,18,0,18
14378,C,18,0,18
14379,A,18,0,18
14380,A,17,0,17
14381,G,19,0,19
14382,C,19,0,19
14383,T,19,0,19
14384,A,19,0,19
14385,A,19,0,19
14386,A,19,0,19
14387,G,20,0,20
14388,C,20,0,20
14389,T,20,0,20
14390,A,20,0,20
14391,T,20,0,20
14392,A,20,0,20
14393,G,19,0,19
14394,A,19,0,19
14395,T,20,0,20
14396,C,18,0,18
14397,T,18,0,18
14398,T,18,0,18
14399,T,18,0,18
14400,C,18,0,18
14401,A,18,0,18
14402,C,18,0,18
14403,G,18,0,18
14404,C,19,0,19
14405,G,18,0,18
14406,A,18,0,18
14407,T,18,0,18
14408,A,17,0,17
14409,A,17,0,17
14410,A,18,0,18
14411,G,19,0,19
14412,G,19,0,19
14413,T,20,0,20
14414,C,20,0,20
14415,A,20,0,20
14416,T,19,0,19
14417,T,20,0,20
14418,C,20,0,20
14419,T,21,0,21
14420,C,21,0,21
14421,T,22,0,22
14422,T,22,0,22
14423,T,22,0,22
14424,A,22,0,22
14425,A,23,0,23
14426,G,23,0,23
14427,A,23,0,23
14428,A,23,0,23
14429,A,23,0,23
14430,A,23,0,23
14431,C,23,0,23
14432,A,23,0,23
14433,A,23,0,23
14434,G,23,0,23
14435,C,23,0,23
14436,G,22,0,22
14437,T,22,0,22
14438,A,22,0,22
14439,A,23,0,23
14440,A,24,0,24
14441,A,24,0,24
14442,T,24,0,24
14443,T,23,0,23
14444,G,22,0,22
14445,T,22,0,22
14446,T,22,0,22
14447,A,22,0,22
14448,T,22,0,22
14449,A,22,0,22
14450,T,21,0,21
14451,A,21,0,21
14452,T,20,0,20
14453,T,20,0,20
14454,T,20,0,20
14455,G,20,0,20
14456,T,20,0,20
14457,T,20,0,20
14458,T,20,0,20
14459,T,20,0,20
14460,T,20,0,20
14461,T,20,0,20
14462,T,20,0,20
14463,G,22,0,22
14464,T,22,0,22
14465,A,23,0,23
14466,T,25,0,25
14467,T,25,0,25
14468,G,25,0,25
14469,T,25,0,25
14470,A,22,0,22
14471,T,22,0,22
14472,A,22,0,22
14473,T,22,0,22
14474,A,22,0,22
14475,G,22,0,22
14476,G,23,0,23
14477,T,24,0,24
14478,G,24,0,24
14479,T,25,0,25
14480,A,25,0,25
14481,T,26,0,26
14482,A,26,0,26
14483,A,27,0,27
14484,C,27,0,27
14485,A,27,0,27
14486,A,27,0,27
14487,A,27,0,27
14488,T,27,0,27
14489,T,27,0,27
14490,C,28,0,28
14491,T,28,0,28
14492,G,29,0,29
14493,G,29,0,29
14494,A,29,0,29
14495,A,29,0,29
14496,T,29,0,29
14497,T,30,0,30
14498,A,30,0,30
14499,A,31,0,31
14500,A,32,0,32
14501,T,33,0,33
14502,G,33,0,33
14503,G,32,0,32
14504,G,32,0,32
14505,G,34,0,34
14506,G,34,0,34
14507,G,34,0,34
14508,A,34,0,34
14509,A,34,0,34
14510,A,34,0,34
14511,A,34,0,34
14512,T,34,0,34
14513,T,34,0,34
14514,G,34,0,34
14515,G,36,0,36
14516,G,37,0,37
14517,A,36,0,36
14518,A,37,0,37
14519,A,37,0,37
14520,T,37,0,37
14521,C,37,0,37
14522,A,37,0,37
14523,A,37,0,37
14524,T,37,0,37
14525,C,40,0,40
14526,T,40,0,40
14527,A,41,0,41
14528,C,41,0,41
14529,T,41,0,41
14530,C,41,0,41
14531,A,41,0,41
14532,T,42,0,42
14533,A,42,0,42
14534,T,42,0,42
14535,A,42,0,42
14536,C,42,0,42
14537,C,42,0,42
14538,T,41,0,41
14539,A,42,0,42
14540,A,43,0,43
14541,A,43,0,43
14542,A,43,0,43
14543,G,43,0,43
14544,A,44,0,44
14545,A,45,0,45
14546,A,44,0,44
14547,A,45,0,45
14548,T,45,0,45
14549,C,44,0,44
14550,T,44,0,44
14551,C,45,0,45
14552,G,46,0,46
14553,A,46,0,46
14554,T,46,0,46
14555,T,46,0,46
14556,G,46,0,46
14557,A,47,0,47
14558,T,48,0,48
14559,A,48,0,48
14560,T,48,0,48
14561,T,49,0,49
14562,T,50,0,50
14563,A,50,0,50
14564,T,50,0,50
14565,C,50,0,50
14566,T,50,0,50
14567,T,50,0,50
14568,T,49,0,49
14569,T,49,0,49
14570,T,48,0,48
14571,C,49,0,49
14572,T,48,0,48
14573,T,49,0,49
14574,C,49,0,49
14575,A,49,0,49
14576,T,48,0,48
14577,T,48,0,48
14578,T,48,0,48
14579,T,47,0,47
14580,A,47,0,47
14581,T,47,0,47
14582,A,49,0,49
14583,T,49,0,49
14584,T,49,0,49
14585,T,49,0,49
14586,T,49,0,49
14587,A,49,0,49
14588,T,49,0,49
14589,T,49,0,49
14590,G,49,0,49
14591,T,48,0,48
14592,C,48,0,48
14593,C,49,0,49
14594,T,49,0,49
14595,T,49,0,49
14596,A,49,0,49
14597,A,49,0,49
14598,T,49,0,49
14599,C,49,0,49
14600,A,49,0,49
14601,A,49,0,49
14602,T,49,0,49
14603,T,49,0,49
14604,T,49,0,49
14605,T,49,0,49
14606,G,51,0,51
14607,T,51,0,51
14608,A,51,0,51
14609,C,53,0,53
14610,A,54,0,54
14611,C,55,0,55
14612,A,55,0,55
14613,A,55,0,55
14614,T,54,0,54
14615,A,54,0,54
14616,T,53,0,53
14617,T,51,0,51
14618,T,51,0,51
14619,A,51,0,51
14620,G,51,0,51
14621,C,51,0,51
14622,G,51,0,51
14623,C,51,0,51
14624,G,51,0,51
14625,T,51,0,51
14626,A,51,0,51
14627,T,51,0,51
14628,T,50,0,50
14629,T,50,0,50
14630,T,49,0,49
14631,T,51,0,51
14632,C,52,0,52
14633,A,53,0,53
14634,T,54,0,54
14635,T,53,0,53
14636,A,53,0,53
14637,T,53,0,53
14638,A,53,0,53
14639,G,53,0,53
14640,T,54,0,54
14641,G,53,0,53
14642,T,53,0,53
14643,T,53,0,53
14644,G,53,0,53
14645,T,54,0,54
14646,T,54,0,54
14647,C,56,0,56
14648,T,55,0,55
14649,T,56,0,56
14650,G,57,0,57
14651,G,57,0,57
14652,T,56,0,56
14653,T,55,0,55
14654,C,56,0,56
14655,C,59,0,59
14656,A,59,0,59
14657,A,60,0,60
14658,T,61,0,61
14659,T,61,0,61
14660,T,62,0,62
14661,T,63,0,63
14662,A,63,0,63
14663,A,63,0,63
14664,A,63,0,63
14665,G,64,0,64
14666,G,61,0,61
14667,C,61,0,61
14668,G,63,0,63
14669,T,61,0,61
14670,G,61,0,61
14671,T,62,0,62
14672,A,61,0,61
14673,T,60,0,60
14674,T,61,0,61
14675,C,61,0,61
14676,A,58,0,58
14677,C,58,0,58
14678,C,59,0,59
14679,T,58,0,58
14680,T,58,0,58
14681,T,58,0,58
14682,T,58,0,58
14683,T,58,0,58
14684,C,60,0,60
14685,T,60,0,60
14686,T,60,0,60
14687,G,60,0,60
14688,G,60,0,60
14689,C,60,0,60
14690,T,59,0,59
14691,C,60,0,60
14692,T,61,0,61
14693,T,60,0,60
14694,T,60,0,60
14695,T,59,0,59
14696,G,58,0,58
14697,G,58,0,58
14698,A,57,0,57
14699,T,57,0,57
14700,T,57,0,57
14701,T,58,0,58
14702,T,58,0,58
14703,T,58,0,58
14704,A,58,0,58
14705,A,58,0,58
14706,A,58,0,58
14707,T,58,0,58
14708,T,57,0,57
14709,T,55,0,55
14710,T,56,0,56
14711,A,56,0,56
14712,T,55,0,55
14713,G,53,0,53
14714,A,53,0,53
14715,G,54,0,54
14716,A,54,0,54
14717,A,56,0,56
14718,T,56,0,56
14719,G,56,0,56
14720,C,56,0,56
14721,C,57,0,57
14722,C,56,0,56
14723,C,58,0,58
14724,T,57,0,57
14725,A,57,0,57
14726,C,57,0,57
14727,T,57,0,57
14728,C,60,0,60
14729,A,60,0,60
14730,A,60,0,60
14731,T,60,0,60
14732,G,60,0,60
14733,T,58,0,58
14734,A,59,0,59
14735,A,59,0,59
14736,T,59,0,59
14737,A,59,0,59
14738,T,58,0,58
14739,A,60,0,60
14740,A,61,0,61
14741,T,61,0,61
14742,A,61,0,61
14743,T,61,0,61
14744,T,60,0,60
14745,T,62,0,62
14746,G,63,0,63
14747,T,63,0,63
14748,T,65,0,65
14749,A,65,0,65
14750,T,65,0,65
14751,T,65,0,65
14752,T,65,0,65
14753,T,65,0,65
14754,T,65,0,65
14755,T,65,0,65
14756,G,65,0,65
14757,T,65,0,65
14758,G,65,0,65
14759,T,66,0,66
14760,T,64,0,64
14761,G,63,0,63
14762,G,63,0,63
14763,T,63,0,63
14764,T,63,0,63
14765,T,62,0,62
14766,T,62,0,62
14767,T,62,0,62
14768,T,64,0,64
14769,G,64,0,64
14770,A,65,0,65
14771,T,65,0,65
14772,T,66,0,66
14773,G,66,0,66
14774,G,65,0,65
14775,T,65,0,65
14776,T,65,0,65
14777,T,65,0,65
14778,G,64,0,64
14779,A,66,0,66
14780,T,66,0,66
14781,T,66,0,66
14782,G,65,0,65
14783,G,64,0,64
14784,T,63,0,63
14785,T,61,0,61
14786,T,62,0,62
14787,T,62,0,62
14788,A,62,0,62
14789,C,62,0,62
14790,T,62,0,62
14791,C,61,0,61
14792,T,61,0,61
14793,T,61,0,61
14794,T,61,0,61
14795,G,61,0,61
14796,G,60,0,60
14797,G,59,0,59
14798,C,56,0,56
14799,T,56,0,56
14800,G,56,0,56
14801,G,54,0,54
14802,T,54,0,54
14803,C,54,0,54
14804,T,54,0,54
14805,T,53,0,53
14806,T,50,0,50
14807,C,49,0,49
14808,T,48,0,48
14809,T,46,0,46
14810,C,46,0,46
14811,G,45,0,45
14812,A,45,0,45
14813,G,45,0,45
14814,A,45,0,45
14815,A,45,0,45
14816,G,45,0,45
14817,C,45,0,45
14818,A,46,0,46
14819,A,43,0,43
14820,T,43,0,43
14821,A,43,0,43
14822,A,43,0,43
14823,A,43,0,43
14824,A,43,0,43
14825,G,42,0,42
14826,T,42,0,42
14827,A,42,0,42
14828,C,43,0,43
14829,A,43,0,43
14830,G,44,0,44
14831,A,44,0,44
14832,T,45,0,45
14833,G,46,0,46
14834,A,46,0,46
14835,T,44,0,44
14836,C,44,0,44
14837,T,44,0,44
14838,T,44,0,44
14839,C,44,0,44
14840,A,44,0,44
14841,T,44,0,44
14842,G,42,0,42
14843,G,41,0,41
14844,A,41,0,41
14845,A,41,0,41
14846,C,41,0,41
14847,T,41,0,41
14848,G,41,0,41
14849,C,41,0,41
14850,T,41,0,41
14851,C,40,0,40
14852,A,39,0,39
14853,T,39,0,39
14854,T,38,0,38
14855,T,38,0,38
14856,T,38,0,38
14857,G,38,0,38
14858,C,39,0,39
14859,A,39,0,39
14860,A,39,0,39
14861,C,40,0,40
14862,T,40,0,40
14863,T,40,0,40
14864,T,40,0,40
14865,T,40,0,40
14866,A,39,0,39
14867,A,39,0,39
14868,T,37,0,37
14869,G,36,0,36
14870,A,36,0,36
14871,A,36,0,36
14872,A,36,0,36
14873,T,36,0,36
14874,T,34,0,34
14875,C,35,0,35
14876,A,34,0,34
14877,A,34,0,34
14878,G,34,0,34
14879,A,31,0,31
14880,A,31,0,31
14881,A,31,0,31
14882,T,31,0,31
14883,G,31,0,31
14884,G,32,0,32
14885,G,31,0,31
14886,G,31,0,31
14887,C,28,0,28
14888,T,28,0,28
14889,T,28,0,28
14890,A,28,0,28
14891,T,28,0,28
14892,T,28,0,28
14893,C,28,0,28
14894,C,28,0,28
14895,A,28,0,28
14896,C,27,0,27
14897,A,26,0,26
14898,T,26,0,26
14899,A,24,0,24
14900,A,24,0,24
14901,G,24,0,24
14902,C,24,0,24
14903,A,25,0,25
14904,A,25,0,25
14905,A,25,0,25
14906,A,25,0,25
14907,G,25,0,25
14908,G,23,0,23
14909,G,25,0,25
14910,T,24,0,24
14911,A,24,0,24
14912,A,24,0,24
14913,G,24,0,24
14914,G,24,0,24
14915,G,23,0,23
14916,C,23,0,23
14917,G,24,0,24
14918,T,23,0,23
14919,A,23,0,23
14920,T,19,0,19
14921,A,19,0,19
14922,T,19,0,19
14923,T,19,0,19
14924,G,19,0,19
14925,T,19,0,19
14926,G,19,0,19
14927,G,19,0,19
14928,A,19,0,19
14929,G,19,0,19
14930,C,19,0,19
14931,T,19,0,19
14932,T,19,0,19
14933,T,19,0,19
14934,T,19,0,19
14935,G,19,0,19
14936,C,19,0,19
14937,T,19,0,19
14938,G,19,0,19
14939,A,19,0,19
14940,T,19,0,19
14941,C,19,0,19
14942,C,22,0,22
14943,A,22,0,22
14944,A,22,0,22
14945,A,22,0,22
14946,A,22,0,22
14947,A,22,0,22
14948,C,21,0,21
14949,A,21,0,21
14950,G,21,0,21
14951,G,21,0,21
14952,A,21,0,21
14953,A,21,0,21
14954,T,21,0,21
14955,G,21,0,21
14956,T,21,0,21
14957,T,21,0,21
14958,G,20,0,20
14959,C,21,0,21
14960,A,21,0,21
14961,T,21,0,21
14962,T,22,0,22
14963,A,22,0,22
14964,T,22,0,22
14965,T,22,0,22
14966,T,22,0,22
14967,A,22,0,22
14968,C,22,0,22
14969,G,21,0,21
14970,C,21,0,21
14971,C,21,0,21
14972,A,21,0,21
14973,T,21,0,21
14974,G,21,0,21
14975,A,21,0,21
14976,T,21,0,21
14977,G,19,0,19
14978,G,19,0,19
14979,A,19,0,19
14980,C,19,0,19
14981,C,20,0,20
14982,A,21,0,21
14983,G,21,0,21
14984,A,20,0,20
14985,A,20,0,20
14986,C,20,0,20
14987,A,20,0,20
14988,T,20,0,20
14989,A,20,0,20
14990,T,20,0,20
14991,A,20,0,20
14992,G,20,0,20
14993,C,20,0,20
14994,G,20,0,20
14995,G,20,0,20
14996,C,20,0,20
14997,T,20,0,20
14998,T,20,0,20
14999,T,19,0,19
15000,A,19,0,19
15001,G,19,0,19
15002,C,19,0,19
15003,A,19,0,19
15004,C,19,0,19
15005,C,19,0,19
15006,C,20,0,20
15007,A,20,0,20
15008,C,20,0,20
15009,G,19,0,19
15010,C,19,0,19
15011,G,20,0,20
15012,T,19,0,19
15013,T,19,0,19
15014,C,19,0,19
15015,T,19,0,19
15016,G,19,0,19
15017,G,19,0,19
15018,T,19,0,19
15019,A,19,0,19
15020,A,19,0,19
15021,A,19,0,19
15022,G,19,0,19
15023,G,19,0,19
15024,T,19,0,19
15025,G,20,0,20
15026,T,19,0,19
15027,T,19,0,19
15028,G,19,0,19
15029,G,19,0,19
15030,T,19,0,19
15031,T,19,0,19
15032,T,19,0,19
15033,A,18,0,18
15034,G,18,0,18
15035,T,18,0,18
15036,T,18,0,18
15037,G,18,0,18
15038,T,19,0,19
15039,T,19,0,19
15040,C,19,0,19
15041,C,20,0,20
15042,T,21,0,21
15043,A,21,0,21
15044,C,21,0,21
15045,T,21,0,21
15046,C,21,0,21
15047,T,21,0,21
15048,T,21,0,21
15049,T,21,0,21
15050,T,21,0,21
15051,A,21,0,21
15052,A,21,0,21
15053,G,21,0,21
15054,T,20,0,20
15055,T,20,0,20
15056,G,20,0,20
15057,G,20,0,20
15058,C,20,0,20
15059,C,19,0,19
15060,A,17,0,17
15061,C,17,0,17
15062,A,17,0,17
15063,T,17,0,17
15064,A,17,0,17
15065,G,17,0,17
15066,T,17,0,17
15067,C,17,0,17
15068,T,16,0,16
15069,T,16,0,16
15070,T,16,0,16
15071,T,16,0,16
15072,T,16,0,16
15073,G,16,0,16
15074,T,15,0,15
15075,C,15,0,15
15076,C,17,0,17
15077,T,17,0,17
15078,T,17,0,17
15079,G,16,0,16
15080,A,16,0,16
15081,T,16,0,16
15082,A,16,0,16
15083,C,17,0,17
15084,A,17,0,17
15085,A,17,0,17
15086,A,17,0,17
15087,A,17,0,17
15088,G,17,0,17
15089,G,16,0,16
15090,T,16,0,16
15091,G,16,0,16
15092,A,16,0,16
15093,A,15,0,15
15094,A,15,0,15
15095,A,15,0,15
15096,T,15,0,15
15097,T,16,0,16
15098,A,16,0,16
15099,T,16,0,16
15100,G,16,0,16
15101,C,16,0,16
15102,T,16,0,16
15103,A,16,0,16
15104,T,16,0,16
15105,G,16,0,16
15106,A,16,0,16
15107,C,17,0,17
15108,A,17,0,17
15109,G,17,0,17
15110,C,16,0,16
15111,A,16,0,16
15112,G,16,0,16
15113,G,15,0,15
15114,A,16,0,16
15115,T,17,0,17
15116,G,17,0,17
15117,G,17,0,17
15118,C,17,0,17
15119,G,18,0,18
15120,A,18,0,18
15121,A,17,0,17
15122,A,17,0,17
15123,A,17,0,17
15124,C,18,0,18
15125,A,18,0,18
15126,A,18,0,18
15127,T,19,0,19
15128,G,21,0,21
15129,T,21,0,21
15130,G,21,0,21
15131,C,22,0,22
15132,A,21,0,21
15133,G,21,0,21
15134,G,21,0,21
15135,G,21,0,21
15136,A,21,0,21
15137,A,21,0,21
15138,T,21,0,21
15139,A,21,0,21
15140,A,23,0,23
15141,G,25,0,25
15142,A,25,0,25
15143,T,25,0,25
15144,T,25,0,25
15145,T,25,0,25
15146,T,25,0,25
15147,A,26,0,26
15148,A,26,0,26
15149,G,28,0,28
15150,G,28,0,28
15151,T,27,0,27
15152,T,27,0,27
15153,T,27,0,27
15154,G,27,0,27
15155,A,27,0,27
15156,T,27,0,27
15157,C,27,0,27
15158,C,27,0,27
15159,A,27,0,27
15160,G,27,0,27
15161,C,27,0,27
15162,C,27,0,27
15163,G,27,0,27
15164,A,27,0,27
15165,G,27,0,27
15166,C,28,0,28
15167,C,29,0,29
15168,C,29,0,29
15169,A,29,0,29
15170,A,29,0,29
15171,T,31,0,31
15172,G,31,0,31
15173,T,31,0,31
15174,T,31,0,31
15175,G,31,0,31
15176,G,29,0,29
15177,G,29,0,29
15178,T,29,0,29
15179,G,30,0,30
15180,T,30,0,30
15181,T,30,0,30
15182,C,30,0,30
15183,A,32,0,32
15184,T,33,0,33
15185,G,33,0,33
15186,G,32,0,32
15187,A,32,0,32
15188,A,32,0,32
15189,T,32,0,32
15190,C,32,0,32
15191,C,32,0,32
15192,G,31,0,31
15193,T,31,0,31
15194,T,31,0,31
15195,A,33,0,33
15196,G,33,0,33
15197,G,34,0,34
15198,G,34,0,34
15199,G,35,0,35
15200,A,35,0,35
15201,A,38,0,38
15202,A,38,0,38
15203,T,39,0,39
15204,T,39,0,39
15205,C,39,0,39
15206,G,40,0,40
15207,T,40,0,40
15208,T,40,0,40
15209,T,40,0,40
15210,C,40,0,40
15211,A,41,0,41
15212,G,41,0,41
15213,G,41,0,41
15214,A,41,0,41
15215,C,41,0,41
15216,A,41,0,41
15217,C,41,0,41
15218,G,42,0,42
15219,T,42,0,42
15220,T,42,0,42
15221,A,42,0,42
15222,T,42,0,42
15223,C,42,0,42
15224,A,42,0,42
15225,G,41,0,41
15226,G,41,0,41
15227,T,41,0,41
15228,A,41,0,41
15229,G,41,0,41
15230,C,41,0,41
15231,G,41,0,41
15232,G,41,0,41
15233,A,41,0,41
15234,T,40,0,40
15235,G,40,0,40
15236,C,40,0,40
15237,A,40,0,40
15238,C,41,0,41
15239,A,41,0,41
15240,A,41,0,41
15241,A,41,0,41
15242,A,41,0,41
15243,T,41,0,41
15244,A,41,0,41
15245,T,41,0,41
15246,A,41,0,41
15247,G,41,0,41
15248,C,40,0,40
15249,C,40,0,40
15250,T,40,0,40
15251,T,40,0,40
15252,A,40,0,40
15253,A,40,0,40
15254,T,40,0,40
15255,G,40,0,40
15256,G,40,0,40
15257,T,40,0,40
15258,T,39,0,39
15259,A,40,0,40
15260,T,41,0,41
15261,A,42,0,42
15262,G,42,0,42
15263,A,42,0,42
15264,C,42,0,42
15265,G,41,0,41
15266,A,40,0,40
15267,C,40,0,40
15268,G,40,0,40
15269,A,40,0,40
15270,T,39,0,39
15271,G,39,0,39
15272,G,39,0,39
15273,A,39,0,39
15274,A,39,0,39
15275,A,37,0,37
15276,G,38,0,38
15277,G,38,0,38
15278,G,36,0,36
15279,A,34,0,34
15280,A,34,0,34
15281,T,34,0,34
15282,T,33,0,33
15283,G,35,0,35
15284,C,34,0,34
15285,A,34,0,34
15286,G,37,0,37
15287,G,37,0,37
15288,T,39,0,39
15289,G,40,0,40
15290,A,40,0,40
15291,T,40,0,40
15292,C,39,0,39
15293,A,39,0,39
15294,T,38,0,38
15295,T,38,0,38
15296,T,38,0,38
15297,T,37,0,37
15298,A,37,0,37
15299,G,38,0,38
15300,A,39,0,39
15301,T,39,0,39
15302,C,39,0,39
15303,C,38,0,38
15304,G,40,0,40
15305,C,40,0,40
15306,T,39,0,39
15307,G,39,0,39
15308,C,39,0,39
15309,T,39,0,39
15310,T,39,0,39
15311,T,40,0,40
15312,T,40,0,40
15313,G,40,0,40
15314,A,40,0,40
15315,A,40,0,40
15316,C,41,0,41
15317,T,41,0,41
15318,T,40,0,40
15319,T,40,0,40
15320,T,39,0,39
15321,G,39,0,39
15322,A,39,0,39
15323,A,39,0,39
15324,T,39,0,39
15325,G,39,0,39
15326,G,40,0,40
15327,T,40,0,40
15328,C,40,0,40
15329,T,40,0,40
15330,C,39,0,39
15331,A,39,0,39
15332,T,39,0,39
15333,T,39,0,39
15334,C,38,0,38
15335,T,38,0,38
15336,T,38,0,38
15337,C,38,0,38
15338,A,38,0,38
15339,T,39,0,39
15340,G,39,0,39
15341,C,39,0,39
15342,T,39,0,39
15343,C,39,0,39
15344,T,39,0,39
15345,T,39,0,39
15346,T,38,0,38
15347,A,38,0,38
15348,C,37,0,37
15349,A,37,0,37
15350,A,36,0,36
15351,G,36,0,36
15352,G,34,0,34
15353,C,34,0,34
15354,A,34,0,34
15355,G,34,0,34
15356,A,34,0,34
15357,A,33,0,33
15358,A,35,0,35
15359,A,35,0,35
15360,A,36,0,36
15361,A,36,0,36
15362,C,35,0,35
15363,T,35,0,35
15364,G,34,0,34
15365,G,34,0,34
15366,A,34,0,34
15367,C,34,0,34
15368,G,34,0,34
15369,T,33,0,33
15370,A,33,0,33
15371,T,34,0,34
15372,A,40,0,40
15373,C,40,0,40
15374,C,41,0,41
15375,T,41,0,41
15376,T,41,0,41
15377,G,41,0,41
15378,T,41,0,41
15379,T,41,0,41
15380,T,41,0,41
15381,G,41,0,41
15382,C,41,0,41
15383,A,42,0,42
15384,A,42,0,42
15385,G,42,0,42
15386,A,42,0,42
15387,T,42,0,42
15388,T,44,0,44
15389,G,43,0,43
15390,T,45,0,45
15391,G,45,0,45
15392,C,46,0,46
15393,A,47,0,47
15394,C,47,0,47
15395,A,47,0,47
15396,C,47,0,47
15397,A,47,0,47
15398,T,48,0,48
15399,G,48,0,48
15400,C,48,0,48
15401,T,48,0,48
15402,A,49,0,49
15403,A,48,0,48
15404,C,48,0,48
15405,T,48,0,48
15406,G,48,0,48
15407,G,48,0,48
15408,A,49,0,49
15409,G,49,0,49
15410,T,48,0,48
15411,A,48,0,48
15412,G,48,0,48
15413,G,48,0,48
15414,A,48,0,48
15415,G,48,0,48
15416,A,50,0,50
15417,T,50,0,50
15418,T,50,0,50
15419,T,50,0,50
15420,T,50,0,50
15421,G,50,0,50
15422,C,50,0,50
15423,T,50,0,50
15424,G,50,0,50
15425,C,48,0,48
15426,T,48,0,48
15427,G,48,0,48
15428,T,48,0,48
15429,T,49,0,49
15430,A,49,0,49
15431,C,49,0,49
15432,T,49,0,49
15433,G,49,0,49
15434,A,48,0,48
15435,A,48,0,48
15436,G,47,0,47
15437,A,45,0,45
15438,T,45,0,45
15439,A,44,0,44
15440,A,43,0,43
15441,T,43,0,43
15442,G,43,0,43
15443,A,41,0,41
15444,T,41,0,41
15445,G,41,0,41
15446,A,41,0,41
15447,T,41,0,41
15448,T,41,0,41
15449,T,42,0,42
15450,T,42,0,42
15451,G,41,0,41
15452,A,41,0,41
15453,T,41,0,41
15454,G,41,0,41
15455,A,39,0,39
15456,T,39,0,39
15457,G,39,0,39
15458,A,39,0,39
15459,T,39,0,39
15460,G,39,0,39
15461,G,39,0,39
15462,A,38,0,38
15463,G,38,0,38
15464,A,38,0,38
15465,T,38,0,38
15466,C,39,0,39
15467,C,38,0,38
15468,A,38,0,38
15469,A,38,0,38
15470,A,38,0,38
15471,A,40,0,40
15472,G,40,0,40
15473,C,38,0,38
15474,G,38,0,38
15475,C,39,0,39
15476,T,38,0,38
15477,T,38,0,38
15478,T,38,0,38
15479,C,38,0,38
15480,T,38,0,38
15481,A,38,0,38
15482,G,39,0,39
15483,T,39,0,39
15484,T,39,0,39
15485,T,39,0,39
15486,A,39,0,39
15487,T,39,0,39
15488,T,39,0,39
15489,T,39,0,39
15490,C,39,0,39
15491,A,39,0,39
15492,T,39,0,39
15493,G,39,0,39
15494,A,39,0,39
15495,A,40,0,40
15496,A,40,0,40
15497,T,39,0,39
15498,G,39,0,39
15499,G,39,0,39
15500,A,38,0,38
15501,A,38,0,38
15502,A,38,0,38
15503,A,40,0,40
15504,C,42,0,42
15505,C,41,0,41
15506,T,42,0,42
15507,T,42,0,42
15508,G,42,0,42
15509,A,40,0,40
15510,T,40,0,40
15511,A,39,0,39
15512,T,39,0,39
15513,A,39,0,39
15514,A,38,0,38
15515,A,38,0,38
15516,A,38,0,38
15517,A,39,0,39
15518,G,39,0,39
15519,T,39,0,39
15520,A,39,0,39
15521,A,39,0,39
15522,T,39,0,39
15523,A,34,0,34
15524,A,34,0,34
15525,T,34,0,34
15526,C,34,0,34
15527,C,34,0,34
15528,T,34,0,34
15529,T,34,0,34
15530,C,34,0,34
15531,T,34,0,34
15532,T,34,0,34
15533,T,34,0,34
15534,T,33,0,33
15535,A,33,0,33
15536,A,33,0,33
15537,A,33,0,33
15538,G,34,0,34
15539,A,33,0,33
15540,T,33,0,33
15541,G,31,0,31
15542,C,31,0,31
15543,A,31,0,31
15544,G,32,0,32
15545,A,32,0,32
15546,T,32,0,32
15547,A,32,0,32
15548,G,32,0,32
15549,A,32,0,32
15550,G,32,0,32
15551,A,32,0,32
15552,A,32,0,32
15553,G,32,0,32
15554,C,33,0,33
15555,A,33,0,33
15556,A,33,0,33
15557,A,34,0,34
15558,A,34,0,34
15559,C,33,0,33
15560,T,33,0,33
15561,T,33,0,33
15562,G,34,0,34
15563,T,31,0,31
15564,T,31,0,31
15565,A,31,0,31
15566,T,31,0,31
15567,A,31,0,31
15568,A,31,0,31
15569,A,31,0,31
15570,T,31,0,31
15571,G,31,0,31
15572,G,31,0,31
15573,T,31,0,31
15574,G,31,0,31
15575,T,32,0,32
15576,T,32,0,32
15577,G,32,0,32
15578,G,32,0,32
15579,C,32,0,32
15580,C,31,0,31
15581,G,31,0,31
15582,C,31,0,31
15583,C,31,0,31
15584,G,31,0,31
15585,T,31,0,31
15586,A,31,0,31
15587,T,31,0,31
15588,G,30,0,30
15589,G,30,0,30
15590,C,30,0,30
15591,T,32,0,32
15592,G,33,0,33
15593,G,33,0,33
15594,A,34,0,34
15595,A,34,0,34
15596,C,34,0,34
15597,A,34,0,34
15598,C,35,0,35
15599,C,36,0,36
15600,A,36,0,36
15601,G,35,0,35
15602,C,35,0,35
15603,A,36,0,36
15604,C,36,0,36
15605,G,36,0,36
15606,T,37,0,37
15607,G,37,0,37
15608,A,37,0,37
15609,A,36,0,36
15610,T,36,0,36
15611,T,36,0,36
15612,A,36,0,36
15613,G,36,0,36
15614,G,36,0,36
15615,T,36,0,36
15616,T,36,0,36
15617,C,36,0,36
15618,T,37,0,37
15619,A,37,0,37
15620,T,37,0,37
15621,C,36,0,36
15622,A,35,0,35
15623,T,35,0,35
15624,T,35,0,35
15625,T,35,0,35
15626,C,34,0,34
15627,A,34,0,34
15628,A,33,0,33
15629,C,35,0,35
15630,G,36,0,36
15631,G,36,0,36
15632,C,36,0,36
15633,A,36,0,36
15634,A,37,0,37
15635,A,37,0,37
15636,T,36,0,36
15637,A,36,0,36
15638,A,36,0,36
15639,T,37,0,37
15640,G,37,0,37
15641,C,37,0,37
15642,T,37,0,37
15643,T,36,0,36
15644,T,36,0,36
15645,A,36,0,36
15646,T,35,0,35
15647,C,36,0,36
15648,T,36,0,36
15649,C,36,0,36
15650,T,36,0,36
15651,T,36,0,36
15652,T,36,0,36
15653,A,37,0,37
15654,T,35,0,35
15655,A,33,0,33
15656,G,33,0,33
15657,A,33,0,33
15658,G,33,0,33
15659,A,33,0,33
15660,T,33,0,33
15661,C,33,0,33
15662,C,33,0,33
15663,C,34,0,34
15664,A,34,0,34
15665,T,34,0,34
15666,T,34,0,34
15667,G,34,0,34
15668,T,33,0,33
15669,T,35,0,35
15670,G,35,0,35
15671,G,35,0,35
15672,T,35,0,35
15673,G,36,0,36
15674,A,35,0,35
15675,G,35,0,35
15676,A,34,0,34
15677,A,33,0,33
15678,T,33,0,33
15679,A,33,0,33
15680,C,33,0,33
15681,A,33,0,33
15682,A,34,0,34
15683,A,34,0,34
15684,A,34,0,34
15685,T,34,0,34
15686,A,34,0,34
15687,T,34,0,34
15688,T,34,0,34
15689,G,33,0,33
15690,T,33,0,33
15691,G,32,0,32
15692,A,32,0,32
15693,T,32,0,32
15694,T,31,0,31
15695,T,32,0,32
15696,T,33,0,33
15697,T,33,0,33
15698,A,33,0,33
15699,T,33,0,33
15700,A,32,0,32
15701,T,31,0,31
15702,T,32,0,32
15703,A,32,0,32
15704,G,32,0,32
15705,C,32,0,32
15706,G,32,0,32
15707,A,32,0,32
15708,T,32,0,32
15709,T,32,0,32
15710,T,32,0,32
15711,G,32,0,32
15712,A,32,0,32
15713,T,32,0,32
15714,G,32,0,32
15715,G,33,0,33
15716,A,33,0,33
15717,T,33,0,33
15718,A,33,0,33
15719,C,33,0,33
15720,A,33,0,33
15721,G,33,0,33
15722,A,33,0,33
15723,A,33,0,33
15724,A,33,0,33
15725,C,35,0,35
15726,A,35,0,35
15727,C,35,0,35
15728,C,35,0,35
15729,A,34,0,34
15730,G,35,0,35
15731,T,35,0,35
15732,T,35,0,35
15733,T,36,0,36
15734,C,36,0,36
15735,A,36,0,36
15736,C,36,0,36
15737,T,36,0,36
15738,G,37,0,37
15739,T,38,0,38
15740,A,38,0,38
15741,T,40,0,40
15742,T,39,0,39
15743,T,39,0,39
15744,T,39,0,39
15745,A,38,0,38
15746,T,38,0,38
15747,T,39,0,39
15748,A,39,0,39
15749,C,37,0,37
15750,A,37,0,37
15751,A,36,0,36
15752,C,36,0,36
15753,G,37,0,37
15754,C,36,0,36
15755,C,37,0,37
15756,A,37,0,37
15757,C,36,0,36
15758,G,36,0,36
15759,C,37,0,37
15760,A,37,0,37
15761,A,38,0,38
15762,T,38,0,38
15763,T,38,0,38
15764,T,38,0,38
15765,G,38,0,38
15766,G,38,0,38
15767,A,38,0,38
15768,T,39,0,39
15769,A,38,0,38
15770,G,38,0,38
15771,G,38,0,38
15772,A,39,0,39
15773,T,38,0,38
15774,G,37,0,37
15775,A,37,0,37
15776,G,38,0,38
15777,A,38,0,38
15778,C,38,0,38
15779,C,38,0,38
15780,T,38,0,38
15781,T,38,0,38
15782,T,38,0,38
15783,A,38,0,38
15784,G,38,0,38
15785,C,38,0,38
15786,G,38,0,38
15787,C,38,0,38
15788,G,38,0,38
15789,T,38,0,38
15790,T,37,0,37
15791,T,37,0,37
15792,A,37,0,37
15793,T,37,0,37
15794,T,37,0,37
15795,G,37,0,37
15796,T,37,0,37
15797,T,37,0,37
15798,A,36,0,36
15799,A,36,0,36
15800,C,36,0,36
15801,A,36,0,36
15802,C,36,0,36
15803,A,36,0,36
15804,A,35,0,35
15805,A,35,0,35
15806,T,35,0,35
15807,G,35,0,35
15808,G,35,0,35
15809,T,36,0,36
15810,A,36,0,36
15811,C,36,0,36
15812,T,36,0,36
15813,T,35,0,35
15814,T,35,0,35
15815,C,35,0,35
15816,T,35,0,35
15817,C,36,0,36
15818,T,36,0,36
15819,T,37,0,37
15820,T,37,0,37
15821,C,38,0,38
15822,A,39,0,39
15823,G,39,0,39
15824,A,38,0,38
15825,T,38,0,38
15826,C,39,0,39
15827,G,39,0,39
15828,C,39,0,39
15829,A,39,0,39
15830,T,39,0,39
15831,G,39,0,39
15832,G,39,0,39
15833,A,38,0,38
15834,A,38,0,38
15835,T,38,0,38
15836,T,38,0,38
15837,T,38,0,38
15838,G,38,0,38
15839,A,38,0,38
15840,T,37,0,37
15841,G,37,0,37
15842,A,37,0,37
15843,T,37,0,37
15844,G,37,0,37
15845,G,37,0,37
15846,G,36,0,36
15847,A,35,0,35
15848,G,35,0,35
15849,A,35,0,35
15850,T,34,0,34
15851,C,34,0,34
15852,A,35,0,35
15853,A,35,0,35
15854,A,35,0,35
15855,A,34,0,34
15856,A,34,0,34
15857,C,34,0,34
15858,A,34,0,34
15859,A,34,0,34
15860,A,34,0,34
15861,T,34,0,34
15862,C,34,0,34
15863,A,34,0,34
15864,T,34,0,34
15865,A,34,0,34
15866,A,33,0,33
15867,A,33,0,33
15868,C,34,0,34
15869,A,34,0,34
15870,C,34,0,34
15871,C,34,0,34
15872,G,33,0,33
15873,T,33,0,33
15874,T,33,0,33
15875,T,32,0,32
15876,G,32,0,32
15877,C,31,0,31
15878,T,31,0,31
15879,T,31,0,31
15880,T,31,0,31
15881,T,30,0,30
15882,A,30,0,30
15883,A,29,0,29
15884,T,28,0,28
15885,G,28,0,28
15886,C,28,0,28
15887,T,28,0,28
15888,T,28,0,28
15889,G,26,0,26
15890,A,26,0,26
15891,T,26,0,26
15892,G,25,0,25
15893,A,24,0,24
15894,A,23,0,23
15895,T,23,0,23
15896,T,23,0,23
15897,T,23,0,23
15898,C,23,0,23
15899,C,24,0,24
15900,A,24,0,24
15901,A,25,0,25
15902,C,25,0,25
15903,T,25,0,25
15904,T,24,0,24
15905,T,24,0,24
15906,A,23,0,23
15907,G,23,0,23
15908,G,23,0,23
15909,A,23,0,23
15910,A,22,0,22
15911,A,23,0,23
15912,A,22,0,22
15913,T,24,0,24
15914,T,24,0,24
15915,A,24,0,24
15916,G,25,0,25
15917,A,25,0,25
15918,G,25,0,25
15919,A,26,0,26
15920,T,26,0,26
15921,T,26,0,26
15922,T,26,0,26
15923,T,25,0,25
15924,T,26,0,26
15925,G,26,0,26
15926,A,26,0,26
15927,A,25,0,25
15928,A,25,0,25
15929,A,25,0,25
15930,G,26,0,26
15931,G,25,0,25
15932,C,24,0,24
15933,T,24,0,24
15934,C,24,0,24
15935,T,24,0,24
15936,T,24,0,24
15937,G,24,0,24
15938,C,24,0,24
15939,C,25,0,25
15940,T,25,0,25
15941,A,25,0,25
15942,T,25,0,25
15943,A,26,0,26
15944,T,26,0,26
15945,T,26,0,26
15946,G,25,0,25
15947,C,25,0,25
15948,T,25,0,25
15949,G,25,0,25
15950,G,25,0,25
15951,A,25,0,25
15952,T,25,0,25
15953,A,25,0,25
15954,T,26,0,26
15955,G,26,0,26
15956,G,26,0,26
15957,G,26,0,26
15958,C,26,0,26
15959,T,26,0,26
15960,T,25,0,25
15961,A,25,0,25
15962,A,24,0,24
15963,A,24,0,24
15964,G,25,0,25
15965,C,24,0,24
15966,T,24,0,24
15967,T,26,0,26
15968,A,25,0,25
15969,C,25,0,25
15970,A,24,0,24
15971,T,23,0,23
15972,T,22,0,22
15973,A,22,0,22
15974,T,22,0,22
15975,T,22,0,22
15976,A,24,0,24
15977,C,25,0,25
15978,T,25,0,25
15979,C,25,0,25
15980,A,27,0,27
15981,A,27,0,27
15982,G,27,0,27
15983,A,27,0,27
15984,T,27,0,27
15985,G,27,0,27
15986,T,27,0,27
15987,A,27,0,27
15988,C,27,0,27
15989,A,27,0,27
15990,G,27,0,27
15991,C,27,0,27
15992,A,27,0,27
15993,A,27,0,27
15994,T,27,0,27
15995,T,26,0,26
15996,G,26,0,26
15997,T,26,0,26
15998,A,26,0,26
15999,C,26,0,26
16000,A,26,0,26
16001,A,27,0,27
16002,G,27,0,27
16003,G,26,0,26
16004,C,27,0,27
16005,T,27,0,27
16006,T,26,0,26
16007,A,26,0,26
16008,T,26,0,26
16009,A,26,0,26
16010,C,26,0,26
16011,A,26,0,26
16012,A,26,0,26
16013,C,26,0,26
16014,G,28,0,28
16015,A,28,0,28
16016,A,28,0,28
16017,T,28,0,28
16018,G,29,0,29
16019,A,29,0,29
16020,A,29,0,29
16021,A,30,0,30
16022,G,30,0,30
16023,C,29,0,29
16024,A,29,0,29
16025,T,29,0,29
16026,T,29,0,29
16027,A,30,0,30
16028,T,32,0,32
16029,T,33,0,33
16030,T,33,0,33
16031,C,33,0,33
16032,G,33,0,33
16033,A,33,0,33
16034,A,33,0,33
16035,T,33,0,33
16036,T,36,0,36
16037,G,38,0,38
16038,T,38,0,38
16039,C,39,0,39
16040,A,39,0,39
16041,T,40,0,40
16042,A,40,0,40
16043,T,41,0,41
16044,T,41,0,41
16045,C,41,0,41
16046,G,41,0,41
16047,T,41,0,41
16048,A,41,0,41
16049,T,41,0,41
16050,T,40,0,40
16051,G,40,0,40
16052,C,40,0,40
16053,T,40,0,40
16054,T,40,0,40
16055,A,40,0,40
16056,T,41,0,41
16057,G,41,0,41
16058,C,42,0,42
16059,T,42,0,42
16060,C,42,0,42
16061,C,40,0,40
16062,T,39,0,39
16063,A,39,0,39
16064,A,39,0,39
16065,T,39,0,39
16066,A,40,0,40
16067,A,39,0,39
16068,A,39,0,39
16069,G,39,0,39
16070,T,37,0,37
16071,C,37,0,37
16072,G,37,0,37
16073,A,37,0,37
16074,A,37,0,37
16075,A,36,0,36
16076,C,36,0,36
16077,A,36,0,36
16078,G,36,0,36
16079,C,36,0,36
16080,T,36,0,36
16081,G,35,0,35
16082,A,35,0,35
16083,A,35,0,35
16084,T,35,0,35
16085,G,36,0,36
16086,G,36,0,36
16087,A,35,0,35
16088,T,35,0,35
16089,G,35,0,35
16090,A,34,0,34
16091,G,34,0,34
16092,T,34,0,34
16093,A,34,0,34
16094,A,33,0,33
16095,A,33,0,33
16096,A,34,0,34
16097,T,34,0,34
16098,G,34,0,34
16099,G,34,0,34
16100,C,34,0,34
16101,G,35,0,35
16102,G,36,0,36
16103,G,36,0,36
16104,G,36,0,36
16105,G,35,0,35
16106,A,34,0,34
16107,G,34,0,34
16108,A,35,0,35
16109,C,38,0,38
16110,A,38,0,38
16111,A,38,0,38
16112,C,38,0,38
16113,G,37,0,37
16114,G,36,0,36
16115,T,36,0,36
16116,C,34,0,34
16117,G,34,0,34
16118,T,35,0,35
16119,A,35,0,35
16120,C,35,0,35
16121,G,35,0,35
16122,C,35,0,35
16123,G,35,0,35
16124,A,35,0,35
16125,A,35,0,35
16126,A,36,0,36
16127,A,36,0,36
16128,G,34,0,34
16129,A,34,0,34
16130,T,34,0,34
16131,T,32,0,32
16132,T,32,0,32
16133,C,32,0,32
16134,T,32,0,32
16135,A,32,0,32
16136,C,32,0,32
16137,T,33,0,33
16138,T,33,0,33
16139,C,33,0,33
16140,T,33,0,33
16141,G,34,0,34
16142,G,34,0,34
16143,A,35,0,35
16144,A,35,0,35
16145,A,35,0,35
16146,A,35,0,35
16147,C,36,0,36
16148,G,36,0,36
16149,C,35,0,35
16150,T,35,0,35
16151,T,33,0,33
16152,T,34,0,34
16153,G,33,0,33
16154,G,33,0,33
16155,T,33,0,33
16156,A,33,0,33
16157,T,33,0,33
16158,G,34,0,34
16159,G,34,0,34
16160,C,34,0,34
16161,A,34,0,34
16162,C,35,0,35
16163,T,35,0,35
16164,T,35,0,35
16165,G,37,0,37
16166,A,37,0,37
16167,A,37,0,37
16168,C,37,0,37
16169,A,37,0,37
16170,G,38,0,38
16171,G,38,0,38
16172,T,37,0,37
16173,T,36,0,36
16174,T,35,0,35
16175,C,33,0,33
16176,A,33,0,33
16177,A,34,0,34
16178,C,34,0,34
16179,C,32,0,32
16180,T,31,0,31
16181,C,31,0,31
16182,T,31,0,31
16183,T,31,0,31
16184,A,31,0,31
16185,T,32,0,32
16186,G,33,0,33
16187,A,33,0,33
16188,A,33,0,33
16189,G,33,0,33
16190,A,31,0,31
16191,A,31,0,31
16192,A,31,0,31
16193,C,33,0,33
16194,A,33,0,33
16195,A,34,0,34
16196,A,35,0,35
16197,G,35,0,35
16198,C,35,0,35
16199,G,35,0,35
16200,G,35,0,35
16201,C,37,0,37
16202,C,38,0,38
16203,A,38,0,38
16204,T,38,0,38
16205,T,38,0,38
16206,A,38,0,38
16207,A,38,0,38
16208,T,38,0,38
16209,G,38,0,38
16210,A,38,0,38
16211,C,38,0,38
16212,A,38,0,38
16213,C,39,0,39
16214,C,39,0,39
16215,C,40,0,40
16216,G,41,0,41
16217,A,40,0,40
16218,T,40,0,40
16219,G,40,0,40
16220,A,40,0,40
16221,G,40,0,40
16222,A,40,0,40
16223,T,40,0,40
16224,T,40,0,40
16225,A,40,0,40
16226,T,40,0,40
16227,G,40,0,40
16228,C,40,0,40
16229,G,41,0,41
16230,T,41,0,41
16231,T,41,0,41
16232,T,41,0,41
16233,G,41,0,41
16234,C,41,0,41
16235,C,41,0,41
16236,T,40,0,40
16237,G,41,0,41
16238,G,41,0,41
16239,T,41,0,41
16240,G,41,0,41
16241,C,41,0,41
16242,A,41,0,41
16243,A,41,0,41
16244,A,41,0,41
16245,A,41,0,41
16246,A,42,0,42
16247,A,41,0,41
16248,A,41,0,41
16249,G,41,0,41
16250,A,41,0,41
16251,T,41,0,41
16252,A,40,0,40
16253,A,39,0,39
16254,T,39,0,39
16255,G,39,0,39
16256,C,39,0,39
16257,A,39,0,39
16258,G,40,0,40
16259,G,40,0,40
16260,A,37,0,37
16261,A,37,0,37
16262,A,37,0,37
16263,T,38,0,38
16264,A,38,0,38
16265,T,38,0,38
16266,T,39,0,39
16267,G,39,0,39
16268,T,39,0,39
16269,T,38,0,38
16270,G,38,0,38
16271,A,38,0,38
16272,A,38,0,38
16273,C,39,0,39
16274,C,39,0,39
16275,T,39,0,39
16276,G,38,0,38
16277,G,39,0,39
16278,T,40,0,40
16279,G,40,0,40
16280,A,40,0,40
16281,A,40,0,40
16282,A,40,0,40
16283,T,40,0,40
16284,G,40,0,40
16285,C,40,0,40
16286,T,40,0,40
16287,T,41,0,41
16288,A,41,0,41
16289,T,41,0,41
16290,T,41,0,41
16291,T,42,0,42
16292,T,41,0,41
16293,T,40,0,40
16294,G,40,0,40
16295,T,40,0,40
16296,A,40,0,40
16297,G,40,0,40
16298,C,41,0,41
16299,T,41,0,41
16300,G,41,0,41
16301,G,41,0,41
16302,A,42,0,42
16303,A,42,0,42
16304,A,42,0,42
16305,C,42,0,42
16306,A,42,0,42
16307,G,42,0,42
16308,T,41,0,41
16309,G,41,0,41
16310,T,41,0,41
16311,C,41,0,41
16312,A,42,0,42
16313,T,41,0,41
16314,T,41,0,41
16315,A,42,0,42
16316,G,40,0,40
16317,A,40,0,40
16318,G,40,0,40
16319,G,40,0,40
16320,T,38,0,38
16321,A,38,0,38
16322,C,38,0,38
16323,A,38,0,38
16324,C,38,0,38
16325,A,38,0,38
16326,G,38,0,38
16327,A,38,0,38
16328,T,37,0,37
16329,T,36,0,36
16330,C,36,0,36
16331,T,36,0,36
16332,T,36,0,36
16333,T,34,0,34
16334,A,34,0,34
16335,T,34,0,34
16336,T,33,0,33
16337,T,32,0,32
16338,T,32,0,32
16339,T,32,0,32
16340,T,32,0,32
16341,A,32,0,32
16342,G,32,0,32
16343,A,30,0,30
16344,T,29,0,29
16345,C,29,0,29
16346,C,28,0,28
16347,T,27,0,27
16348,A,27,0,27
16349,T,27,0,27
16350,T,28,0,28
16351,T,28,0,28
16352,T,26,0,26
16353,T,25,0,25
16354,T,25,0,25
16355,C,25,0,25
16356,C,25,0,25
16357,G,23,0,23
16358,A,23,0,23
16359,A,23,0,23
16360,A,23,0,23
16361,G,23,0,23
16362,G,23,0,23
16363,T,23,0,23
16364,C,25,0,25
16365,A,25,0,25
16366,A,24,0,24
16367,A,24,0,24
16368,A,24,0,24
16369,A,24,0,24
16370,T,24,0,24
16371,A,24,0,24
16372,T,25,0,25
16373,C,25,0,25
16374,T,26,0,26
16375,C,26,0,26
16376,C,26,0,26
16377,T,26,0,26
16378,C,26,0,26
16379,C,27,0,27
16380,T,27,0,27
16381,G,27,0,27
16382,T,27,0,27
16383,T,27,0,27
16384,A,28,0,28
16385,C,28,0,28
16386,T,28,0,28
16387,G,29,0,29
16388,A,28,0,28
16389,T,28,0,28
16390,C,29,0,29
16391,G,30,0,30
16392,C,30,0,30
16393,T,30,0,30
16394,T,30,0,30
16395,G,30,0,30
16396,C,29,0,29
16397,A,29,0,29
16398,T,29,0,29
16399,C,29,0,29
16400,A,30,0,30
16401,G,30,0,30
16402,A,30,0,30
16403,G,29,0,29
16404,A,29,0,29
16405,A,32,0,32
16406,A,32,0,32
16407,T,32,0,32
16408,G,32,0,32
16409,A,31,0,31
16410,A,31,0,31
16411,A,32,0,32
16412,T,32,0,32
16413,C,32,0,32
16414,A,33,0,33
16415,A,33,0,33
16416,A,34,0,34
16417,A,33,0,33
16418,A,33,0,33
16419,A,33,0,33
16420,G,35,0,35
16421,A,36,0,36
16422,T,36,0,36
16423,C,36,0,36
16424,A,34,0,34
16425,A,35,0,35
16426,G,35,0,35
16427,A,35,0,35
16428,A,34,0,34
16429,G,33,0,33
16430,G,34,0,34
16431,C,34,0,34
16432,T,34,0,34
16433,T,35,0,35
16434,T,36,0,36
16435,G,36,0,36
16436,T,37,0,37
16437,T,37,0,37
16438,C,37,0,37
16439,T,36,0,36
16440,C,37,0,37
16441,T,37,0,37
16442,C,37,0,37
16443,A,37,0,37
16444,T,38,0,38
16445,G,38,0,38
16446,A,37,0,37
16447,A,37,0,37
16448,A,37,0,37
16449,C,37,0,37
16450,G,37,0,37
16451,A,37,0,37
16452,G,37,0,37
16453,T,36,0,36
16454,T,35,0,35
16455,A,35,0,35
16456,T,35,0,35
16457,G,35,0,35
16458,T,36,0,36
16459,C,37,0,37
16460,C,37,0,37
16461,A,37,0,37
16462,T,37,0,37
16463,A,36,0,36
16464,A,36,0,36
16465,T,36,0,36
16466,T,35,0,35
16467,A,35,0,35
16468,C,36,0,36
16469,T,36,0,36
16470,T,36,0,36
16471,T,37,0,37
16472,A,37,0,37
16473,T,36,0,36
16474,G,36,0,36
16475,T,37,0,37
16476,T,38,0,38
16477,C,39,0,39
16478,T,39,0,39
16479,C,39,0,39
16480,T,39,0,39
16481,T,39,0,39
16482,G,39,0,39
16483,C,39,0,39
16484,T,40,0,40
16485,A,41,0,41
16486,T,41,0,41
16487,T,41,0,41
16488,G,41,0,41
16489,G,41,0,41
16490,T,41,0,41
16491,T,42,0,42
16492,G,43,0,43
16493,T,43,0,43
16494,T,43,0,43
16495,T,44,0,44
16496,G,44,0,44
16497,A,44,0,44
16498,T,44,0,44
16499,T,44,0,44
16500,T,44,0,44
16501,T,43,0,43
16502,G,43,0,43
16503,T,44,0,44
16504,T,45,0,45
16505,T,46,0,46
16506,G,46,0,46
16507,C,47,0,47
16508,T,48,0,48
16509,C,49,0,49
16510,T,50,0,50
16511,C,50,0,50
16512,T,51,0,51
16513,C,51,0,51
16514,T,51,0,51
16515,C,50,0,50
16516,A,50,0,50
16517,A,51,0,51
16518,G,51,0,51
16519,G,53,0,53
16520,A,56,0,56
16521,T,58,0,58
16522,T,59,0,59
16523,T,58,0,58
16524,A,58,0,58
16525,G,58,0,58
16526,A,58,0,58
16527,A,59,0,59
16528,T,58,0,58
16529,T,58,0,58
16530,A,57,0,57
16531,A,57,0,57
16532,T,60,0,60
16533,T,60,0,60
16534,A,61,0,61
16535,T,61,0,61
16536,T,61,0,61
16537,C,61,0,61
16538,G,61,0,61
16539,C,61,0,61
16540,A,61,0,61
16541,T,60,0,60
16542,T,59,0,59
16543,C,59,0,59
16544,C,58,0,58
16545,G,59,0,59
16546,C,59,0,59
16547,T,59,0,59
16548,C,59,0,59
16549,C,59,0,59
16550,T,59,0,59
16551,A,60,0,60
16552,T,60,0,60
16553,A,61,0,61
16554,G,61,0,61
16555,G,61,0,61
16556,G,60,0,60
16557,A,61,0,61
16558,T,62,0,62
16559,T,62,0,62
16560,T,62,0,62
16561,G,61,0,61
16562,G,60,0,60
16563,A,60,0,60
16564,A,60,0,60
16565,A,59,0,59
16566,G,60,0,60
16567,T,59,0,59
16568,A,59,0,59
16569,A,59,0,59
16570,A,59,0,59
16571,T,57,0,57
16572,T,56,0,56
16573,A,56,0,56
16574,C,56,0,56
16575,T,56,0,56
16576,T,55,0,55
16577,T,55,0,55
16578,C,55,0,55
16579,A,55,0,55
16580,A,54,0,54
16581,A,53,0,53
16582,A,53,0,53
16583,G,54,0,54
16584,G,55,0,55
16585,A,54,0,54
16586,A,55,0,55
16587,A,54,0,54
16588,T,54,0,54
16589,G,54,0,54
16590,C,54,0,54
16591,G,53,0,53
16592,A,55,0,55
16593,A,54,0,54
16594,C,54,0,54
16595,G,54,0,54
16596,G,54,0,54
16597,G,54,0,54
16598,A,54,0,54
16599,A,54,0,54
16600,A,53,0,53
16601,A,53,0,53
16602,T,53,0,53
16603,T,53,0,53
16604,T,53,0,53
16605,A,53,0,53
16606,T,53,0,53
16607,G,53,0,53
16608,G,53,0,53
16609,A,52,0,52
16610,G,51,0,51
16611,G,51,0,51
16612,T,50,0,50
16613,T,51,0,51
16614,T,51,0,51
16615,G,51,0,51
16616,T,51,0,51
16617,C,51,0,51
16618,C,51,0,51
16619,T,51,0,51
16620,C,51,0,51
16621,C,51,0,51
16622,A,51,0,51
16623,G,50,0,50
16624,A,50,0,50
16625,T,50,0,50
16626,G,49,0,49
16627,T,48,0,48
16628,A,48,0,48
16629,C,48,0,48
16630,C,50,0,50
16631,T,51,0,51
16632,A,51,0,51
16633,T,51,0,51
16634,C,51,0,51
16635,G,50,0,50
16636,T,50,0,50
16637,C,53,0,53
16638,A,53,0,53
16639,A,53,0,53
16640,A,53,0,53
16641,G,53,0,53
16642,T,53,0,53
16643,G,54,0,54
16644,T,54,0,54
16645,T,54,0,54
16646,T,53,0,53
16647,G,53,0,53
16648,T,52,0,52
16649,T,51,0,51
16650,G,50,0,50
16651,A,50,0,50
16652,G,50,0,50
16653,A,50,0,50
16654,A,50,0,50
16655,A,49,0,49
16656,G,48,0,48
16657,G,48,0,48
16658,G,47,0,47
16659,T,46,0,46
16660,A,46,0,46
16661,T,46,0,46
16662,C,46,0,46
16663,T,46,0,46
16664,T,46,0,46
16665,C,46,0,46
16666,A,45,0,45
16667,A,46,0,46
16668,T,45,0,45
16669,C,45,0,45
16670,A,43,0,43
16671,G,40,0,40
16672,G,38,0,38
16673,A,37,0,37
16674,G,38,0,38
16675,C,39,0,39
16676,T,39,0,39
16677,T,38,0,38
16678,G,38,0,38
16679,T,38,0,38
16680,T,38,0,38
16681,C,38,0,38
16682,T,37,0,37
16683,A,33,0,33
16684,G,33,0,33
16685,T,32,0,32
16686,G,32,0,32
16687,G,32,0,32
16688,G,32,0,32
16689,G,32,0,32
16690,C,33,0,33
16691,T,35,0,35
16692,A,35,0,35
16693,T,36,0,36
16694,A,36,0,36
16695,C,36,0,36
16696,C,36,0,36
16697,T,36,0,36
16698,T,36,0,36
16699,T,36,0,36
16700,T,36,0,36
16701,T,36,0,36
16702,T,34,0,34
16703,G,34,0,34
16704,A,33,0,33
16705,A,33,0,33
16706,A,33,0,33
16707,C,32,0,32
16708,C,31,0,31
16709,A,31,0,31
16710,T,32,0,32
16711,T,32,0,32
16712,G,32,0,32
16713,G,32,0,32
16714,T,32,0,32
16715,A,32,0,32
16716,G,32,0,32
16717,C,32,0,32
16718,T,32,0,32
16719,G,33,0,33
16720,T,33,0,33
16721,T,33,0,33
16722,T,33,0,33
16723,C,33,0,33
16724,T,33,0,33
16725,G,34,0,34
16726,G,35,0,35
16727,T,35,0,35
16728,G,35,0,35
16729,A,35,0,35
16730,T,36,0,36
16731,G,36,0,36
16732,T,36,0,36
16733,G,36,0,36
16734,G,35,0,35
16735,T,34,0,34
16736,T,34,0,34
16737,C,34,0,34
16738,A,35,0,35
16739,A,36,0,36
16740,G,37,0,37
16741,T,37,0,37
16742,A,37,0,37
16743,A,35,0,35
16744,C,38,0,38
16745,T,38,0,38
16746,G,37,0,37
16747,A,37,0,37
16748,A,38,0,38
16749,A,38,0,38
16750,G,38,0,38
16751,A,38,0,38
16752,G,39,0,39
16753,G,39,0,39
16754,T,39,0,39
16755,A,39,0,39
16756,T,39,0,39
16757,T,39,0,39
16758,A,39,0,39
16759,G,39,0,39
16760,T,39,0,39
16761,A,39,0,39
16762,T,38,0,38
16763,T,39,0,39
16764,A,38,0,38
16765,A,38,0,38
16766,T,38,0,38
16767,G,38,0,38
16768,G,38,0,38
16769,T,37,0,37
16770,T,38,0,38
16771,A,38,0,38
16772,T,37,0,37
16773,T,38,0,38
16774,T,38,0,38
16775,A,38,0,38
16776,T,41,0,41
16777,T,42,0,42
16778,A,43,0,43
16779,A,43,0,43
16780,A,42,0,42
16781,A,40,0,40
16782,A,40,0,40
16783,A,40,0,40
16784,T,40,0,40
16785,A,41,0,41
16786,G,41,0,41
16787,C,41,0,41
16788,C,42,0,42
16789,A,42,0,42
16790,A,42,0,42
16791,A,42,0,42
16792,G,42,0,42
16793,G,41,0,41
16794,A,40,0,40
16795,A,42,0,42
16796,T,42,0,42
16797,G,42,0,42
16798,G,43,0,43
16799,A,43,0,43
16800,G,43,0,43
16801,G,43,0,43
16802,T,42,0,42
16803,G,42,0,42
16804,T,42,0,42
16805,A,42,0,42
16806,G,42,0,42
16807,C,42,0,42
16808,T,42,0,42
16809,G,42,0,42
16810,G,42,0,42
16811,T,41,0,41
16812,G,41,0,41
16813,T,42,0,42
16814,G,42,0,42
16815,C,41,0,41
16816,C,43,0,43
16817,T,42,0,42
16818,A,41,0,41
16819,A,41,0,41
16820,T,41,0,41
16821,G,41,0,41
16822,G,41,0,41
16823,A,41,0,41
16824,G,41,0,41
16825,A,41,0,41
16826,A,40,0,40
16827,T,40,0,40
16828,A,40,0,40
16829,T,40,0,40
16830,C,39,0,39
16831,A,39,0,39
16832,C,40,0,40
16833,G,41,0,41
16834,T,41,0,41
16835,T,40,0,40
16836,G,40,0,40
16837,C,40,0,40
16838,A,40,0,40
16839,G,41,0,41
16840,A,41,0,41
16841,A,41,0,41
16842,G,39,0,39
16843,G,39,0,39
16844,A,39,0,39
16845,T,39,0,39
16846,A,39,0,39
16847,T,40,0,40
16848,G,42,0,42
16849,C,42,0,42
16850,T,42,0,42
16851,T,42,0,42
16852,G,42,0,42
16853,G,42,0,42
16854,T,42,0,42
16855,T,42,0,42
16856,T,42,0,42
16857,A,42,0,42
16858,T,42,0,42
16859,T,42,0,42
16860,T,42,0,42
16861,C,41,0,41
16862,A,41,0,41
16863,A,41,0,41
16864,G,41,0,41
16865,T,41,0,41
16866,T,41,0,41
16867,T,41,0,41
16868,T,40,0,40
16869,G,39,0,39
16870,A,38,0,38
16871,T,38,0,38
16872,C,38,0,38
16873,C,38,0,38
16874,T,38,0,38
16875,G,39,0,39
16876,T,37,0,37
16877,A,37,0,37
16878,A,38,0,38
16879,G,40,0,40
16880,T,39,0,39
16881,T,38,0,38
16882,T,39,0,39
16883,T,39,0,39
16884,G,39,0,39
16885,A,39,0,39
16886,T,38,0,38
16887,A,37,0,37
16888,G,36,0,36
16889,C,36,0,36
16890,C,35,0,35
16891,G,36,0,36
16892,C,36,0,36
16893,T,36,0,36
16894,A,36,0,36
16895,T,35,0,35
16896,T,35,0,35
16897,T,35,0,35
16898,T,35,0,35
16899,G,35,0,35
16900,G,35,0,35
16901,G,37,0,37
16902,G,37,0,37
16903,C,36,0,36
16904,T,37,0,37
16905,G,37,0,37
16906,T,37,0,37
16907,T,37,0,37
16908,C,37,0,37
16909,C,37,0,37
16910,T,37,0,37
16911,A,37,0,37
16912,T,37,0,37
16913,T,37,0,37
16914,A,36,0,36
16915,C,36,0,36
16916,G,36,0,36
16917,A,37,0,37
16918,A,38,0,38
16919,T,39,0,39
16920,A,39,0,39
16921,T,38,0,38
16922,A,38,0,38
16923,A,38,0,38
16924,T,35,0,35
16925,G,35,0,35
16926,G,35,0,35
16927,G,34,0,34
16928,T,32,0,32
16929,T,30,0,30
16930,C,30,0,30
16931,T,30,0,30
16932,G,31,0,31
16933,C,31,0,31
16934,A,31,0,31
16935,A,31,0,31
16936,A,31,0,31
16937,A,32,0,32
16938,C,32,0,32
16939,C,29,0,29
16940,C,29,0,29
16941,A,29,0,29
16942,T,31,0,31
16943,T,31,0,31
16944,T,32,0,32
16945,T,32,0,32
16946,A,30,0,30
16947,A,30,0,30
16948,C,30,0,30
16949,T,29,0,29
16950,T,29,0,29
16951,T,30,0,30
16952,T,30,0,30
16953,C,30,0,30
16954,A,30,0,30
16955,G,30,0,30
16956,A,30,0,30
16957,A,30,0,30
16958,T,30,0,30
16959,T,29,0,29
16960,G,29,0,29
16961,A,29,0,29
16962,G,29,0,29
16963,A,29,0,29
16964,T,28,0,28
16965,T,28,0,28
16966,T,28,0,28
16967,T,28,0,28
16968,A,28,0,28
16969,A,28,0,28
16970,T,28,0,28
16971,A,29,0,29
16972,A,30,0,30
16973,T,30,0,30
16974,G,30,0,30
16975,A,30,0,30
16976,A,30,0,30
16977,A,30,0,30
16978,A,30,0,30
16979,A,30,0,30
16980,A,29,0,29
16981,A,29,0,29
16982,C,29,0,29
16983,A,28,0,28
16984,A,27,0,27
16985,G,27,0,27
16986,A,27,0,27
16987,G,25,0,25
16988,T,25,0,25
16989,A,26,0,26
16990,A,26,0,26
16991,A,26,0,26
16992,A,27,0,27
16993,G,27,0,27
16994,T,27,0,27
16995,A,27,0,27
16996,G,28,0,28
16997,T,28,0,28
16998,T,28,0,28
16999,C,29,0,29
17000,C,29,0,29
17001,T,29,0,29
17002,A,29,0,29
17003,T,29,0,29
17004,A,28,0,28
17005,C,28,0,28
17006,T,28,0,28
17007,T,28,0,28
17008,T,28,0,28
17009,C,28,0,28
17010,T,28,0,28
17011,T,28,0,28
17012,C,28,0,28
17013,A,28,0,28
17014,G,29,0,29
17015,C,30,0,30
17016,T,28,0,28
17017,G,28,0,28
17018,T,28,0,28
17019,A,28,0,28
17020,A,28,0,28
17021,A,28,0,28
17022,T,28,0,28
17023,G,28,0,28
17024,A,28,0,28
17025,T,28,0,28
17026,G,27,0,27
17027,C,27,0,27
17028,T,27,0,27
17029,T,27,0,27
17030,T,26,0,26
17031,T,26,0,26
17032,A,25,0,25
17033,T,26,0,26
17034,A,27,0,27
17035,C,27,0,27
17036,C,27,0,27
17037,A,27,0,27
17038,G,28,0,28
17039,G,28,0,28
17040,G,28,0,28
17041,G,28,0,28
17042,T,28,0,28
17043,A,28,0,28
17044,C,28,0,28
17045,A,28,0,28
17046,A,28,0,28
17047,G,29,0,29
17048,T,29,0,29
17049,T,30,0,30
17050,C,29,0,29
17051,C,29,0,29
17052,A,27,0,27
17053,T,27,0,27
17054,T,27,0,27
17055,G,26,0,26
17056,A,27,0,27
17057,G,27,0,27
17058,T,26,0,26
17059,T,26,0,26
17060,T,26,0,26
17061,A,26,0,26
17062,G,26,0,26
17063,A,26,0,26
17064,A,26,0,26
17065,G,26,0,26
17066,A,26,0,26
17067,A,26,0,26
17068,G,26,0,26
17069,C,25,0,25
17070,A,24,0,24
17071,G,25,0,25
17072,A,25,0,25
17073,A,24,0,24
17074,A,24,0,24
17075,G,24,0,24
17076,T,24,0,24
17077,T,25,0,25
17078,A,25,0,25
17079,T,25,0,25
17080,G,23,0,23
17081,G,23,0,23
17082,G,24,0,24
17083,G,23,0,23
17084,T,23,0,23
17085,T,23,0,23
17086,T,23,0,23
17087,T,22,0,22
17088,T,22,0,22
17089,T,22,0,22
17090,C,22,0,22
17091,A,22,0,22
17092,G,23,0,23
17093,A,23,0,23
17094,A,23,0,23
17095,A,23,0,23
17096,C,23,0,23
17097,A,24,0,24
17098,G,24,0,24
17099,C,25,0,25
17100,A,25,0,25
17101,C,24,0,24
17102,T,24,0,24
17103,T,24,0,24
17104,T,24,0,24
17105,C,25,0,25
17106,A,25,0,25
17107,G,25,0,25
17108,A,25,0,25
17109,A,25,0,25
17110,G,24,0,24
17111,A,24,0,24
17112,A,24,0,24
17113,G,24,0,24
17114,A,24,0,24
17115,C,23,0,23
17116,G,23,0,23
17117,C,23,0,23
17118,T,23,0,23
17119,T,23,0,23
17120,G,23,0,23
17121,G,23,0,23
17122,G,25,0,25
17123,A,24,0,24
17124,T,24,0,24
17125,T,24,0,24
17126,C,24,0,24
17127,G,24,0,24
17128,T,24,0,24
17129,G,24,0,24
17130,T,24,0,24
17131,G,23,0,23
17132,C,23,0,23
17133,T,23,0,23
17134,A,23,0,23
17135,C,23,0,23
17136,A,23,0,23
17137,G,23,0,23
17138,A,23,0,23
17139,T,23,0,23
17140,T,22,0,22
17141,T,21,0,21
17142,T,21,0,21
17143,T,20,0,20
17144,C,20,0,20
17145,T,20,0,20
17146,T,19,0,19
17147,A,19,0,19
17148,A,19,0,19
17149,A,19,0,19
17150,T,19,0,19
17151,T,20,0,20
17152,A,20,0,20
17153,A,20,0,20
17154,A,21,0,21
17155,A,21,0,21
17156,A,22,0,22
17157,T,22,0,22
17158,T,23,0,23
17159,C,23,0,23
17160,T,23,0,23
17161,A,23,0,23
17162,A,22,0,22
17163,T,22,0,22
17164,A,22,0,22
17165,A,21,0,21
17166,C,21,0,21
17167,G,21,0,21
17168,T,21,0,21
17169,A,24,0,24
17170,T,24,0,24
17171,A,24,0,24
17172,A,24,0,24
17173,T,24,0,24
17174,A,24,0,24
17175,G,23,0,23
17176,G,23,0,23
17177,G,23,0,23
17178,G,23,0,23
17179,G,23,0,23
17180,A,23,0,23
17181,G,23,0,23
17182,A,22,0,22
17183,G,21,0,21
17184,A,21,0,21
17185,T,22,0,22
17186,G,22,0,22
17187,A,21,0,21
17188,G,21,0,21
17189,C,20,0,20
17190,T,20,0,20
17191,T,21,0,21
17192,T,21,0,21
17193,G,21,0,21
17194,A,22,0,22
17195,A,22,0,22
17196,T,22,0,22
17197,A,22,0,22
17198,T,22,0,22
17199,G,22,0,22
17200,C,21,0,21
17201,T,21,0,21
17202,A,21,0,21
17203,A,21,0,21
17204,A,21,0,21
17205,A,21,0,21
17206,C,22,0,22
17207,C,21,0,21
17208,G,21,0,21
17209,T,21,0,21
17210,A,22,0,22
17211,A,22,0,22
17212,C,22,0,22
17213,A,23,0,23
17214,G,23,0,23
17215,A,23,0,23
17216,T,23,0,23
17217,T,24,0,24
17218,A,24,0,24
17219,T,24,0,24
17220,T,24,0,24
17221,T,24,0,24
17222,C,23,0,23
17223,A,23,0,23
17224,T,23,0,23
17225,C,23,0,23
17226,A,23,0,23
17227,C,26,0,26
17228,A,25,0,25
17229,C,27,0,27
17230,A,27,0,27
17231,A,27,0,27
17232,C,27,0,27
17233,T,26,0,26
17234,T,26,0,26
17235,C,26,0,26
17236,A,26,0,26
17237,A,26,0,26
17238,C,27,0,27
17239,A,27,0,27
17240,A,27,0,27
17241,G,27,0,27
17242,G,27,0,27
17243,A,26,0,26
17244,A,26,0,26
17245,T,26,0,26
17246,A,26,0,26
17247,G,26,0,26
17248,C,25,0,25
17249,A,25,0,25
17250,C,24,0,24
17251,C,24,0,24
17252,A,24,0,24
17253,T,24,0,24
17254,G,24,0,24
17255,G,24,0,24
17256,C,23,0,23
17257,A,24,0,24
17258,A,23,0,23
17259,C,24,0,24
17260,A,24,0,24
17261,A,24,0,24
17262,G,25,0,25
17263,C,26,0,26
17264,G,26,0,26
17265,T,26,0,26
17266,T,25,0,25
17267,G,25,0,25
17268,C,25,0,25
17269,C,25,0,25
17270,T,25,0,25
17271,C,25,0,25
17272,C,27,0,27
17273,T,27,0,27
17274,G,27,0,27
17275,G,27,0,27
17276,A,27,0,27
17277,T,27,0,27
17278,G,27,0,27
17279,T,27,0,27
17280,G,27,0,27
17281,C,27,0,27
17282,G,27,0,27
17283,A,27,0,27
17284,G,27,0,27
17285,G,27,0,27
17286,T,28,0,28
17287,C,29,0,29
17288,T,29,0,29
17289,C,32,0,32
17290,C,32,0,32
17291,T,34,0,34
17292,T,35,0,35
17293,A,35,0,35
17294,T,35,0,35
17295,A,36,0,36
17296,A,36,0,36
17297,T,36,0,36
17298,C,37,0,37
17299,C,37,0,37
17300,A,37,0,37
17301,C,38,0,38
17302,A,36,0,36
17303,A,37,0,37
17304,A,37,0,37
17305,C,36,0,36
17306,A,36,0,36
17307,G,35,0,35
17308,G,36,0,36
17309,T,36,0,36
17310,A,36,0,36
17311,A,36,0,36
17312,A,37,0,37
17313,A,37,0,37
17314,A,37,0,37
17315,A,37,0,37
17316,T,37,0,37
17317,A,37,0,37
17318,T,37,0,37
17319,A,37,0,37
17320,G,34,0,34
17321,C,34,0,34
17322,G,36,0,36
17323,G,36,0,36
17324,T,36,0,36
17325,A,36,0,36
17326,T,38,0,38
17327,T,38,0,38
17328,A,39,0,39
17329,A,40,0,40
17330,T,41,0,41
17331,A,41,0,41
17332,G,41,0,41
17333,C,42,0,42
17334,C,43,0,43
17335,T,44,0,44
17336,T,44,0,44
17337,T,44,0,44
17338,G,44,0,44
17339,G,44,0,44
17340,C,44,0,44
17341,T,44,0,44
17342,T,42,0,42
17343,G,43,0,43
17344,C,44,0,44
17345,A,44,0,44
17346,A,46,0,46
17347,G,46,0,46
17348,C,47,0,47
17349,C,47,0,47
17350,A,47,0,47
17351,A,47,0,47
17352,A,47,0,47
17353,A,48,0,48
17354,A,49,0,49
17355,T,49,0,49
17356,A,48,0,48
17357,T,48,0,48
17358,A,48,0,48
17359,C,48,0,48
17360,T,48,0,48
17361,G,47,0,47
17362,A,47,0,47
17363,T,48,0,48
17364,C,47,0,47
17365,C,48,0,48
17366,A,48,0,48
17367,C,48,0,48
17368,G,48,0,48
17369,T,48,0,48
17370,T,48,0,48
17371,G,48,0,48
17372,G,48,0,48
17373,C,49,0,49
17374,T,49,0,49
17375,T,50,0,50
17376,A,50,0,50
17377,C,49,0,49
17378,A,47,0,47
17379,T,47,0,47
17380,A,45,0,45
17381,T,45,0,45
17382,C,45,0,45
17383,A,45,0,45
17384,G,45,0,45
17385,C,46,0,46
17386,A,46,0,46
17387,A,46,0,46
17388,G,46,0,46
17389,C,46,0,46
17390,G,46,0,46
17391,A,47,0,47
17392,A,47,0,47
17393,T,47,0,47
17394,G,47,0,47
17395,A,47,0,47
17396,A,47,0,47
17397,A,47,0,47
17398,T,47,0,47
17399,G,48,0,48
17400,G,48,0,48
17401,G,49,0,49
17402,T,49,0,49
17403,T,49,0,49
17404,G,49,0,49
17405,T,49,0,49
17406,A,49,0,49
17407,G,51,0,51
17408,A,50,0,50
17409,A,51,0,51
17410,T,52,0,52
17411,T,52,0,52
17412,A,52,0,52
17413,A,51,0,51
17414,A,51,0,51
17415,A,51,0,51
17416,A,51,0,51
17417,A,51,0,51
17418,G,52,0,52
17419,G,52,0,52
17420,T,52,0,52
17421,A,52,0,52
17422,T,53,0,53
17423,G,51,0,51
17424,A,51,0,51
17425,A,51,0,51
17426,A,51,0,51
17427,A,51,0,51
17428,G,52,0,52
17429,T,52,0,52
17430,A,52,0,52
17431,C,52,0,52
17432,A,53,0,53
17433,A,53,0,53
17434,A,53,0,53
17435,T,53,0,53
17436,A,53,0,53
17437,T,52,0,52
17438,T,51,0,51
17439,A,51,0,51
17440,T,48,0,48
17441,T,46,0,46
17442,T,46,0,46
17443,A,45,0,45
17444,T,45,0,45
17445,T,45,0,45
17446,G,44,0,44
17447,G,44,0,44
17448,A,44,0,44
17449,A,43,0,43
17450,A,43,0,43
17451,C,43,0,43
17452,A,42,0,42
17453,A,42,0,42
17454,G,42,0,42
17455,A,42,0,42
17456,T,42,0,42
17457,G,42,0,42
17458,A,43,0,43
17459,G,42,0,42
17460,A,42,0,42
17461,A,42,0,42
17462,G,43,0,43
17463,A,42,0,42
17464,C,42,0,42
17465,T,42,0,42
17466,T,43,0,43
17467,A,43,0,43
17468,T,43,0,43
17469,T,43,0,43
17470,T,43,0,43
17471,T,43,0,43
17472,T,44,0,44
17473,A,42,0,42
17474,T,43,0,43
17475,G,43,0,43
17476,A,41,0,41
17477,T,40,0,40
17478,G,41,0,41
17479,A,41,0,41
17480,A,40,0,40
17481,G,39,0,39
17482,A,39,0,39
17483,T,39,0,39
17484,G,39,0,39
17485,G,38,0,38
17486,G,39,0,39
17487,A,39,0,39
17488,A,41,0,41
17489,A,41,0,41
17490,A,41,0,41
17491,A,43,0,43
17492,A,42,0,42
17493,T,43,0,43
17494,A,41,0,41
17495,C,40,0,40
17496,G,40,0,40
17497,A,38,0,38
17498,G,38,0,38
17499,A,39,0,39
17500,C,40,0,40
17501,G,41,0,41
17502,T,42,0,42
17503,T,42,0,42
17504,A,41,0,41
17505,A,41,0,41
17506,A,40,0,40
17507,A,41,0,41
17508,A,42,0,42
17509,A,43,0,43
17510,G,43,0,43
17511,C,43,0,43
17512,T,43,0,43
17513,T,43,0,43
17514,T,43,0,43
17515,C,43,0,43
17516,T,41,0,41
17517,G,41,0,41
17518,A,42,0,42
17519,A,44,0,44
17520,C,44,0,44
17521,C,44,0,44
17522,T,44,0,44
17523,C,44,0,44
17524,G,44,0,44
17525,T,44,0,44
17526,A,43,0,43
17527,T,43,0,43
17528,T,42,0,42
17529,T,42,0,42
17530,T,42,0,42
17531,C,42,0,42
17532,T,42,0,42
17533,T,42,0,42
17534,A,42,0,42
17535,G,42,0,42
17536,C,42,0,42
17537,A,42,0,42
17538,A,42,0,42
17539,A,42,0,42
17540,A,41,0,41
17541,G,41,0,41
17542,T,41,0,41
17543,G,42,0,42
17544,T,42,0,42
17545,T,42,0,42
17546,T,43,0,43
17547,A,43,0,43
17548,A,42,0,42
17549,T,42,0,42
17550,G,41,0,41
17551,C,41,0,41
17552,T,40,0,40
17553,G,41,0,41
17554,A,41,0,41
17555,A,41,0,41
17556,C,41,0,41
17557,A,41,0,41
17558,A,42,0,42
17559,A,42,0,42
17560,T,40,0,40
17561,T,39,0,39
17562,G,39,0,39
17563,A,39,0,39
17564,T,38,0,38
17565,G,39,0,39
17566,G,40,0,40
17567,A,40,0,40
17568,T,39,0,39
17569,T,40,0,40
17570,A,40,0,40
17571,C,40,0,40
17572,C,40,0,40
17573,T,39,0,39
17574,C,39,0,39
17575,A,40,0,40
17576,A,40,0,40
17577,T,40,0,40
17578,T,40,0,40
17579,G,39,0,39
17580,G,39,0,39
17581,A,39,0,39
17582,A,39,0,39
17583,C,39,0,39
17584,C,39,0,39
17585,C,39,0,39
17586,C,39,0,39
17587,G,41,0,41
17588,T,41,0,41
17589,C,41,0,41
17590,C,41,0,41
17591,T,41,0,41
17592,A,41,0,41
17593,T,41,0,41
17594,T,41,0,41
17595,T,42,0,42
17596,T,42,0,42
17597,A,42,0,42
17598,T,43,0,43
17599,C,43,0,43
17600,A,47,0,47
17601,G,46,0,46
17602,A,46,0,46
17603,G,45,0,45
17604,G,45,0,45
17605,A,44,0,44
17606,A,45,0,45
17607,A,45,0,45
17608,T,45,0,45
17609,A,44,0,44
17610,A,44,0,44
17611,G,44,0,44
17612,A,44,0,44
17613,T,44,0,44
17614,A,44,0,44
17615,T,44,0,44
17616,G,44,0,44
17617,C,43,0,43
17618,A,43,0,43
17619,C,43,0,43
17620,G,43,0,43
17621,A,43,0,43
17622,G,44,0,44
17623,C,43,0,43
17624,A,43,0,43
17625,G,43,0,43
17626,A,44,0,44
17627,A,44,0,44
17628,G,43,0,43
17629,C,43,0,43
17630,A,44,0,44
17631,C,47,0,47
17632,T,47,0,47
17633,T,46,0,46
17634,T,46,0,46
17635,T,45,0,45
17636,A,45,0,45
17637,G,44,0,44
17638,C,44,0,44
17639,T,43,0,43
17640,G,43,0,43
17641,C,43,0,43
17642,A,41,0,41
17643,T,42,0,42
17644,C,44,0,44
17645,A,44,0,44
17646,G,44,0,44
17647,G,44,0,44
17648,T,46,0,46
17649,G,46,0,46
17650,C,47,0,47
17651,A,45,0,45
17652,A,44,0,44
17653,A,43,0,43
17654,A,43,0,43
17655,A,43,0,43
17656,T,43,0,43
17657,T,43,0,43
17658,G,42,0,42
17659,A,41,0,41
17660,T,40,0,40
17661,A,40,0,40
17662,G,41,0,41
17663,T,41,0,41
17664,G,41,0,41
17665,G,41,0,41
17666,T,43,0,43
17667,G,43,0,43
17668,A,43,0,43
17669,T,42,0,42
17670,A,40,0,40
17671,G,41,0,41
17672,A,41,0,41
17673,A,41,0,41
17674,A,41,0,41
17675,G,41,0,41
17676,C,42,0,42
17677,A,42,0,42
17678,C,42,0,42
17679,G,42,0,42
17680,C,42,0,42
17681,T,42,0,42
17682,T,42,0,42
17683,T,42,0,42
17684,T,43,0,43
17685,T,43,0,43
17686,A,43,0,43
17687,T,42,0,42
17688,C,42,0,42
17689,G,42,0,42
17690,T,41,0,41
17691,G,41,0,41
17692,G,41,0,41
17693,T,41,0,41
17694,G,40,0,40
17695,G,40,0,40
17696,T,40,0,40
17697,G,40,0,40
17698,A,41,0,41
17699,T,41,0,41
17700,A,41,0,41
17701,T,41,0,41
17702,T,42,0,42
17703,G,42,0,42
17704,A,42,0,42
17705,T,42,0,42
17706,A,41,0,41
17707,C,40,0,40
17708,T,40,0,40
17709,C,39,0,39
17710,T,39,0,39
17711,T,39,0,39
17712,T,39,0,39
17713,T,38,0,38
17714,T,38,0,38
17715,T,37,0,37
17716,T,37,0,37
17717,A,36,0,36
17718,C,36,0,36
17719,C,37,0,37
17720,A,37,0,37
17721,G,37,0,37
17722,A,37,0,37
17723,A,37,0,37
17724,A,37,0,37
17725,C,37,0,37
17726,A,37,0,37
17727,A,37,0,37
17728,A,37,0,37
17729,A,37,0,37
17730,C,37,0,37
17731,A,37,0,37
17732,A,37,0,37
17733,T,38,0,38
17734,T,38,0,38
17735,T,39,0,39
17736,G,39,0,39
17737,A,40,0,40
17738,T,38,0,38
17739,T,39,0,39
17740,C,39,0,39
17741,A,39,0,39
17742,A,39,0,39
17743,A,39,0,39
17744,A,39,0,39
17745,G,41,0,41
17746,A,40,0,40
17747,C,41,0,41
17748,T,41,0,41
17749,C,41,0,41
17750,T,41,0,41
17751,T,37,0,37
17752,T,38,0,38
17753,T,38,0,38
17754,T,38,0,38
17755,A,37,0,37
17756,T,38,0,38
17757,G,37,0,37
17758,C,37,0,37
17759,C,38,0,38
17760,A,39,0,39
17761,C,39,0,39
17762,A,39,0,39
17763,G,39,0,39
17764,C,38,0,38
17765,A,38,0,38
17766,T,38,0,38
17767,T,38,0,38
17768,A,38,0,38
17769,C,38,0,38
17770,A,38,0,38
17771,T,38,0,38
17772,G,38,0,38
17773,A,38,0,38
17774,A,38,0,38
17775,C,37,0,37
17776,T,37,0,37
17777,T,36,0,36
17778,G,36,0,36
17779,G,36,0,36
17780,A,35,0,35
17781,C,33,0,33
17782,A,32,0,32
17783,T,32,0,32
17784,T,32,0,32
17785,G,33,0,33
17786,G,34,0,34
17787,A,34,0,34
17788,C,34,0,34
17789,T,35,0,35
17790,G,34,0,34
17791,G,34,0,34
17792,A,34,0,34
17793,C,35,0,35
17794,A,35,0,35
17795,T,33,0,33
17796,A,33,0,33
17797,C,33,0,33
17798,T,32,0,32
17799,T,30,0,30
17800,C,30,0,30
17801,A,30,0,30
17802,A,30,0,30
17803,G,30,0,30
17804,A,30,0,30
17805,C,30,0,30
17806,T,30,0,30
17807,T,29,0,29
17808,A,29,0,29
17809,A,29,0,29
17810,T,29,0,29
17811,C,29,0,29
17812,G,29,0,29
17813,T,28,0,28
17814,G,28,0,28
17815,A,29,0,29
17816,T,30,0,30
17817,A,28,0,28
17818,T,28,0,28
17819,G,28,0,28
17820,A,28,0,28
17821,C,28,0,28
17822,T,28,0,28
17823,T,29,0,29
17824,A,29,0,29
17825,T,29,0,29
17826,C,29,0,29
17827,C,28,0,28
17828,T,28,0,28
17829,A,28,0,28
17830,C,28,0,28
17831,A,28,0,28
17832,G,28,0,28
17833,G,28,0,28
17834,T,28,0,28
17835,T,28,0,28
17836,C,28,0,28
17837,T,28,0,28
17838,T,28,0,28
17839,T,28,0,28
17840,A,28,0,28
17841,G,29,0,29
17842,G,31,0,31
17843,A,31,0,31
17844,T,30,0,30
17845,A,30,0,30
17846,T,30,0,30
17847,G,30,0,30
17848,C,33,0,33
17849,T,32,0,32
17850,A,32,0,32
17851,A,33,0,33
17852,A,33,0,33
17853,G,33,0,33
17854,A,33,0,33
17855,A,33,0,33
17856,A,33,0,33
17857,A,33,0,33
17858,G,33,0,33
17859,C,33,0,33
17860,T,32,0,32
17861,T,32,0,32
17862,A,32,0,32
17863,A,32,0,32
17864,A,32,0,32
17865,A,32,0,32
17866,C,32,0,32
17867,A,32,0,32
17868,A,33,0,33
17869,C,33,0,33
17870,T,32,0,32
17871,A,32,0,32
17872,T,32,0,32
17873,T,32,0,32
17874,G,32,0,32
17875,C,33,0,33
17876,T,33,0,33
17877,T,33,0,33
17878,C,33,0,33
17879,T,32,0,32
17880,T,32,0,32
17881,T,32,0,32
17882,C,32,0,32
17883,C,32,0,32
17884,T,30,0,30
17885,G,30,0,30
17886,A,30,0,30
17887,T,30,0,30
17888,T,29,0,29
17889,G,29,0,29
17890,G,29,0,29
17891,G,29,0,29
17892,G,29,0,29
17893,A,29,0,29
17894,A,29,0,29
17895,G,29,0,29
17896,A,27,0,27
17897,A,27,0,27
17898,T,26,0,26
17899,T,26,0,26
17900,G,26,0,26
17901,A,26,0,26
17902,G,27,0,27
17903,T,26,0,26
17904,A,26,0,26
17905,T,26,0,26
17906,A,26,0,26
17907,G,28,0,28
17908,G,31,0,31
17909,T,32,0,32
17910,T,31,0,31
17911,A,30,0,30
17912,C,30,0,30
17913,G,30,0,30
17914,A,30,0,30
17915,T,30,0,30
17916,C,30,0,30
17917,C,31,0,31
17918,G,31,0,31
17919,G,31,0,31
17920,T,32,0,32
17921,A,32,0,32
17922,A,32,0,32
17923,A,31,0,31
17924,T,31,0,31
17925,A,30,0,30
17926,A,30,0,30
17927,T,30,0,30
17928,G,30,0,30
17929,T,30,0,30
17930,T,30,0,30
17931,T,30,0,30
17932,C,29,0,29
17933,A,29,0,29
17934,T,29,0,29
17935,A,29,0,29
17936,T,29,0,29
17937,G,29,0,29
17938,T,29,0,29
17939,T,29,0,29
17940,T,28,0,28
17941,C,28,0,28
17942,T,28,0,28
17943,T,28,0,28
17944,C,28,0,28
17945,A,27,0,27
17946,T,27,0,27
17947,G,27,0,27
17948,G,27,0,27
17949,A,27,0,27
17950,T,27,0,27
17951,A,27,0,27
17952,G,26,0,26
17953,A,26,0,26
17954,A,26,0,26
17955,G,26,0,26
17956,T,26,0,26
17957,T,26,0,26
17958,A,26,0,26
17959,T,26,0,26
17960,G,26,0,26
17961,C,26,0,26
17962,A,26,0,26
17963,A,25,0,25
17964,A,25,0,25
17965,A,25,0,25
17966,T,24,0,24
17967,A,23,0,23
17968,A,23,0,23
17969,T,23,0,23
17970,C,23,0,23
17971,C,24,0,24
17972,A,24,0,24
17973,A,24,0,24
17974,A,24,0,24
17975,A,24,0,24
17976,G,24,0,24
17977,A,24,0,24
17978,A,24,0,24
17979,A,25,0,25
17980,T,25,0,25
17981,T,25,0,25
17982,T,25,0,25
17983,T,25,0,25
17984,T,25,0,25
17985,A,25,0,25
17986,G,25,0,25
17987,A,24,0,24
17988,G,25,0,25
17989,C,25,0,25
17990,T,23,0,23
17991,G,23,0,23
17992,C,23,0,23
17993,T,21,0,21
17994,T,21,0,21
17995,T,21,0,21
17996,T,21,0,21
17997,G,21,0,21
17998,A,21,0,21
17999,A,20,0,20
18000,G,20,0,20
18001,C,20,0,20
18002,A,20,0,20
18003,G,20,0,20
18004,A,20,0,20
18005,G,20,0,20
18006,A,20,0,20
18007,A,20,0,20
18008,A,20,0,20
18009,A,20,0,20
18010,T,21,0,21
18011,C,23,0,23
18012,A,24,0,24
18013,A,22,0,22
18014,A,22,0,22
18015,A,22,0,22
18016,A,22,0,22
18017,T,22,0,22
18018,T,22,0,22
18019,T,22,0,22
18020,T,22,0,22
18021,A,22,0,22
18022,T,22,0,22
18023,C,23,0,23
18024,A,23,0,23
18025,T,24,0,24
18026,G,24,0,24
18027,G,24,0,24
18028,G,24,0,24
18029,A,24,0,24
18030,T,24,0,24
18031,T,24,0,24
18032,A,24,0,24
18033,G,24,0,24
18034,A,24,0,24
18035,A,24,0,24
18036,A,24,0,24
18037,C,24,0,24
18038,T,24,0,24
18039,A,24,0,24
18040,T,24,0,24
18041,T,25,0,25
18042,A,25,0,25
18043,A,25,0,25
18044,A,25,0,25
18045,G,25,0,25
18046,T,25,0,25
18047,T,23,0,23
18048,A,23,0,23
18049,T,23,0,23
18050,T,23,0,23
18051,G,22,0,22
18052,A,22,0,22
18053,T,21,0,21
18054,G,21,0,21
18055,T,21,0,21
18056,T,21,0,21
18057,G,22,0,22
18058,A,21,0,21
18059,G,20,0,20
18060,A,19,0,19
18061,A,19,0,19
18062,A,19,0,19
18063,G,19,0,19
18064,A,19,0,19
18065,G,20,0,20
18066,T,20,0,20
18067,C,21,0,21
18068,A,20,0,20
18069,T,20,0,20
18070,C,20,0,20
18071,T,19,0,19
18072,G,20,0,20
18073,T,20,0,20
18074,A,20,0,20
18075,T,20,0,20
18076,C,21,0,21
18077,T,21,0,21
18078,G,22,0,22
18079,T,22,0,22
18080,T,22,0,22
18081,G,23,0,23
18082,A,23,0,23
18083,T,23,0,23
18084,T,23,0,23
18085,A,23,0,23
18086,T,23,0,23
18087,G,23,0,23
18088,A,23,0,23
18089,T,23,0,23
18090,C,23,0,23
18091,A,25,0,25
18092,T,26,0,26
18093,A,26,0,26
18094,A,26,0,26
18095,A,25,0,25
18096,G,25,0,25
18097,T,25,0,25
18098,A,25,0,25
18099,G,25,0,25
18100,A,25,0,25
18101,T,25,0,25
18102,A,25,0,25
18103,A,26,0,26
18104,C,26,0,26
18105,A,26,0,26
18106,C,26,0,26
18107,A,27,0,27
18108,G,27,0,27
18109,A,27,0,27
18110,A,27,0,27
18111,A,27,0,27
18112,A,27,0,27
18113,G,27,0,27
18114,A,26,0,26
18115,T,26,0,26
18116,T,26,0,26
18117,T,26,0,26
18118,T,26,0,26
18119,T,26,0,26
18120,T,26,0,26
18121,T,26,0,26
18122,A,27,0,27
18123,G,27,0,27
18124,A,27,0,27
18125,T,27,0,27
18126,G,28,0,28
18127,T,28,0,28
18128,T,28,0,28
18129,C,28,0,28
18130,C,27,0,27
18131,T,27,0,27
18132,T,27,0,27
18133,A,27,0,27
18134,T,27,0,27
18135,T,27,0,27
18136,C,27,0,27
18137,T,27,0,27
18138,C,29,0,29
18139,A,27,0,27
18140,A,27,0,27
18141,A,27,0,27
18142,A,29,0,29
18143,A,30,0,30
18144,G,30,0,30
18145,A,30,0,30
18146,A,31,0,31
18147,G,31,0,31
18148,A,31,0,31
18149,A,32,0,32
18150,G,32,0,32
18151,C,32,0,32
18152,A,32,0,32
18153,A,30,0,30
18154,A,31,0,31
18155,A,29,0,29
18156,A,29,0,29
18157,A,30,0,30
18158,A,31,0,31
18159,T,31,0,31
18160,T,33,0,33
18161,A,33,0,33
18162,G,32,0,32
18163,G,32,0,32
18164,G,34,0,34
18165,G,34,0,34
18166,C,34,0,34
18167,T,33,0,33
18168,A,33,0,33
18169,A,34,0,34
18170,G,34,0,34
18171,T,34,0,34
18172,G,35,0,35
18173,G,35,0,35
18174,G,34,0,34
18175,A,34,0,34
18176,T,35,0,35
18177,A,36,0,36
18178,A,37,0,37
18179,A,37,0,37
18180,G,37,0,37
18181,A,37,0,37
18182,T,37,0,37
18183,G,38,0,38
18184,C,37,0,37
18185,A,37,0,37
18186,A,37,0,37
18187,A,37,0,37
18188,A,37,0,37
18189,T,37,0,37
18190,C,37,0,37
18191,T,37,0,37
18192,T,38,0,38
18193,G,38,0,38
18194,G,39,0,39
18195,T,38,0,38
18196,A,38,0,38
18197,T,38,0,38
18198,G,38,0,38
18199,T,39,0,39
18200,T,39,0,39
18201,C,39,0,39
18202,C,38,0,38
18203,T,38,0,38
18204,G,38,0,38
18205,C,38,0,38
18206,T,38,0,38
18207,G,38,0,38
18208,G,38,0,38
18209,T,39,0,39
18210,A,38,0,38
18211,C,38,0,38
18212,A,39,0,39
18213,A,39,0,39
18214,A,40,0,40
18215,T,40,0,40
18216,T,39,0,39
18217,T,39,0,39
18218,A,40,0,40
18219,G,40,0,40
18220,T,40,0,40
18221,T,40,0,40
18222,G,40,0,40
18223,A,40,0,40
18224,A,40,0,40
18225,A,40,0,40
18226,A,40,0,40
18227,A,39,0,39
18228,G,40,0,40
18229,G,38,0,38
18230,T,38,0,38
18231,T,38,0,38
18232,T,38,0,38
18233,G,38,0,38
18234,G,38,0,38
18235,A,37,0,37
18236,T,37,0,37
18237,T,37,0,37
18238,G,37,0,37
18239,T,37,0,37
18240,T,37,0,37
18241,T,37,0,37
18242,T,35,0,35
18243,T,35,0,35
18244,C,34,0,34
18245,T,34,0,34
18246,C,34,0,34
18247,A,34,0,34
18248,T,34,0,34
18249,G,34,0,34
18250,A,34,0,34
18251,C,34,0,34
18252,A,34,0,34
18253,A,34,0,34
18254,T,33,0,33
18255,T,33,0,33
18256,C,33,0,33
18257,A,34,0,34
18258,A,34,0,34
18259,A,35,0,35
18260,A,35,0,35
18261,T,35,0,35
18262,C,35,0,35
18263,A,35,0,35
18264,A,35,0,35
18265,A,35,0,35
18266,C,35,0,35
18267,A,35,0,35
18268,C,34,0,34
18269,A,34,0,34
18270,G,35,0,35
18271,T,35,0,35
18272,T,35,0,35
18273,T,34,0,34
18274,T,33,0,33
18275,A,33,0,33
18276,T,33,0,33
18277,C,32,0,32
18278,C,32,0,32
18279,G,32,0,32
18280,T,32,0,32
18281,G,32,0,32
18282,G,31,0,31
18283,A,31,0,31
18284,A,31,0,31
18285,C,31,0,31
18286,A,32,0,32
18287,A,31,0,31
18288,C,31,0,31
18289,A,31,0,31
18290,A,31,0,31
18291,T,31,0,31
18292,T,31,0,31
18293,T,29,0,29
18294,A,29,0,29
18295,A,29,0,29
18296,G,29,0,29
18297,G,29,0,29
18298,A,29,0,29
18299,G,29,0,29
18300,G,28,0,28
18301,C,28,0,28
18302,G,30,0,30
18303,C,30,0,30
18304,T,30,0,30
18305,T,29,0,29
18306,C,30,0,30
18307,A,30,0,30
18308,T,30,0,30
18309,T,29,0,29
18310,C,29,0,29
18311,T,27,0,27
18312,G,26,0,26
18313,C,26,0,26
18314,T,26,0,26
18315,G,25,0,25
18316,G,25,0,25
18317,T,24,0,24
18318,T,25,0,25
18319,T,26,0,26
18320,A,25,0,25
18321,A,23,0,23
18322,T,23,0,23
18323,T,22,0,22
18324,G,22,0,22
18325,T,23,0,23
18326,T,24,0,24
18327,G,23,0,23
18328,A,23,0,23
18329,A,23,0,23
18330,A,23,0,23
18331,A,23,0,23
18332,T,23,0,23
18333,C,23,0,23
18334,C,23,0,23
18335,A,23,0,23
18336,C,23,0,23
18337,T,23,0,23
18338,T,23,0,23
18339,A,23,0,23
18340,T,23,0,23
18341,G,25,0,25
18342,G,26,0,26
18343,A,26,0,26
18344,T,26,0,26
18345,G,25,0,25
18346,G,25,0,25
18347,A,25,0,25
18348,A,28,0,28
18349,A,28,0,28
18350,A,28,0,28
18351,T,28,0,28
18352,T,28,0,28
18353,G,28,0,28
18354,C,28,0,28
18355,A,30,0,30
18356,T,30,0,30
18357,C,30,0,30
18358,G,29,0,29
18359,T,29,0,29
18360,G,28,0,28
18361,T,30,0,30
18362,T,30,0,30
18363,T,29,0,29
18364,C,29,0,29
18365,T,28,0,28
18366,G,28,0,28
18367,T,28,0,28
18368,T,28,0,28
18369,G,27,0,27
18370,A,27,0,27
18371,A,27,0,27
18372,A,28,0,28
18373,A,28,0,28
18374,T,28,0,28
18375,G,28,0,28
18376,A,28,0,28
18377,C,28,0,28
18378,A,29,0,29
18379,A,28,0,28
18380,A,28,0,28
18381,A,28,0,28
18382,A,28,0,28
18383,G,28,0,28
18384,C,28,0,28
18385,A,28,0,28
18386,T,28,0,28
18387,C,28,0,28
18388,A,28,0,28
18389,A,28,0,28
18390,A,28,0,28
18391,A,30,0,30
18392,A,30,0,30
18393,A,30,0,30
18394,G,30,0,30
18395,T,30,0,30
18396,G,32,0,32
18397,G,32,0,32
18398,A,32,0,32
18399,G,32,0,32
18400,C,32,0,32
18401,T,32,0,32
18402,T,32,0,32
18403,A,32,0,32
18404,T,32,0,32
18405,A,33,0,33
18406,T,33,0,33
18407,T,33,0,33
18408,G,32,0,32
18409,G,32,0,32
18410,T,31,0,31
18411,T,31,0,31
18412,A,31,0,31
18413,T,31,0,31
18414,C,31,0,31
18415,C,31,0,31
18416,T,31,0,31
18417,T,31,0,31
18418,C,31,0,31
18419,G,31,0,31
18420,C,31,0,31
18421,C,30,0,30
18422,A,30,0,30
18423,G,30,0,30
18424,G,30,0,30
18425,A,30,0,30
18426,G,30,0,30
18427,G,31,0,31
18428,A,31,0,31
18429,G,31,0,31
18430,G,31,0,31
18431,C,31,0,31
18432,T,31,0,31
18433,A,31,0,31
18434,T,31,0,31
18435,A,30,0,30
18436,T,30,0,30
18437,T,29,0,29
18438,C,29,0,29
18439,A,29,0,29
18440,A,29,0,29
18441,A,29,0,29
18442,A,29,0,29
18443,T,29,0,29
18444,T,29,0,29
18445,T,29,0,29
18446,T,30,0,30
18447,C,30,0,30
18448,G,31,0,31
18449,T,30,0,30
18450,C,30,0,30
18451,G,30,0,30
18452,T,29,0,29
18453,G,30,0,30
18454,G,30,0,30
18455,T,30,0,30
18456,G,31,0,31
18457,A,30,0,30
18458,A,30,0,30
18459,A,29,0,29
18460,A,29,0,29
18461,A,29,0,29
18462,A,29,0,29
18463,T,29,0,29
18464,T,29,0,29
18465,T,29,0,29
18466,A,29,0,29
18467,C,30,0,30
18468,T,30,0,30
18469,G,29,0,29
18470,G,28,0,28
18471,A,28,0,28
18472,A,28,0,28
18473,A,28,0,28
18474,C,29,0,29
18475,C,29,0,29
18476,A,28,0,28
18477,G,27,0,27
18478,A,27,0,27
18479,A,27,0,27
18480,A,27,0,27
18481,A,27,0,27
18482,A,28,0,28
18483,G,28,0,28
18484,T,28,0,28
18485,T,28,0,28
18486,A,27,0,27
18487,T,28,0,28
18488,T,26,0,26
18489,T,26,0,26
18490,C,26,0,26
18491,T,26,0,26
18492,T,24,0,24
18493,C,24,0,24
18494,T,23,0,23
18495,T,23,0,23
18496,T,23,0,23
18497,A,23,0,23
18498,T,24,0,24
18499,C,23,0,23
18500,T,23,0,23
18501,T,23,0,23
18502,T,21,0,21
18503,A,21,0,21
18504,G,21,0,21
18505,A,22,0,22
18506,A,20,0,20
18507,G,20,0,20
18508,A,20,0,20
18509,A,20,0,20
18510,A,20,0,20
18511,A,21,0,21
18512,A,22,0,22
18513,A,22,0,22
18514,A,22,0,22
18515,A,22,0,22
18516,A,22,0,22
18517,G,22,0,22
18518,A,22,0,22
18519,T,21,0,21
18520,T,21,0,21
18521,G,21,0,21
18522,G,21,0,21
18523,C,22,0,22
18524,C,22,0,22
18525,G,22,0,22
18526,T,23,0,23
18527,A,23,0,23
18528,G,24,0,24
18529,A,23,0,23
18530,A,24,0,24
18531,G,24,0,24
18532,T,25,0,25
18533,T,25,0,25
18534,A,25,0,25
18535,A,25,0,25
18536,A,24,0,24
18537,G,24,0,24
18538,A,24,0,24
18539,G,25,0,25
18540,C,25,0,25
18541,G,25,0,25
18542,G,23,0,23
18543,C,24,0,24
18544,A,24,0,24
18545,A,25,0,25
18546,G,25,0,25
18547,A,24,0,24
18548,A,24,0,24
18549,A,24,0,24
18550,T,24,0,24
18551,T,24,0,24
18552,T,24,0,24
18553,T,24,0,24
18554,A,24,0,24
18555,C,26,0,26
18556,A,26,0,26
18557,A,26,0,26
18558,A,26,0,26
18559,A,26,0,26
18560,A,26,0,26
18561,G,27,0,27
18562,A,27,0,27
18563,G,27,0,27
18564,A,28,0,28
18565,T,28,0,28
18566,T,28,0,28
18567,G,29,0,29
18568,T,30,0,30
18569,T,31,0,31
18570,G,31,0,31
18571,A,31,0,31
18572,A,31,0,31
18573,A,32,0,32
18574,A,32,0,32
18575,A,32,0,32
18576,C,33,0,33
18577,A,33,0,33
18578,A,33,0,33
18579,A,34,0,34
18580,A,34,0,34
18581,T,34,0,34
18582,A,35,0,35
18583,A,35,0,35
18584,C,36,0,36
18585,A,36,0,36
18586,C,36,0,36
18587,A,36,0,36
18588,G,36,0,36
18589,C,36,0,36
18590,A,36,0,36
18591,A,36,0,36
18592,T,36,0,36
18593,G,36,0,36
18594,T,36,0,36
18595,T,36,0,36
18596,A,36,0,36
18597,G,36,0,36
18598,C,35,0,35
18599,T,34,0,34
18600,T,34,0,34
18601,C,35,0,35
18602,T,35,0,35
18603,C,35,0,35
18604,A,34,0,34
18605,A,34,0,34
18606,A,34,0,34
18607,T,34,0,34
18608,A,34,0,34
18609,T,34,0,34
18610,G,34,0,34
18611,G,34,0,34
18612,A,34,0,34
18613,A,34,0,34
18614,A,34,0,34
18615,G,34,0,34
18616,C,34,0,34
18617,C,34,0,34
18618,A,33,0,33
18619,G,33,0,33
18620,T,33,0,33
18621,A,33,0,33
18622,A,33,0,33
18623,A,33,0,33
18624,A,33,0,33
18625,T,32,0,32
18626,A,31,0,31
18627,G,31,0,31
18628,C,31,0,31
18629,A,31,0,31
18630,A,31,0,31
18631,C,32,0,32
18632,T,32,0,32
18633,C,31,0,31
18634,A,31,0,31
18635,A,31,0,31
18636,G,31,0,31
18637,A,31,0,31
18638,T,30,0,30
18639,A,30,0,30
18640,A,30,0,30
18641,T,30,0,30
18642,G,30,0,30
18643,C,29,0,29
18644,A,29,0,29
18645,T,30,0,30
18646,A,30,0,30
18647,T,30,0,30
18648,T,31,0,31
18649,G,30,0,30
18650,T,30,0,30
18651,A,30,0,30
18652,A,30,0,30
18653,G,30,0,30
18654,C,30,0,30
18655,T,30,0,30
18656,T,29,0,29
18657,A,30,0,30
18658,A,30,0,30
18659,A,32,0,32
18660,G,33,0,33
18661,G,33,0,33
18662,T,32,0,32
18663,A,31,0,31
18664,T,31,0,31
18665,A,32,0,32
18666,A,32,0,32
18667,A,32,0,32
18668,T,32,0,32
18669,C,32,0,32
18670,A,33,0,33
18671,G,34,0,34
18672,A,34,0,34
18673,C,34,0,34
18674,A,33,0,33
18675,A,33,0,33
18676,G,33,0,33
18677,T,33,0,33
18678,G,31,0,31
18679,A,31,0,31
18680,T,31,0,31
18681,T,30,0,30
18682,T,31,0,31
18683,A,32,0,32
18684,A,32,0,32
18685,G,32,0,32
18686,A,32,0,32
18687,G,32,0,32
18688,A,32,0,32
18689,G,32,0,32
18690,G,32,0,32
18691,T,30,0,30
18692,T,30,0,30
18693,C,31,0,31
18694,C,30,0,30
18695,A,30,0,30
18696,G,29,0,29
18697,A,29,0,29
18698,C,30,0,30
18699,G,30,0,30
18700,A,30,0,30
18701,T,30,0,30
18702,T,32,0,32
18703,T,32,0,32
18704,T,32,0,32
18705,C,32,0,32
18706,C,32,0,32
18707,A,31,0,31
18708,G,31,0,31
18709,A,32,0,32
18710,G,32,0,32
18711,G,32,0,32
18712,A,32,0,32
18713,C,33,0,33
18714,A,33,0,33
18715,T,33,0,33
18716,T,33,0,33
18717,A,33,0,33
18718,A,33,0,33
18719,A,32,0,32
18720,A,32,0,32
18721,A,32,0,32
18722,G,33,0,33
18723,C,33,0,33
18724,A,32,0,32
18725,A,32,0,32
18726,G,32,0,32
18727,G,31,0,31
18728,T,32,0,32
18729,G,31,0,31
18730,T,30,0,30
18731,T,31,0,31
18732,A,31,0,31
18733,G,30,0,30
18734,A,31,0,31
18735,G,30,0,30
18736,T,31,0,31
18737,T,31,0,31
18738,G,32,0,32
18739,C,33,0,33
18740,A,33,0,33
18741,A,33,0,33
18742,A,33,0,33
18743,A,33,0,33
18744,T,33,0,33
18745,C,33,0,33
18746,T,33,0,33
18747,G,32,0,32
18748,T,32,0,32
18749,T,32,0,32
18750,G,33,0,33
18751,A,33,0,33
18752,G,32,0,32
18753,G,32,0,32
18754,A,33,0,33
18755,A,33,0,33
18756,G,34,0,34
18757,C,34,0,34
18758,A,36,0,36
18759,A,36,0,36
18760,A,36,0,36
18761,A,36,0,36
18762,A,36,0,36
18763,T,36,0,36
18764,A,36,0,36
18765,A,36,0,36
18766,T,36,0,36
18767,A,36,0,36
18768,A,36,0,36
18769,A,36,0,36
18770,G,36,0,36
18771,A,36,0,36
18772,A,36,0,36
18773,A,37,0,37
18774,A,38,0,38
18775,G,38,0,38
18776,T,38,0,38
18777,A,38,0,38
18778,A,39,0,39
18779,T,40,0,40
18780,C,40,0,40
18781,C,40,0,40
18782,T,40,0,40
18783,A,40,0,40
18784,A,40,0,40
18785,T,40,0,40
18786,A,40,0,40
18787,T,39,0,39
18788,A,39,0,39
18789,C,40,0,40
18790,G,40,0,40
18791,C,42,0,42
18792,A,42,0,42
18793,C,42,0,42
18794,A,42,0,42
18795,T,42,0,42
18796,T,41,0,41
18797,T,41,0,41
18798,T,41,0,41
18799,T,41,0,41
18800,G,41,0,41
18801,G,41,0,41
18802,C,41,0,41
18803,A,41,0,41
18804,G,42,0,42
18805,G,42,0,42
18806,A,43,0,43
18807,G,43,0,43
18808,A,42,0,42
18809,T,42,0,42
18810,T,40,0,40
18811,T,40,0,40
18812,A,41,0,41
18813,A,41,0,41
18814,T,42,0,42
18815,T,42,0,42
18816,A,41,0,41
18817,T,41,0,41
18818,T,41,0,41
18819,C,41,0,41
18820,C,41,0,41
18821,A,41,0,41
18822,C,40,0,40
18823,T,40,0,40
18824,A,40,0,40
18825,T,40,0,40
18826,G,40,0,40
18827,G,40,0,40
18828,G,39,0,39
18829,A,39,0,39
18830,T,39,0,39
18831,A,39,0,39
18832,A,38,0,38
18833,A,39,0,39
18834,G,38,0,38
18835,A,39,0,39
18836,T,39,0,39
18837,A,39,0,39
18838,A,39,0,39
18839,T,39,0,39
18840,A,39,0,39
18841,A,38,0,38
18842,T,38,0,38
18843,T,38,0,38
18844,T,37,0,37
18845,A,37,0,37
18846,A,39,0,39
18847,G,40,0,40
18848,T,40,0,40
18849,A,39,0,39
18850,C,39,0,39
18851,G,39,0,39
18852,C,39,0,39
18853,T,37,0,37
18854,T,37,0,37
18855,C,37,0,37
18856,A,37,0,37
18857,G,37,0,37
18858,A,37,0,37
18859,T,38,0,38
18860,G,38,0,38
18861,G,37,0,37
18862,T,37,0,37
18863,T,36,0,36
18864,A,35,0,35
18865,A,36,0,36
18866,T,36,0,36
18867,C,36,0,36
18868,C,36,0,36
18869,T,37,0,37
18870,A,38,0,38
18871,C,37,0,37
18872,C,38,0,38
18873,T,37,0,37
18874,T,37,0,37
18875,C,37,0,37
18876,A,37,0,37
18877,A,38,0,38
18878,G,38,0,38
18879,T,36,0,36
18880,C,36,0,36
18881,T,37,0,37
18882,T,37,0,37
18883,T,37,0,37
18884,T,37,0,37
18885,A,37,0,37
18886,T,38,0,38
18887,G,37,0,37
18888,A,37,0,37
18889,A,36,0,36
18890,A,35,0,35
18891,G,35,0,35
18892,A,35,0,35
18893,T,35,0,35
18894,G,35,0,35
18895,G,35,0,35
18896,G,34,0,34
18897,A,34,0,34
18898,A,34,0,34
18899,A,35,0,35
18900,A,35,0,35
18901,A,35,0,35
18902,A,35,0,35
18903,C,35,0,35
18904,A,34,0,34
18905,T,33,0,33
18906,G,33,0,33
18907,A,33,0,33
18908,G,33,0,33
18909,T,32,0,32
18910,G,31,0,31
18911,T,31,0,31
18912,T,31,0,31
18913,T,31,0,31
18914,T,31,0,31
18915,A,31,0,31
18916,C,33,0,33
18917,G,33,0,33
18918,A,33,0,33
18919,T,33,0,33
18920,T,33,0,33
18921,G,33,0,33
18922,T,33,0,33
18923,C,34,0,34
18924,G,34,0,34
18925,G,35,0,35
18926,T,35,0,35
18927,T,35,0,35
18928,C,35,0,35
18929,T,34,0,34
18930,A,33,0,33
18931,A,33,0,33
18932,T,33,0,33
18933,A,32,0,32
18934,A,33,0,33
18935,T,35,0,35
18936,G,35,0,35
18937,T,34,0,34
18938,A,34,0,34
18939,G,34,0,34
18940,G,33,0,33
18941,A,34,0,34
18942,A,33,0,33
18943,T,33,0,33
18944,A,32,0,32
18945,T,32,0,32
18946,C,32,0,32
18947,C,32,0,32
18948,G,32,0,32
18949,C,32,0,32
18950,T,33,0,33
18951,C,33,0,33
18952,T,33,0,33
18953,T,33,0,33
18954,A,33,0,33
18955,A,32,0,32
18956,T,32,0,32
18957,A,31,0,31
18958,A,32,0,32
18959,T,32,0,32
18960,G,32,0,32
18961,A,32,0,32
18962,T,32,0,32
18963,T,31,0,31
18964,T,31,0,31
18965,A,30,0,30
18966,G,30,0,30
18967,A,30,0,30
18968,A,30,0,30
18969,A,30,0,30
18970,A,30,0,30
18971,T,30,0,30
18972,C,29,0,29
18973,C,29,0,29
18974,T,30,0,30
18975,A,30,0,30
18976,T,30,0,30
18977,C,30,0,30
18978,C,31,0,31
18979,T,31,0,31
18980,T,31,0,31
18981,A,31,0,31
18982,T,31,0,31
18983,T,31,0,31
18984,G,31,0,31
18985,C,31,0,31
18986,A,30,0,30
18987,G,31,0,31
18988,A,31,0,31
18989,A,32,0,32
18990,G,32,0,32
18991,G,32,0,32
18992,A,32,0,32
18993,T,32,0,32
18994,A,32,0,32
18995,T,32,0,32
18996,G,32,0,32
18997,C,30,0,30
18998,A,29,0,29
18999,A,29,0,29
19000,C,29,0,29
19001,A,29,0,29
19002,G,28,0,28
19003,C,28,0,28
19004,T,28,0,28
19005,T,28,0,28
19006,C,28,0,28
19007,T,28,0,28
19008,G,27,0,27
19009,C,26,0,26
19010,T,26,0,26
19011,G,24,0,24
19012,T,24,0,24
19013,A,24,0,24
19014,G,24,0,24
19015,C,25,0,25
19016,A,25,0,25
19017,C,25,0,25
19018,A,25,0,25
19019,A,25,0,25
19020,A,25,0,25
19021,T,24,0,24
19022,T,24,0,24
19023,A,23,0,23
19024,C,23,0,23
19025,T,23,0,23
19026,C,24,0,24
19027,A,24,0,24
19028,T,23,0,23
19029,A,23,0,23
19030,T,23,0,23
19031,G,24,0,24
19032,C,23,0,23
19033,C,23,0,23
19034,A,23,0,23
19035,G,23,0,23
19036,T,22,0,22
19037,A,20,0,20
19038,G,20,0,20
19039,T,20,0,20
19040,A,21,0,21
19041,G,21,0,21
19042,C,21,0,21
19043,G,21,0,21
19044,G,21,0,21
19045,C,21,0,21
19046,T,21,0,21
19047,T,21,0,21
19048,T,21,0,21
19049,T,21,0,21
19050,G,21,0,21
19051,A,21,0,21
19052,T,21,0,21
19053,T,21,0,21
19054,C,22,0,22
19055,T,23,0,23
19056,G,23,0,23
19057,G,24,0,24
19058,A,24,0,24
19059,A,24,0,24
19060,A,24,0,24
19061,T,24,0,24
19062,T,24,0,24
19063,T,24,0,24
19064,A,25,0,25
19065,A,25,0,25
19066,A,25,0,25
19067,A,23,0,23
19068,A,23,0,23
19069,A,23,0,23
19070,T,23,0,23
19071,G,23,0,23
19072,T,23,0,23
19073,A,24,0,24
19074,G,23,0,23
19075,G,22,0,22
19076,T,20,0,20
19077,A,20,0,20
19078,G,20,0,20
19079,A,22,0,22
19080,G,22,0,22
19081,T,23,0,23
19082,A,23,0,23
19083,A,23,0,23
19084,T,23,0,23
19085,A,23,0,23
19086,C,21,0,21
19087,G,22,0,22
19088,T,22,0,22
19089,G,22,0,22
19090,A,24,0,24
19091,T,24,0,24
19092,A,23,0,23
19093,A,23,0,23
19094,A,23,0,23
19095,T,25,0,25
19096,A,25,0,25
19097,T,25,0,25
19098,C,25,0,25
19099,C,26,0,26
19100,A,27,0,27
19101,G,26,0,26
19102,A,26,0,26
19103,T,26,0,26
19104,C,27,0,27
19105,G,28,0,28
19106,A,28,0,28
19107,A,28,0,28
19108,T,28,0,28
19109,A,27,0,27
19110,A,28,0,28
19111,T,28,0,28
19112,T,29,0,29
19113,T,29,0,29
19114,T,29,0,29
19115,G,30,0,30
19116,T,31,0,31
19117,T,31,0,31
19118,T,31,0,31
19119,G,32,0,32
19120,T,32,0,32
19121,T,32,0,32
19122,G,31,0,31
19123,C,30,0,30
19124,A,30,0,30
19125,G,30,0,30
19126,A,30,0,30
19127,T,30,0,30
19128,A,30,0,30
19129,A,29,0,29
19130,T,31,0,31
19131,G,31,0,31
19132,A,31,0,31
19133,T,31,0,31
19134,C,31,0,31
19135,A,30,0,30
19136,T,30,0,30
19137,G,30,0,30
19138,C,30,0,30
19139,A,30,0,30
19140,A,29,0,29
19141,C,29,0,29
19142,A,29,0,29
19143,C,29,0,29
19144,A,30,0,30
19145,G,34,0,34
19146,G,36,0,36
19147,A,36,0,36
19148,A,37,0,37
19149,A,37,0,37
19150,A,38,0,38
19151,A,38,0,38
19152,T,38,0,38
19153,T,39,0,39
19154,A,39,0,39
19155,C,39,0,39
19156,T,39,0,39
19157,T,39,0,39
19158,T,39,0,39
19159,C,39,0,39
19160,T,40,0,40
19161,A,41,0,41
19162,A,42,0,42
19163,T,44,0,44
19164,G,45,0,45
19165,G,45,0,45
19166,A,45,0,45
19167,A,47,0,47
19168,A,47,0,47
19169,A,49,0,49
19170,A,49,0,49
19171,A,49,0,49
19172,A,50,0,50
19173,G,50,0,50
19174,G,51,0,51
19175,T,52,0,52
19176,A,52,0,52
19177,C,51,0,51
19178,C,51,0,51
19179,A,51,0,51
19180,A,51,0,51
19181,T,51,0,51
19182,G,51,0,51
19183,T,51,0,51
19184,T,51,0,51
19185,G,51,0,51
19186,G,51,0,51
19187,A,51,0,51
19188,A,50,0,50
19189,T,50,0,50
19190,T,50,0,50
19191,A,49,0,49
19192,C,49,0,49
19193,G,49,0,49
19194,G,49,0,49
19195,C,49,0,49
19196,A,49,0,49
19197,G,49,0,49
19198,C,49,0,49
19199,T,49,0,49
19200,T,49,0,49
19201,A,49,0,49
19202,T,49,0,49
19203,A,49,0,49
19204,A,49,0,49
19205,T,48,0,48
19206,G,47,0,47
19207,C,47,0,47
19208,G,46,0,46
19209,G,46,0,46
19210,C,46,0,46
19211,A,46,0,46
19212,G,46,0,46
19213,T,46,0,46
19214,A,46,0,46
19215,G,45,0,45
19216,A,45,0,45
19217,C,46,0,46
19218,G,46,0,46
19219,T,47,0,47
19220,T,47,0,47
19221,G,48,0,48
19222,G,48,0,48
19223,A,48,0,48
19224,G,48,0,48
19225,G,48,0,48
19226,A,47,0,47
19227,G,47,0,47
19228,G,47,0,47
19229,G,47,0,47
19230,G,44,0,44
19231,T,44,0,44
19232,A,44,0,44
19233,G,44,0,44
19234,T,44,0,44
19235,T,44,0,44
19236,T,45,0,45
19237,A,45,0,45
19238,T,45,0,45
19239,C,47,0,47
19240,C,50,0,50
19241,G,49,0,49
19242,G,48,0,48
19243,A,48,0,48
19244,A,48,0,48
19245,T,49,0,49
19246,T,48,0,48
19247,T,51,0,51
19248,A,52,0,52
19249,A,52,0,52
19250,G,51,0,51
19251,A,50,0,50
19252,A,49,0,49
19253,A,49,0,49
19254,G,50,0,50
19255,A,50,0,50
19256,A,49,0,49
19257,G,49,0,49
19258,A,49,0,49
19259,G,49,0,49
19260,A,49,0,49
19261,A,48,0,48
19262,A,48,0,48
19263,G,48,0,48
19264,A,48,0,48
19265,C,49,0,49
19266,T,48,0,48
19267,T,47,0,47
19268,T,47,0,47
19269,T,47,0,47
19270,C,46,0,46
19271,T,44,0,44
19272,G,44,0,44
19273,A,44,0,44
19274,T,44,0,44
19275,T,44,0,44
19276,G,44,0,44
19277,G,46,0,46
19278,G,46,0,46
19279,A,46,0,46
19280,C,46,0,46
19281,G,47,0,47
19282,A,47,0,47
19283,T,47,0,47
19284,T,47,0,47
19285,A,47,0,47
19286,C,46,0,46
19287,A,46,0,46
19288,A,46,0,46
19289,A,46,0,46
19290,A,48,0,48
19291,G,48,0,48
19292,A,49,0,49
19293,A,49,0,49
19294,T,49,0,49
19295,A,48,0,48
19296,C,48,0,48
19297,A,46,0,46
19298,T,46,0,46
19299,G,45,0,45
19300,G,45,0,45
19301,T,44,0,44
19302,A,44,0,44
19303,A,44,0,44
19304,T,43,0,43
19305,G,45,0,45
19306,A,45,0,45
19307,T,45,0,45
19308,A,45,0,45
19309,A,46,0,46
19310,A,46,0,46
19311,G,45,0,45
19312,C,45,0,45
19313,C,43,0,43
19314,A,41,0,41
19315,G,39,0,39
19316,A,40,0,40
19317,A,40,0,40
19318,A,38,0,38
19319,C,39,0,39
19320,G,37,0,37
19321,A,38,0,38
19322,T,38,0,38
19323,T,37,0,37
19324,T,37,0,37
19325,T,37,0,37
19326,A,38,0,38
19327,C,38,0,38
19328,A,38,0,38
19329,T,38,0,38
19330,C,40,0,40
19331,T,40,0,40
19332,A,40,0,40
19333,A,39,0,39
19334,A,39,0,39
19335,A,39,0,39
19336,T,39,0,39
19337,G,39,0,39
19338,A,39,0,39
19339,A,39,0,39
19340,A,39,0,39
19341,A,39,0,39
19342,T,39,0,39
19343,T,40,0,40
19344,G,41,0,41
19345,C,41,0,41
19346,T,41,0,41
19347,G,41,0,41
19348,A,41,0,41
19349,A,41,0,41
19350,A,41,0,41
19351,T,41,0,41
19352,A,41,0,41
19353,G,41,0,41
19354,A,41,0,41
19355,A,41,0,41
19356,G,41,0,41
19357,C,42,0,42
19358,A,42,0,42
19359,A,44,0,44
19360,G,44,0,44
19361,A,44,0,44
19362,G,44,0,44
19363,T,44,0,44
19364,G,44,0,44
19365,A,45,0,45
19366,T,45,0,45
19367,G,46,0,46
19368,T,45,0,45
19369,C,45,0,45
19370,T,44,0,44
19371,G,44,0,44
19372,A,43,0,43
19373,G,43,0,43
19374,A,43,0,43
19375,G,42,0,42
19376,A,42,0,42
19377,C,42,0,42
19378,T,42,0,42
19379,C,40,0,40
19380,C,40,0,40
19381,A,40,0,40
19382,A,40,0,40
19383,A,40,0,40
19384,C,39,0,39
19385,G,39,0,39
19386,C,40,0,40
19387,T,40,0,40
19388,T,41,0,41
19389,G,42,0,42
19390,C,40,0,40
19391,T,39,0,39
19392,A,39,0,39
19393,A,39,0,39
19394,T,39,0,39
19395,A,39,0,39
19396,T,38,0,38
19397,G,37,0,37
19398,C,35,0,35
19399,A,34,0,34
19400,A,33,0,33
19401,G,34,0,34
19402,A,34,0,34
19403,C,34,0,34
19404,C,34,0,34
19405,A,34,0,34
19406,A,35,0,35
19407,T,36,0,36
19408,T,36,0,36
19409,T,37,0,37
19410,G,37,0,37
19411,C,37,0,37
19412,T,37,0,37
19413,A,38,0,38
19414,T,37,0,37
19415,T,37,0,37
19416,G,36,0,36
19417,A,36,0,36
19418,T,37,0,37
19419,G,37,0,37
19420,A,37,0,37
19421,C,37,0,37
19422,C,38,0,38
19423,C,39,0,39
19424,A,39,0,39
19425,A,38,0,38
19426,C,39,0,39
19427,A,39,0,39
19428,A,38,0,38
19429,C,38,0,38
19430,A,38,0,38
19431,G,38,0,38
19432,C,37,0,37
19433,A,37,0,37
19434,C,37,0,37
19435,T,37,0,37
19436,T,38,0,38
19437,G,38,0,38
19438,A,38,0,38
19439,T,40,0,40
19440,G,39,0,39
19441,A,38,0,38
19442,T,38,0,38
19443,C,37,0,37
19444,A,37,0,37
19445,A,37,0,37
19446,T,38,0,38
19447,A,36,0,36
19448,T,37,0,37
19449,G,37,0,37
19450,T,37,0,37
19451,T,37,0,37
19452,T,37,0,37
19453,A,37,0,37
19454,T,37,0,37
19455,G,37,0,37
19456,A,35,0,35
19457,A,35,0,35
19458,G,35,0,35
19459,A,35,0,35
19460,G,34,0,34
19461,C,35,0,35
19462,G,35,0,35
19463,C,34,0,34
19464,G,34,0,34
19465,A,35,0,35
19466,C,35,0,35
19467,G,34,0,34
19468,C,35,0,35
19469,C,35,0,35
19470,G,34,0,34
19471,C,34,0,34
19472,T,33,0,33
19473,A,33,0,33
19474,A,33,0,33
19475,T,33,0,33
19476,C,34,0,34
19477,A,32,0,32
19478,A,32,0,32
19479,C,31,0,31
19480,T,31,0,31
19481,T,29,0,29
19482,C,30,0,30
19483,G,30,0,30
19484,T,30,0,30
19485,C,30,0,30
19486,A,30,0,30
19487,A,32,0,32
19488,A,33,0,33
19489,G,33,0,33
19490,A,33,0,33
19491,G,33,0,33
19492,C,34,0,34
19493,A,34,0,34
19494,G,34,0,34
19495,C,33,0,33
19496,T,33,0,33
19497,A,36,0,36
19498,C,36,0,36
19499,C,36,0,36
19500,C,36,0,36
19501,T,36,0,36
19502,C,37,0,37
19503,A,37,0,37
19504,A,36,0,36
19505,T,36,0,36
19506,G,36,0,36
19507,G,36,0,36
19508,T,35,0,35
19509,C,34,0,34
19510,G,33,0,33
19511,T,33,0,33
19512,A,34,0,34
19513,A,34,0,34
19514,T,34,0,34
19515,A,34,0,34
19516,T,34,0,34
19517,T,34,0,34
19518,A,33,0,33
19519,A,33,0,33
19520,T,33,0,33
19521,T,33,0,33
19522,T,33,0,33
19523,A,33,0,33
19524,A,32,0,32
19525,G,32,0,32
19526,C,32,0,32
19527,G,32,0,32
19528,A,32,0,32
19529,T,32,0,32
19530,A,32,0,32
19531,A,32,0,32
19532,A,32,0,32
19533,G,32,0,32
19534,C,32,0,32
19535,T,32,0,32
19536,A,32,0,32
19537,T,31,0,31
19538,G,31,0,31
19539,A,30,0,30
19540,T,29,0,29
19541,T,29,0,29
19542,T,30,0,30
19543,C,30,0,30
19544,T,30,0,30
19545,C,30,0,30
19546,G,30,0,30
19547,T,30,0,30
19548,G,30,0,30
19549,T,30,0,30
19550,A,30,0,30
19551,A,31,0,31
19552,G,30,0,30
19553,G,30,0,30
19554,T,31,0,31
19555,C,31,0,31
19556,T,32,0,32
19557,C,33,0,33
19558,A,33,0,33
19559,T,33,0,33
19560,A,32,0,32
19561,T,32,0,32
19562,C,32,0,32
19563,T,33,0,33
19564,T,32,0,32
19565,A,32,0,32
19566,C,32,0,32
19567,A,31,0,31
19568,G,32,0,32
19569,G,32,0,32
19570,A,33,0,33
19571,T,33,0,33
19572,A,33,0,33
19573,G,35,0,35
19574,G,34,0,34
19575,G,34,0,34
19576,A,34,0,34
19577,A,33,0,33
19578,C,33,0,33
19579,A,33,0,33
19580,A,33,0,33
19581,A,33,0,33
19582,A,34,0,34
19583,A,34,0,34
19584,C,34,0,34
19585,T,34,0,34
19586,T,34,0,34
19587,T,33,0,33
19588,C,33,0,33
19589,T,33,0,33
19590,C,31,0,31
19591,A,30,0,30
19592,A,30,0,30
19593,A,30,0,30
19594,A,31,0,31
19595,T,31,0,31
19596,C,31,0,31
19597,C,30,0,30
19598,C,31,0,31
19599,A,31,0,31
19600,A,31,0,31
19601,T,31,0,31
19602,A,31,0,31
19603,C,31,0,31
19604,A,31,0,31
19605,G,31,0,31
19606,C,32,0,32
19607,T,32,0,32
19608,T,32,0,32
19609,C,32,0,32
19610,A,32,0,32
19611,T,34,0,34
19612,A,33,0,33
19613,T,33,0,33
19614,A,32,0,32
19615,G,32,0,32
19616,A,31,0,31
19617,G,32,0,32
19618,A,33,0,33
19619,A,34,0,34
19620,A,34,0,34
19621,G,34,0,34
19622,A,34,0,34
19623,A,34,0,34
19624,A,34,0,34
19625,A,34,0,34
19626,A,35,0,35
19627,A,34,0,34
19628,C,34,0,34
19629,C,34,0,34
19630,A,34,0,34
19631,A,34,0,34
19632,G,34,0,34
19633,A,33,0,33
19634,A,33,0,33
19635,A,33,0,33
19636,A,33,0,33
19637,C,34,0,34
19638,G,32,0,32
19639,A,32,0,32
19640,G,32,0,32
19641,A,32,0,32
19642,T,33,0,33
19643,A,32,0,32
19644,T,32,0,32
19645,A,33,0,33
19646,A,34,0,34
19647,T,35,0,35
19648,A,32,0,32
19649,G,32,0,32
19650,C,32,0,32
19651,A,32,0,32
19652,T,33,0,33
19653,A,32,0,32
19654,T,34,0,34
19655,A,35,0,35
19656,T,35,0,35
19657,T,36,0,36
19658,T,36,0,36
19659,T,36,0,36
19660,A,36,0,36
19661,T,36,0,36
19662,T,36,0,36
19663,G,35,0,35
19664,C,37,0,37
19665,T,37,0,37
19666,C,37,0,37
19667,A,37,0,37
19668,A,37,0,37
19669,A,38,0,38
19670,T,38,0,38
19671,T,38,0,38
19672,C,38,0,38
19673,A,38,0,38
19674,G,38,0,38
19675,C,38,0,38
19676,C,40,0,40
19677,T,40,0,40
19678,T,39,0,39
19679,T,39,0,39
19680,A,39,0,39
19681,A,39,0,39
19682,A,40,0,40
19683,T,40,0,40
19684,T,40,0,40
19685,A,40,0,40
19686,G,42,0,42
19687,T,42,0,42
19688,A,42,0,42
19689,T,42,0,42
19690,A,42,0,42
19691,T,43,0,43
19692,C,43,0,43
19693,A,43,0,43
19694,A,43,0,43
19695,C,45,0,45
19696,A,45,0,45
19697,T,45,0,45
19698,A,45,0,45
19699,C,44,0,44
19700,A,44,0,44
19701,C,42,0,42
19702,T,41,0,41
19703,A,41,0,41
19704,A,43,0,43
19705,A,43,0,43
19706,A,43,0,43
19707,T,43,0,43
19708,A,41,0,41
19709,A,40,0,40
19710,G,40,0,40
19711,G,40,0,40
19712,A,40,0,40
19713,G,40,0,40
19714,T,39,0,39
19715,T,39,0,39
19716,T,39,0,39
19717,T,39,0,39
19718,C,39,0,39
19719,T,38,0,38
19720,A,39,0,39
19721,T,38,0,38
19722,G,38,0,38
19723,G,40,0,40
19724,A,39,0,39
19725,A,40,0,40
19726,A,41,0,41
19727,A,41,0,41
19728,G,41,0,41
19729,A,43,0,43
19730,A,44,0,44
19731,A,44,0,44
19732,T,46,0,46
19733,T,46,0,46
19734,A,46,0,46
19735,C,46,0,46
19736,C,46,0,46
19737,A,47,0,47
19738,A,47,0,47
19739,A,47,0,47
19740,A,47,0,47
19741,A,47,0,47
19742,G,47,0,47
19743,T,47,0,47
19744,T,47,0,47
19745,A,47,0,47
19746,T,47,0,47
19747,A,47,0,47
19748,T,47,0,47
19749,G,46,0,46
19750,A,46,0,46
19751,C,47,0,47
19752,T,47,0,47
19753,G,47,0,47
19754,A,47,0,47
19755,T,47,0,47
19756,G,47,0,47
19757,C,47,0,47
19758,T,47,0,47
19759,G,47,0,47
19760,A,47,0,47
19761,A,47,0,47
19762,C,45,0,45
19763,G,46,0,46
19764,T,46,0,46
19765,G,46,0,46
19766,A,47,0,47
19767,A,48,0,48
19768,G,47,0,47
19769,A,46,0,46
19770,A,46,0,46
19771,T,47,0,47
19772,T,47,0,47
19773,G,47,0,47
19774,C,47,0,47
19775,G,47,0,47
19776,G,47,0,47
19777,G,48,0,48
19778,T,48,0,48
19779,A,48,0,48
19780,G,50,0,50
19781,G,50,0,50
19782,T,50,0,50
19783,G,51,0,51
19784,G,51,0,51
19785,T,51,0,51
19786,T,51,0,51
19787,T,51,0,51
19788,A,50,0,50
19789,G,50,0,50
19790,A,49,0,49
19791,T,49,0,49
19792,C,50,0,50
19793,A,51,0,51
19794,A,53,0,53
19795,G,53,0,53
19796,A,52,0,52
19797,C,51,0,51
19798,T,49,0,49
19799,G,50,0,50
19800,T,50,0,50
19801,A,50,0,50
19802,T,50,0,50
19803,T,50,0,50
19804,T,50,0,50
19805,A,48,0,48
19806,T,47,0,47
19807,A,47,0,47
19808,T,45,0,45
19809,G,45,0,45
19810,G,45,0,45
19811,T,45,0,45
19812,T,45,0,45
19813,G,45,0,45
19814,A,45,0,45
19815,G,44,0,44
19816,G,44,0,44
19817,C,44,0,44
19818,G,44,0,44
19819,G,44,0,44
19820,A,43,0,43
19821,A,43,0,43
19822,G,43,0,43
19823,C,43,0,43
19824,A,43,0,43
19825,G,44,0,44
19826,C,44,0,44
19827,T,42,0,42
19828,T,42,0,42
19829,C,42,0,42
19830,T,42,0,42
19831,A,42,0,42
19832,A,42,0,42
19833,A,41,0,41
19834,G,41,0,41
19835,C,41,0,41
19836,A,41,0,41
19837,A,40,0,40
19838,A,40,0,40
19839,T,40,0,40
19840,G,40,0,40
19841,A,40,0,40
19842,T,39,0,39
19843,A,39,0,39
19844,G,40,0,40
19845,T,40,0,40
19846,A,39,0,39
19847,A,40,0,40
19848,A,40,0,40
19849,A,40,0,40
19850,C,41,0,41
19851,A,41,0,41
19852,A,42,0,42
19853,C,42,0,42
19854,A,43,0,43
19855,T,41,0,41
19856,G,40,0,40
19857,G,40,0,40
19858,G,40,0,40
19859,A,40,0,40
19860,G,40,0,40
19861,T,41,0,41
19862,G,45,0,45
19863,G,46,0,46
19864,T,46,0,46
19865,T,46,0,46
19866,A,46,0,46
19867,G,44,0,44
19868,C,44,0,44
19869,A,45,0,45
19870,A,45,0,45
19871,T,45,0,45
19872,G,43,0,43
19873,G,44,0,44
19874,C,43,0,43
19875,T,42,0,42
19876,G,42,0,42
19877,A,41,0,41
19878,A,41,0,41
19879,T,41,0,41
19880,A,41,0,41
19881,T,41,0,41
19882,C,43,0,43
19883,C,42,0,42
19884,A,42,0,42
19885,G,42,0,42
19886,C,41,0,41
19887,A,41,0,41
19888,C,40,0,40
19889,A,41,0,41
19890,T,43,0,43
19891,G,43,0,43
19892,C,43,0,43
19893,A,43,0,43
19894,C,43,0,43
19895,T,45,0,45
19896,T,46,0,46
19897,C,46,0,46
19898,T,46,0,46
19899,A,46,0,46
19900,C,47,0,47
19901,T,47,0,47
19902,T,45,0,45
19903,C,47,0,47
19904,T,48,0,48
19905,T,48,0,48
19906,A,48,0,48
19907,G,48,0,48
19908,A,47,0,47
19909,C,50,0,50
19910,A,50,0,50
19911,T,50,0,50
19912,C,50,0,50
19913,A,50,0,50
19914,A,50,0,50
19915,C,50,0,50
19916,G,50,0,50
19917,T,49,0,49
19918,G,48,0,48
19919,G,48,0,48
19920,A,48,0,48
19921,C,47,0,47
19922,C,46,0,46
19923,G,48,0,48
19924,C,48,0,48
19925,A,48,0,48
19926,A,48,0,48
19927,T,49,0,49
19928,T,47,0,47
19929,T,47,0,47
19930,A,47,0,47
19931,T,45,0,45
19932,T,46,0,46
19933,C,45,0,45
19934,G,44,0,44
19935,T,44,0,44
19936,G,44,0,44
19937,A,44,0,44
19938,T,44,0,44
19939,A,44,0,44
19940,T,44,0,44
19941,G,45,0,45
19942,G,45,0,45
19943,G,44,0,44
19944,G,44,0,44
19945,T,42,0,42
19946,T,42,0,42
19947,T,42,0,42
19948,T,42,0,42
19949,C,42,0,42
19950,T,42,0,42
19951,A,43,0,43
19952,C,44,0,44
19953,A,44,0,44
19954,A,45,0,45
19955,A,45,0,45
19956,G,45,0,45
19957,A,45,0,45
19958,A,45,0,45
19959,T,45,0,45
19960,G,45,0,45
19961,C,45,0,45
19962,T,45,0,45
19963,G,45,0,45
19964,A,45,0,45
19965,T,45,0,45
19966,G,45,0,45
19967,A,45,0,45
19968,A,45,0,45
19969,G,45,0,45
19970,A,45,0,45
19971,A,45,0,45
19972,T,45,0,45
19973,A,45,0,45
19974,C,45,0,45
19975,G,45,0,45
19976,G,45,0,45
19977,T,45,0,45
19978,C,45,0,45
19979,C,45,0,45
19980,A,45,0,45
19981,G,45,0,45
19982,A,45,0,45
19983,C,45,0,45
19984,T,45,0,45
19985,G,45,0,45
19986,G,46,0,46
19987,C,46,0,46
19988,T,45,0,45
19989,A,45,0,45
19990,G,45,0,45
19991,A,45,0,45
19992,C,45,0,45
19993,A,45,0,45
19994,A,45,0,45
19995,A,44,0,44
19996,G,44,0,44
19997,G,43,0,43
19998,T,39,0,39
19999,G,39,0,39
20000,T,39,0,39
20001,T,37,0,37
20002,G,37,0,37
20003,T,37,0,37
20004,G,36,0,36
20005,A,36,0,36
20006,T,36,0,36
20007,A,36,0,36
20008,G,36,0,36
20009,G,36,0,36
20010,A,36,0,36
20011,G,36,0,36
20012,G,36,0,36
20013,T,34,0,34
20014,C,36,0,36
20015,A,37,0,37
20016,T,37,0,37
20017,C,39,0,39
20018,A,39,0,39
20019,T,39,0,39
20020,T,38,0,38
20021,T,38,0,38
20022,C,39,0,39
20023,T,39,0,39
20024,G,38,0,38
20025,A,38,0,38
20026,T,38,0,38
20027,A,36,0,36
20028,C,36,0,36
20029,A,36,0,36
20030,G,37,0,37
20031,T,36,0,36
20032,A,36,0,36
20033,C,32,0,32
20034,A,34,0,34
20035,A,33,0,33
20036,T,33,0,33
20037,C,33,0,33
20038,G,35,0,35
20039,C,36,0,36
20040,T,35,0,35
20041,T,35,0,35
20042,T,35,0,35
20043,T,35,0,35
20044,C,36,0,36
20045,T,36,0,36
20046,T,36,0,36
20047,A,35,0,35
20048,C,35,0,35
20049,A,36,0,36
20050,G,36,0,36
20051,C,35,0,35
20052,A,36,0,36
20053,A,36,0,36
20054,A,34,0,34
20055,A,33,0,33
20056,T,33,0,33
20057,G,34,0,34
20058,T,34,0,34
20059,A,34,0,34
20060,T,31,0,31
20061,A,31,0,31
20062,C,32,0,32
20063,G,32,0,32
20064,T,32,0,32
20065,A,32,0,32
20066,C,35,0,35
20067,A,35,0,35
20068,A,35,0,35
20069,A,35,0,35
20070,A,35,0,35
20071,A,35,0,35
20072,C,37,0,37
20073,T,38,0,38
20074,T,36,0,36
20075,G,35,0,35
20076,A,35,0,35
20077,A,35,0,35
20078,A,36,0,36
20079,A,36,0,36
20080,A,36,0,36
20081,A,36,0,36
20082,C,36,0,36
20083,A,36,0,36
20084,T,36,0,36
20085,T,36,0,36
20086,A,35,0,35
20087,G,35,0,35
20088,T,34,0,34
20089,A,34,0,34
20090,T,35,0,35
20091,C,35,0,35
20092,T,35,0,35
20093,C,36,0,36
20094,A,36,0,36
20095,A,35,0,35
20096,A,36,0,36
20097,A,36,0,36
20098,A,36,0,36
20099,T,36,0,36
20100,T,36,0,36
20101,A,36,0,36
20102,C,36,0,36
20103,G,35,0,35
20104,T,35,0,35
20105,G,34,0,34
20106,A,34,0,34
20107,T,35,0,35
20108,G,35,0,35
20109,T,36,0,36
20110,A,36,0,36
20111,A,37,0,37
20112,G,38,0,38
20113,A,38,0,38
20114,A,38,0,38
20115,A,38,0,38
20116,C,38,0,38
20117,A,39,0,39
20118,A,40,0,40
20119,T,40,0,40
20120,C,40,0,40
20121,T,39,0,39
20122,A,39,0,39
20123,T,39,0,39
20124,A,40,0,40
20125,T,40,0,40
20126,G,40,0,40
20127,A,40,0,40
20128,T,40,0,40
20129,C,41,0,41
20130,A,41,0,41
20131,T,41,0,41
20132,G,41,0,41
20133,T,42,0,42
20134,T,44,0,44
20135,C,44,0,44
20136,G,44,0,44
20137,T,44,0,44
20138,A,45,0,45
20139,A,45,0,45
20140,T,45,0,45
20141,G,47,0,47
20142,T,47,0,47
20143,T,47,0,47
20144,G,49,0,49
20145,G,49,0,49
20146,A,49,0,49
20147,A,50,0,50
20148,A,51,0,51
20149,A,52,0,52
20150,A,52,0,52
20151,A,52,0,52
20152,T,52,0,52
20153,G,52,0,52
20154,G,52,0,52
20155,T,52,0,52
20156,G,49,0,49
20157,A,49,0,49
20158,T,49,0,49
20159,T,49,0,49
20160,T,49,0,49
20161,A,49,0,49
20162,T,49,0,49
20163,C,49,0,49
20164,A,49,0,49
20165,T,46,0,46
20166,C,47,0,47
20167,G,47,0,47
20168,C,46,0,46
20169,T,46,0,46
20170,T,46,0,46
20171,C,46,0,46
20172,T,46,0,46
20173,T,45,0,45
20174,G,45,0,45
20175,A,44,0,44
20176,T,45,0,45
20177,A,45,0,45
20178,C,44,0,44
20179,G,44,0,44
20180,G,46,0,46
20181,A,47,0,47
20182,G,48,0,48
20183,A,48,0,48
20184,A,48,0,48
20185,T,47,0,47
20186,G,48,0,48
20187,A,48,0,48
20188,T,48,0,48
20189,T,47,0,47
20190,T,46,0,46
20191,T,47,0,47
20192,A,47,0,47
20193,T,47,0,47
20194,A,47,0,47
20195,A,46,0,46
20196,A,46,0,46
20197,G,47,0,47
20198,G,47,0,47
20199,A,48,0,48
20200,T,49,0,49
20201,G,49,0,49
20202,A,49,0,49
20203,T,48,0,48
20204,T,48,0,48
20205,T,47,0,47
20206,G,47,0,47
20207,C,48,0,48
20208,T,47,0,47
20209,A,48,0,48
20210,A,49,0,49
20211,G,49,0,49
20212,A,49,0,49
20213,T,48,0,48
20214,A,49,0,49
20215,T,49,0,49
20216,G,49,0,49
20217,C,46,0,46
20218,C,46,0,46
20219,A,46,0,46
20220,A,47,0,47
20221,T,48,0,48
20222,A,49,0,49
20223,G,47,0,47
20224,T,47,0,47
20225,A,47,0,47
20226,A,47,0,47
20227,A,47,0,47
20228,G,47,0,47
20229,C,46,0,46
20230,T,46,0,46
20231,A,47,0,47
20232,T,47,0,47
20233,G,48,0,48
20234,A,48,0,48
20235,T,48,0,48
20236,T,49,0,49
20237,A,48,0,48
20238,G,48,0,48
20239,T,48,0,48
20240,A,48,0,48
20241,G,49,0,49
20242,C,49,0,49
20243,C,50,0,50
20244,T,50,0,50
20245,A,50,0,50
20246,A,50,0,50
20247,A,49,0,49
20248,A,50,0,50
20249,A,50,0,50
20250,C,49,0,49
20251,A,49,0,49
20252,G,49,0,49
20253,C,49,0,49
20254,A,48,0,48
20255,T,48,0,48
20256,T,48,0,48
20257,A,49,0,49
20258,A,49,0,49
20259,C,49,0,49
20260,G,48,0,48
20261,G,48,0,48
20262,A,48,0,48
20263,A,48,0,48
20264,A,48,0,48
20265,T,49,0,49
20266,G,50,0,50
20267,G,51,0,51
20268,A,50,0,50
20269,T,49,0,49
20270,G,49,0,49
20271,T,49,0,49
20272,T,50,0,50
20273,G,50,0,50
20274,T,50,0,50
20275,T,49,0,49
20276,A,49,0,49
20277,A,49,0,49
20278,G,49,0,49
20279,A,49,0,49
20280,A,47,0,47
20281,G,49,0,49
20282,C,48,0,48
20283,A,49,0,49
20284,T,49,0,49
20285,G,47,0,47
20286,T,47,0,47
20287,G,47,0,47
20288,G,46,0,46
20289,T,45,0,45
20290,G,45,0,45
20291,C,45,0,45
20292,T,43,0,43
20293,C,43,0,43
20294,G,43,0,43
20295,T,42,0,42
20296,T,42,0,42
20297,A,43,0,43
20298,G,42,0,42
20299,T,41,0,41
20300,G,40,0,40
20301,A,40,0,40
20302,T,40,0,40
20303,C,40,0,40
20304,C,40,0,40
20305,T,40,0,40
20306,A,41,0,41
20307,T,41,0,41
20308,A,41,0,41
20309,C,41,0,41
20310,A,41,0,41
20311,A,42,0,42
20312,T,42,0,42
20313,A,42,0,42
20314,C,42,0,42
20315,A,43,0,43
20316,A,43,0,43
20317,G,42,0,42
20318,G,42,0,42
20319,T,42,0,42
20320,G,42,0,42
20321,A,42,0,42
20322,T,42,0,42
20323,A,42,0,42
20324,A,43,0,43
20325,A,43,0,43
20326,T,43,0,43
20327,G,42,0,42
20328,A,42,0,42
20329,G,42,0,42
20330,G,43,0,43
20331,C,42,0,42
20332,T,42,0,42
20333,T,41,0,41
20334,A,41,0,41
20335,T,42,0,42
20336,A,42,0,42
20337,G,42,0,42
20338,T,42,0,42
20339,T,43,0,43
20340,T,43,0,43
20341,A,44,0,44
20342,T,43,0,43
20343,C,44,0,44
20344,T,44,0,44
20345,A,44,0,44
20346,A,44,0,44
20347,A,44,0,44
20348,A,42,0,42
20349,A,43,0,43
20350,T,42,0,42
20351,C,42,0,42
20352,G,44,0,44
20353,G,44,0,44
20354,A,45,0,45
20355,A,45,0,45
20356,A,45,0,45
20357,G,45,0,45
20358,G,44,0,44
20359,T,44,0,44
20360,G,43,0,43
20361,G,42,0,42
20362,T,42,0,42
20363,T,42,0,42
20364,T,42,0,42
20365,G,41,0,41
20366,C,42,0,42
20367,C,42,0,42
20368,T,43,0,43
20369,T,43,0,43
20370,A,43,0,43
20371,T,43,0,43
20372,G,44,0,44
20373,A,44,0,44
20374,T,44,0,44
20375,G,44,0,44
20376,A,44,0,44
20377,A,45,0,45
20378,G,48,0,48
20379,C,49,0,49
20380,A,48,0,48
20381,C,50,0,50
20382,G,50,0,50
20383,A,50,0,50
20384,C,48,0,48
20385,A,48,0,48
20386,A,48,0,48
20387,G,49,0,49
20388,C,48,0,48
20389,A,48,0,48
20390,A,48,0,48
20391,T,48,0,48
20392,G,47,0,47
20393,G,47,0,47
20394,C,47,0,47
20395,A,46,0,46
20396,T,46,0,46
20397,C,46,0,46
20398,T,46,0,46
20399,C,46,0,46
20400,A,46,0,46
20401,C,46,0,46
20402,T,47,0,47
20403,A,48,0,48
20404,T,48,0,48
20405,A,48,0,48
20406,C,48,0,48
20407,A,50,0,50
20408,C,48,0,48
20409,G,47,0,47
20410,A,47,0,47
20411,C,48,0,48
20412,T,49,0,49
20413,A,49,0,49
20414,G,49,0,49
20415,G,49,0,49
20416,A,49,0,49
20417,A,48,0,48
20418,A,48,0,48
20419,T,48,0,48
20420,C,48,0,48
20421,T,48,0,48
20422,C,48,0,48
20423,G,47,0,47
20424,A,47,0,47
20425,C,47,0,47
20426,A,47,0,47
20427,A,47,0,47
20428,A,47,0,47
20429,G,47,0,47
20430,C,48,0,48
20431,T,47,0,47
20432,C,45,0,45
20433,G,45,0,45
20434,T,45,0,45
20435,T,45,0,45
20436,T,45,0,45
20437,A,45,0,45
20438,A,45,0,45
20439,C,45,0,45
20440,A,45,0,45
20441,T,44,0,44
20442,C,44,0,44
20443,A,45,0,45
20444,G,46,0,46
20445,T,48,0,48
20446,T,48,0,48
20447,G,49,0,49
20448,A,48,0,48
20449,A,48,0,48
20450,A,48,0,48
20451,A,48,0,48
20452,A,48,0,48
20453,T,48,0,48
20454,C,48,0,48
20455,A,49,0,49
20456,A,49,0,49
20457,T,48,0,48
20458,C,48,0,48
20459,A,48,0,48
20460,T,49,0,49
20461,T,49,0,49
20462,G,48,0,48
20463,A,48,0,48
20464,T,48,0,48
20465,G,48,0,48
20466,T,47,0,47
20467,G,47,0,47
20468,C,47,0,47
20469,G,48,0,48
20470,A,49,0,49
20471,A,49,0,49
20472,G,49,0,49
20473,A,49,0,49
20474,G,50,0,50
20475,A,49,0,49
20476,T,49,0,49
20477,A,49,0,49
20478,A,49,0,49
20479,T,49,0,49
20480,A,49,0,49
20481,T,47,0,47
20482,G,46,0,46
20483,A,45,0,45
20484,A,45,0,45
20485,G,45,0,45
20486,G,44,0,44
20487,T,44,0,44
20488,G,44,0,44
20489,A,44,0,44
20490,T,43,0,43
20491,G,43,0,43
20492,C,42,0,42
20493,G,42,0,42
20494,T,41,0,41
20495,A,41,0,41
20496,A,41,0,41
20497,A,41,0,41
20498,C,41,0,41
20499,T,41,0,41
20500,T,40,0,40
20501,T,40,0,40
20502,A,39,0,39
20503,T,42,0,42
20504,G,41,0,41
20505,A,40,0,40
20506,A,41,0,41
20507,A,41,0,41
20508,A,42,0,42
20509,A,43,0,43
20510,A,43,0,43
20511,T,41,0,41
20512,G,41,0,41
20513,C,41,0,41
20514,A,41,0,41
20515,A,40,0,40
20516,G,41,0,41
20517,C,41,0,41
20518,T,41,0,41
20519,A,40,0,40
20520,A,40,0,40
20521,A,40,0,40
20522,G,40,0,40
20523,C,40,0,40
20524,T,38,0,38
20525,A,40,0,40
20526,T,40,0,40
20527,A,40,0,40
20528,G,39,0,39
20529,G,36,0,36
20530,T,35,0,35
20531,A,35,0,35
20532,T,36,0,36
20533,A,36,0,36
20534,G,36,0,36
20535,A,35,0,35
20536,T,35,0,35
20537,C,35,0,35
20538,T,35,0,35
20539,T,35,0,35
20540,T,35,0,35
20541,C,35,0,35
20542,G,34,0,34
20543,C,36,0,36
20544,G,36,0,36
20545,T,36,0,36
20546,G,36,0,36
20547,A,36,0,36
20548,T,36,0,36
20549,A,37,0,37
20550,A,37,0,37
20551,A,37,0,37
20552,G,37,0,37
20553,G,36,0,36
20554,T,35,0,35
20555,C,35,0,35
20556,A,35,0,35
20557,T,35,0,35
20558,T,33,0,33
20559,C,36,0,36
20560,T,36,0,36
20561,C,39,0,39
20562,T,38,0,38
20563,T,37,0,37
20564,T,37,0,37
20565,A,37,0,37
20566,A,37,0,37
20567,T,37,0,37
20568,A,37,0,37
20569,A,38,0,38
20570,A,37,0,37
20571,A,37,0,37
20572,A,37,0,37
20573,A,37,0,37
20574,T,37,0,37
20575,G,38,0,38
20576,T,38,0,38
20577,A,38,0,38
20578,G,39,0,39
20579,A,39,0,39
20580,A,39,0,39
20581,T,40,0,40
20582,T,40,0,40
20583,T,40,0,40
20584,A,40,0,40
20585,A,40,0,40
20586,G,40,0,40
20587,T,40,0,40
20588,A,40,0,40
20589,A,40,0,40
20590,C,41,0,41
20591,A,41,0,41
20592,G,40,0,40
20593,G,39,0,39
20594,A,39,0,39
20595,A,38,0,38
20596,T,38,0,38
20597,G,39,0,39
20598,T,38,0,38
20599,G,40,0,40
20600,G,40,0,40
20601,A,40,0,40
20602,T,40,0,40
20603,A,40,0,40
20604,T,40,0,40
20605,T,40,0,40
20606,T,39,0,39
20607,T,39,0,39
20608,A,39,0,39
20609,T,39,0,39
20610,A,40,0,40
20611,C,39,0,39
20612,T,39,0,39
20613,A,39,0,39
20614,C,39,0,39
20615,G,39,0,39
20616,G,39,0,39
20617,T,39,0,39
20618,A,39,0,39
20619,G,38,0,38
20620,A,38,0,38
20621,T,37,0,37
20622,A,37,0,37
20623,T,37,0,37
20624,T,37,0,37
20625,T,36,0,36
20626,T,36,0,36
20627,T,36,0,36
20628,G,36,0,36
20629,T,36,0,36
20630,T,37,0,37
20631,G,38,0,38
20632,T,38,0,38
20633,T,38,0,38
20634,C,38,0,38
20635,A,38,0,38
20636,A,40,0,40
20637,A,41,0,41
20638,T,41,0,41
20639,T,40,0,40
20640,C,40,0,40
20641,A,40,0,40
20642,A,40,0,40
20643,T,40,0,40
20644,C,40,0,40
20645,T,40,0,40
20646,T,38,0,38
20647,T,38,0,38
20648,A,38,0,38
20649,A,40,0,40
20650,A,39,0,39
20651,T,39,0,39
20652,T,40,0,40
20653,A,40,0,40
20654,A,38,0,38
20655,T,38,0,38
20656,A,39,0,39
20657,T,39,0,39
20658,A,39,0,39
20659,C,38,0,38
20660,G,37,0,37
20661,G,37,0,37
20662,A,37,0,37
20663,C,37,0,37
20664,A,37,0,37
20665,T,37,0,37
20666,T,37,0,37
20667,A,36,0,36
20668,T,36,0,36
20669,T,37,0,37
20670,G,35,0,35
20671,A,35,0,35
20672,A,35,0,35
20673,A,35,0,35
20674,A,33,0,33
20675,G,33,0,33
20676,A,33,0,33
20677,A,34,0,34
20678,G,34,0,34
20679,C,34,0,34
20680,T,34,0,34
20681,T,34,0,34
20682,T,34,0,34
20683,A,33,0,33
20684,A,32,0,32
20685,G,32,0,32
20686,T,33,0,33
20687,T,33,0,33
20688,T,33,0,33
20689,T,33,0,33
20690,A,34,0,34
20691,C,34,0,34
20692,A,34,0,34
20693,T,33,0,33
20694,T,32,0,32
20695,C,32,0,32
20696,T,32,0,32
20697,T,33,0,33
20698,C,33,0,33
20699,T,33,0,33
20700,C,31,0,31
20701,A,31,0,31
20702,T,31,0,31
20703,T,31,0,31
20704,A,33,0,33
20705,T,33,0,33
20706,T,33,0,33
20707,T,33,0,33
20708,A,33,0,33
20709,G,33,0,33
20710,A,31,0,31
20711,G,32,0,32
20712,T,30,0,30
20713,G,30,0,30
20714,A,29,0,29
20715,A,29,0,29
20716,T,29,0,29
20717,G,29,0,29
20718,G,29,0,29
20719,G,29,0,29
20720,G,28,0,28
20721,G,29,0,29
20722,T,29,0,29
20723,A,29,0,29
20724,T,29,0,29
20725,A,29,0,29
20726,T,28,0,28
20727,T,29,0,29
20728,C,29,0,29
20729,T,30,0,30
20730,G,30,0,30
20731,A,30,0,30
20732,A,29,0,29
20733,G,29,0,29
20734,A,29,0,29
20735,G,29,0,29
20736,C,28,0,28
20737,G,28,0,28
20738,G,28,0,28
20739,G,28,0,28
20740,G,27,0,27
20741,A,27,0,27
20742,T,27,0,27
20743,G,27,0,27
20744,G,26,0,26
20745,G,26,0,26
20746,A,27,0,27
20747,G,26,0,26
20748,A,25,0,25
20749,A,24,0,24
20750,T,25,0,25
20751,G,25,0,25
20752,G,25,0,25
20753,C,25,0,25
20754,T,26,0,26
20755,G,27,0,27
20756,T,27,0,27
20757,C,27,0,27
20758,A,28,0,28
20759,C,28,0,28
20760,A,28,0,28
20761,G,27,0,27
20762,C,27,0,27
20763,A,27,0,27
20764,T,28,0,28
20765,T,28,0,28
20766,T,28,0,28
20767,A,28,0,28
20768,A,28,0,28
20769,A,28,0,28
20770,G,28,0,28
20771,G,28,0,28
20772,C,28,0,28
20773,G,28,0,28
20774,G,28,0,28
20775,G,28,0,28
20776,C,28,0,28
20777,G,28,0,28
20778,A,28,0,28
20779,A,28,0,28
20780,G,29,0,29
20781,T,28,0,28
20782,T,27,0,27
20783,C,27,0,27
20784,A,27,0,27
20785,G,29,0,29
20786,A,29,0,29
20787,G,27,0,27
20788,C,25,0,25
20789,A,25,0,25
20790,A,25,0,25
20791,A,25,0,25
20792,A,25,0,25
20793,T,25,0,25
20794,A,24,0,24
20795,G,24,0,24
20796,G,24,0,24
20797,C,24,0,24
20798,G,25,0,25
20799,T,26,0,26
20800,C,25,0,25
20801,T,26,0,26
20802,T,27,0,27
20803,A,27,0,27
20804,T,27,0,27
20805,T,28,0,28
20806,G,28,0,28
20807,A,28,0,28
20808,G,28,0,28
20809,A,28,0,28
20810,A,28,0,28
20811,G,28,0,28
20812,A,28,0,28
20813,T,27,0,27
20814,G,27,0,27
20815,C,28,0,28
20816,G,28,0,28
20817,T,28,0,28
20818,T,28,0,28
20819,T,28,0,28
20820,T,27,0,27
20821,G,27,0,27
20822,A,27,0,27
20823,A,27,0,27
20824,T,27,0,27
20825,T,27,0,27
20826,T,27,0,27
20827,G,27,0,27
20828,G,26,0,26
20829,A,26,0,26
20830,C,26,0,26
20831,A,26,0,26
20832,G,26,0,26
20833,C,26,0,26
20834,A,26,0,26
20835,G,26,0,26
20836,G,26,0,26
20837,T,25,0,25
20838,A,25,0,25
20839,T,25,0,25
20840,G,25,0,25
20841,G,24,0,24
20842,G,24,0,24
20843,A,24,0,24
20844,T,25,0,25
20845,T,25,0,25
20846,A,26,0,26
20847,C,26,0,26
20848,C,27,0,27
20849,T,27,0,27
20850,A,27,0,27
20851,G,27,0,27
20852,A,27,0,27
20853,T,28,0,28
20854,G,28,0,28
20855,A,26,0,26
20856,T,27,0,27
20857,C,27,0,27
20858,C,29,0,29
20859,T,29,0,29
20860,A,29,0,29
20861,C,28,0,28
20862,A,27,0,27
20863,A,28,0,28
20864,T,29,0,29
20865,C,28,0,28
20866,A,28,0,28
20867,T,29,0,29
20868,A,29,0,29
20869,G,29,0,29
20870,A,29,0,29
20871,A,29,0,29
20872,A,29,0,29
20873,T,29,0,29
20874,T,29,0,29
20875,A,29,0,29
20876,T,31,0,31
20877,G,31,0,31
20878,T,31,0,31
20879,T,32,0,32
20880,A,31,0,31
20881,A,31,0,31
20882,A,33,0,33
20883,T,33,0,33
20884,C,33,0,33
20885,C,33,0,33
20886,C,32,0,32
20887,G,32,0,32
20888,A,32,0,32
20889,T,32,0,32
20890,G,32,0,32
20891,G,33,0,33
20892,C,33,0,33
20893,A,33,0,33
20894,C,33,0,33
20895,C,34,0,34
20896,T,34,0,34
20897,T,33,0,33
20898,A,34,0,34
20899,T,34,0,34
20900,G,34,0,34
20901,G,34,0,34
20902,G,34,0,34
20903,T,34,0,34
20904,T,35,0,35
20905,G,34,0,34
20906,A,34,0,34
20907,A,34,0,34
20908,C,34,0,34
20909,A,33,0,33
20910,T,33,0,33
20911,T,33,0,33
20912,T,33,0,33
20913,A,33,0,33
20914,G,33,0,33
20915,G,32,0,32
20916,A,32,0,32
20917,G,32,0,32
20918,A,32,0,32
20919,A,32,0,32
20920,C,33,0,33
20921,C,33,0,33
20922,T,32,0,32
20923,A,33,0,33
20924,A,33,0,33
20925,A,34,0,34
20926,A,34,0,34
20927,A,34,0,34
20928,A,34,0,34
20929,G,34,0,34
20930,C,34,0,34
20931,T,33,0,33
20932,G,34,0,34
20933,T,34,0,34
20934,C,34,0,34
20935,G,33,0,33
20936,G,33,0,33
20937,T,33,0,33
20938,G,33,0,33
20939,T,33,0,33
20940,G,33,0,33
20941,A,33,0,33
20942,T,33,0,33
20943,G,33,0,33
20944,G,33,0,33
20945,A,33,0,33
20946,T,33,0,33
20947,G,33,0,33
20948,C,34,0,34
20949,A,34,0,34
20950,C,33,0,33
20951,A,34,0,34
20952,T,34,0,34
20953,A,33,0,33
20954,G,34,0,34
20955,G,35,0,35
20956,G,34,0,34
20957,C,35,0,35
20958,A,34,0,34
20959,G,34,0,34
20960,A,34,0,34
20961,A,34,0,34
20962,G,34,0,34
20963,C,34,0,34
20964,T,34,0,34
20965,G,34,0,34
20966,T,33,0,33
20967,T,33,0,33
20968,A,33,0,33
20969,T,33,0,33
20970,G,33,0,33
20971,G,33,0,33
20972,G,34,0,34
20973,A,35,0,35
20974,A,35,0,35
20975,C,35,0,35
20976,A,35,0,35
20977,G,36,0,36
20978,T,36,0,36
20979,A,36,0,36
20980,G,36,0,36
20981,C,36,0,36
20982,T,36,0,36
20983,A,36,0,36
20984,C,36,0,36
20985,A,36,0,36
20986,G,36,0,36
20987,C,36,0,36
20988,T,36,0,36
20989,C,36,0,36
20990,T,36,0,36
20991,T,34,0,34
20992,G,34,0,34
20993,G,34,0,34
20994,A,32,0,32
20995,A,32,0,32
20996,C,33,0,33
20997,T,32,0,32
20998,C,32,0,32
20999,A,32,0,32
21000,A,33,0,33
21001,A,33,0,33
21002,T,33,0,33
21003,T,32,0,32
21004,A,32,0,32
21005,C,32,0,32
21006,C,32,0,32
21007,A,33,0,33
21008,A,34,0,34
21009,A,33,0,33
21010,G,34,0,34
21011,A,34,0,34
21012,A,34,0,34
21013,A,34,0,34
21014,A,34,0,34
21015,T,34,0,34
21016,C,34,0,34
21017,C,35,0,35
21018,T,33,0,33
21019,A,32,0,32
21020,T,32,0,32
21021,T,33,0,33
21022,C,32,0,32
21023,T,32,0,32
21024,T,32,0,32
21025,G,32,0,32
21026,A,33,0,33
21027,A,33,0,33
21028,T,33,0,33
21029,G,33,0,33
21030,C,32,0,32
21031,G,33,0,33
21032,A,33,0,33
21033,A,31,0,31
21034,T,31,0,31
21035,T,31,0,31
21036,A,33,0,33
21037,C,33,0,33
21038,C,33,0,33
21039,A,33,0,33
21040,A,32,0,32
21041,T,34,0,34
21042,G,32,0,32
21043,A,32,0,32
21044,A,32,0,32
21045,T,32,0,32
21046,G,32,0,32
21047,G,32,0,32
21048,A,32,0,32
21049,A,31,0,31
21050,G,31,0,31
21051,C,31,0,31
21052,C,31,0,31
21053,G,31,0,31
21054,C,31,0,31
21055,T,30,0,30
21056,T,30,0,30
21057,C,30,0,30
21058,G,30,0,30
21059,A,30,0,30
21060,A,31,0,31
21061,G,31,0,31
21062,C,31,0,31
21063,G,31,0,31
21064,G,31,0,31
21065,T,32,0,32
21066,T,34,0,34
21067,A,34,0,34
21068,T,35,0,35
21069,T,35,0,35
21070,C,35,0,35
21071,C,35,0,35
21072,A,35,0,35
21073,C,36,0,36
21074,C,35,0,35
21075,T,36,0,36
21076,A,35,0,35
21077,T,36,0,36
21078,C,36,0,36
21079,G,36,0,36
21080,T,36,0,36
21081,T,36,0,36
21082,T,36,0,36
21083,C,35,0,35
21084,C,35,0,35
21085,G,36,0,36
21086,C,36,0,36
21087,T,37,0,37
21088,C,38,0,38
21089,C,38,0,38
21090,A,38,0,38
21091,A,38,0,38
21092,C,38,0,38
21093,A,38,0,38
21094,T,37,0,37
21095,T,37,0,37
21096,T,38,0,38
21097,A,37,0,37
21098,C,37,0,37
21099,A,36,0,36
21100,A,39,0,39
21101,T,39,0,39
21102,T,39,0,39
21103,C,40,0,40
21104,G,41,0,41
21105,G,41,0,41
21106,A,40,0,40
21107,A,40,0,40
21108,A,40,0,40
21109,A,41,0,41
21110,A,42,0,42
21111,A,42,0,42
21112,G,42,0,42
21113,C,42,0,42
21114,A,42,0,42
21115,A,42,0,42
21116,C,42,0,42
21117,A,43,0,43
21118,A,43,0,43
21119,A,44,0,44
21120,A,44,0,44
21121,A,44,0,44
21122,T,44,0,44
21123,T,43,0,43
21124,T,42,0,42
21125,T,42,0,42
21126,T,42,0,42
21127,A,42,0,42
21128,C,42,0,42
21129,T,42,0,42
21130,T,43,0,43
21131,T,43,0,43
21132,G,43,0,43
21133,G,44,0,44
21134,A,44,0,44
21135,T,45,0,45
21136,G,45,0,45
21137,A,45,0,45
21138,T,46,0,46
21139,T,46,0,46
21140,A,46,0,46
21141,T,47,0,47
21142,G,48,0,48
21143,T,48,0,48
21144,T,48,0,48
21145,G,48,0,48
21146,C,47,0,47
21147,A,46,0,46
21148,A,47,0,47
21149,A,47,0,47
21150,A,49,0,49
21151,A,48,0,48
21152,A,49,0,49
21153,T,49,0,49
21154,A,50,0,50
21155,T,51,0,51
21156,C,52,0,52
21157,A,53,0,53
21158,T,52,0,52
21159,C,51,0,51
21160,A,50,0,50
21161,C,51,0,51
21162,T,51,0,51
21163,C,52,0,52
21164,C,52,0,52
21165,A,52,0,52
21166,C,52,0,52
21167,A,52,0,52
21168,T,51,0,51
21169,C,51,0,51
21170,A,51,0,51
21171,A,51,0,51
21172,A,50,0,50
21173,A,50,0,50
21174,G,52,0,52
21175,T,52,0,52
21176,C,52,0,52
21177,A,52,0,52
21178,C,52,0,52
21179,T,51,0,51
21180,T,51,0,51
21181,T,51,0,51
21182,T,50,0,50
21183,A,50,0,50
21184,A,50,0,50
21185,G,50,0,50
21186,T,50,0,50
21187,G,48,0,48
21188,A,48,0,48
21189,A,49,0,49
21190,G,49,0,49
21191,C,49,0,49
21192,T,48,0,48
21193,G,48,0,48
21194,T,48,0,48
21195,G,48,0,48
21196,A,48,0,48
21197,A,48,0,48
21198,A,49,0,49
21199,A,49,0,49
21200,A,49,0,49
21201,T,49,0,49
21202,C,49,0,49
21203,A,49,0,49
21204,C,48,0,48
21205,A,48,0,48
21206,A,49,0,49
21207,A,49,0,49
21208,A,49,0,49
21209,A,49,0,49
21210,T,49,0,49
21211,A,49,0,49
21212,T,49,0,49
21213,T,49,0,49
21214,C,49,0,49
21215,T,48,0,48
21216,T,48,0,48
21217,G,47,0,47
21218,T,47,0,47
21219,T,48,0,48
21220,G,48,0,48
21221,T,48,0,48
21222,T,47,0,47
21223,G,47,0,47
21224,G,46,0,46
21225,T,48,0,48
21226,G,47,0,47
21227,G,47,0,47
21228,A,47,0,47
21229,A,47,0,47
21230,C,47,0,47
21231,A,47,0,47
21232,G,48,0,48
21233,G,48,0,48
21234,G,50,0,50
21235,A,50,0,50
21236,C,49,0,49
21237,A,49,0,49
21238,G,48,0,48
21239,G,47,0,47
21240,A,45,0,45
21241,A,45,0,45
21242,A,45,0,45
21243,A,45,0,45
21244,A,46,0,46
21245,C,45,0,45
21246,C,44,0,44
21247,A,43,0,43
21248,C,43,0,43
21249,C,43,0,43
21250,T,43,0,43
21251,T,44,0,44
21252,A,45,0,45
21253,A,45,0,45
21254,C,44,0,44
21255,G,43,0,43
21256,A,43,0,43
21257,A,44,0,44
21258,T,45,0,45
21259,G,45,0,45
21260,C,44,0,44
21261,A,43,0,43
21262,A,43,0,43
21263,T,43,0,43
21264,C,43,0,43
21265,T,42,0,42
21266,T,42,0,42
21267,A,42,0,42
21268,A,42,0,42
21269,A,42,0,42
21270,A,41,0,41
21271,G,41,0,41
21272,A,41,0,41
21273,A,41,0,41
21274,A,40,0,40
21275,T,40,0,40
21276,G,41,0,41
21277,A,40,0,40
21278,C,39,0,39
21279,A,38,0,38
21280,G,40,0,40
21281,A,39,0,39
21282,T,38,0,38
21283,A,38,0,38
21284,C,38,0,38
21285,A,38,0,38
21286,T,38,0,38
21287,G,38,0,38
21288,T,38,0,38
21289,C,38,0,38
21290,C,38,0,38
21291,A,36,0,36
21292,G,36,0,36
21293,A,37,0,37
21294,G,38,0,38
21295,G,37,0,37
21296,A,36,0,36
21297,A,36,0,36
21298,C,37,0,37
21299,G,36,0,36
21300,C,35,0,35
21301,T,34,0,34
21302,T,34,0,34
21303,T,33,0,33
21304,G,33,0,33
21305,T,32,0,32
21306,A,31,0,31
21307,A,31,0,31
21308,T,31,0,31
21309,T,30,0,30
21310,A,31,0,31
21311,T,31,0,31
21312,T,31,0,31
21313,G,32,0,32
21314,A,31,0,31
21315,A,31,0,31
21316,G,31,0,31
21317,A,31,0,31
21318,T,33,0,33
21319,A,33,0,33
21320,C,33,0,33
21321,A,34,0,34
21322,G,34,0,34
21323,C,35,0,35
21324,T,35,0,35
21325,G,33,0,33
21326,A,33,0,33
21327,A,33,0,33
21328,C,33,0,33
21329,T,33,0,33
21330,T,33,0,33
21331,C,33,0,33
21332,A,34,0,34
21333,A,34,0,34
21334,T,35,0,35
21335,G,35,0,35
21336,T,35,0,35
21337,G,35,0,35
21338,C,35,0,35
21339,T,35,0,35
21340,G,34,0,34
21341,C,34,0,34
21342,A,34,0,34
21343,C,34,0,34
21344,C,34,0,34
21345,T,34,0,34
21346,A,34,0,34
21347,A,34,0,34
21348,T,34,0,34
21349,A,33,0,33
21350,C,33,0,33
21351,T,33,0,33
21352,G,33,0,33
21353,T,34,0,34
21354,G,34,0,34
21355,A,34,0,34
21356,C,34,0,34
21357,A,33,0,33
21358,T,33,0,33
21359,T,35,0,35
21360,T,35,0,35
21361,C,34,0,34
21362,G,34,0,34
21363,A,34,0,34
21364,G,34,0,34
21365,C,35,0,35
21366,T,35,0,35
21367,G,34,0,34
21368,T,34,0,34
21369,T,34,0,34
21370,G,31,0,31
21371,A,32,0,32
21372,A,33,0,33
21373,T,33,0,33
21374,A,33,0,33
21375,T,33,0,33
21376,A,32,0,32
21377,T,32,0,32
21378,T,32,0,32
21379,G,31,0,31
21380,A,32,0,32
21381,T,31,0,31
21382,A,31,0,31
21383,T,32,0,32
21384,G,32,0,32
21385,A,30,0,30
21386,C,32,0,32
21387,G,32,0,32
21388,C,32,0,32
21389,G,32,0,32
21390,G,32,0,32
21391,T,33,0,33
21392,T,33,0,33
21393,G,35,0,35
21394,T,35,0,35
21395,T,35,0,35
21396,A,35,0,35
21397,A,36,0,36
21398,A,39,0,39
21399,G,39,0,39
21400,G,38,0,38
21401,T,38,0,38
21402,G,37,0,37
21403,A,35,0,35
21404,C,35,0,35
21405,T,35,0,35
21406,A,35,0,35
21407,T,36,0,36
21408,G,35,0,35
21409,C,36,0,36
21410,G,36,0,36
21411,T,36,0,36
21412,A,36,0,36
21413,T,37,0,37
21414,G,37,0,37
21415,G,39,0,39
21416,C,39,0,39
21417,A,39,0,39
21418,C,40,0,40
21419,C,40,0,40
21420,A,40,0,40
21421,G,40,0,40
21422,A,40,0,40
21423,T,39,0,39
21424,C,39,0,39
21425,G,39,0,39
21426,C,39,0,39
21427,A,38,0,38
21428,T,38,0,38
21429,T,38,0,38
21430,A,38,0,38
21431,T,37,0,37
21432,T,37,0,37
21433,G,37,0,37
21434,T,36,0,36
21435,T,36,0,36
21436,G,37,0,37
21437,G,37,0,37
21438,C,37,0,37
21439,G,37,0,37
21440,A,37,0,37
21441,A,37,0,37
21442,G,37,0,37
21443,T,37,0,37
21444,A,36,0,36
21445,A,36,0,36
21446,G,36,0,36
21447,A,36,0,36
21448,G,36,0,36
21449,A,35,0,35
21450,T,35,0,35
21451,G,35,0,35
21452,G,35,0,35
21453,C,35,0,35
21454,G,35,0,35
21455,C,35,0,35
21456,A,35,0,35
21457,G,35,0,35
21458,C,36,0,36
21459,T,36,0,36
21460,T,36,0,36
21461,T,35,0,35
21462,A,35,0,35
21463,G,34,0,34
21464,C,33,0,33
21465,T,33,0,33
21466,T,33,0,33
21467,T,35,0,35
21468,G,33,0,33
21469,T,31,0,31
21470,T,31,0,31
21471,A,31,0,31
21472,A,30,0,30
21473,A,30,0,30
21474,A,30,0,30
21475,A,29,0,29
21476,G,30,0,30
21477,C,30,0,30
21478,T,30,0,30
21479,G,30,0,30
21480,G,30,0,30
21481,A,30,0,30
21482,A,30,0,30
21483,T,31,0,31
21484,A,31,0,31
21485,C,32,0,32
21486,T,33,0,33
21487,G,33,0,33
21488,G,33,0,33
21489,A,33,0,33
21490,C,33,0,33
21491,A,33,0,33
21492,C,34,0,34
21493,C,34,0,34
21494,C,35,0,35
21495,A,35,0,35
21496,G,35,0,35
21497,G,35,0,35
21498,T,36,0,36
21499,G,36,0,36
21500,G,36,0,36
21501,A,36,0,36
21502,A,37,0,37
21503,T,37,0,37
21504,A,36,0,36
21505,G,35,0,35
21506,C,35,0,35
21507,A,35,0,35
21508,A,35,0,35
21509,C,35,0,35
21510,C,33,0,33
21511,G,33,0,33
21512,T,34,0,34
21513,T,34,0,34
21514,C,34,0,34
21515,A,34,0,34
21516,C,34,0,34
21517,G,34,0,34
21518,C,38,0,38
21519,C,38,0,38
21520,A,39,0,39
21521,A,39,0,39
21522,T,38,0,38
21523,G,38,0,38
21524,A,38,0,38
21525,T,38,0,38
21526,G,38,0,38
21527,C,38,0,38
21528,A,38,0,38
21529,A,38,0,38
21530,C,37,0,37
21531,A,37,0,37
21532,G,37,0,37
21533,C,37,0,37
21534,A,36,0,36
21535,G,36,0,36
21536,G,36,0,36
21537,A,35,0,35
21538,T,35,0,35
21539,T,37,0,37
21540,A,37,0,37
21541,A,37,0,37
21542,C,36,0,36
21543,A,36,0,36
21544,A,34,0,34
21545,G,34,0,34
21546,A,34,0,34
21547,A,34,0,34
21548,T,34,0,34
21549,C,33,0,33
21550,C,33,0,33
21551,A,33,0,33
21552,A,32,0,32
21553,C,32,0,32
21554,A,33,0,33
21555,G,33,0,33
21556,T,33,0,33
21557,T,33,0,33
21558,A,32,0,32
21559,A,32,0,32
21560,T,31,0,31
21561,A,33,0,33
21562,T,33,0,33
21563,C,33,0,33
21564,A,34,0,34
21565,G,34,0,34
21566,A,32,0,32
21567,A,32,0,32
21568,G,32,0,32
21569,C,31,0,31
21570,A,31,0,31
21571,A,31,0,31
21572,C,31,0,31
21573,T,31,0,31
21574,A,31,0,31
21575,T,31,0,31
21576,T,33,0,33
21577,G,35,0,35
21578,C,35,0,35
21579,T,36,0,36
21580,C,37,0,37
21581,C,37,0,37
21582,T,38,0,38
21583,A,38,0,38
21584,T,38,0,38
21585,G,38,0,38
21586,C,38,0,38
21587,A,39,0,39
21588,A,39,0,39
21589,T,39,0,39
21590,C,39,0,39
21591,A,39,0,39
21592,C,39,0,39
21593,T,39,0,39
21594,G,39,0,39
21595,A,39,0,39
21596,T,39,0,39
21597,A,39,0,39
21598,G,39,0,39
21599,C,39,0,39
21600,G,39,0,39
21601,G,39,0,39
21602,A,39,0,39
21603,A,39,0,39
21604,A,39,0,39
21605,C,39,0,39
21606,A,39,0,39
21607,A,40,0,40
21608,T,40,0,40
21609,T,39,0,39
21610,G,40,0,40
21611,A,39,0,39
21612,T,39,0,39
21613,G,39,0,39
21614,T,39,0,39
21615,T,38,0,38
21616,G,38,0,38
21617,T,38,0,38
21618,C,40,0,40
21619,C,40,0,40
21620,T,40,0,40
21621,G,40,0,40
21622,A,39,0,39
21623,G,39,0,39
21624,T,39,0,39
21625,A,39,0,39
21626,T,40,0,40
21627,T,39,0,39
21628,G,44,0,44
21629,A,44,0,44
21630,A,44,0,44
21631,A,44,0,44
21632,A,44,0,44
21633,G,46,0,46
21634,A,45,0,45
21635,C,44,0,44
21636,C,44,0,44
21637,T,43,0,43
21638,C,44,0,44
21639,C,45,0,45
21640,T,45,0,45
21641,T,45,0,45
21642,A,45,0,45
21643,G,45,0,45
21644,G,46,0,46
21645,T,46,0,46
21646,C,46,0,46
21647,G,46,0,46
21648,C,46,0,46
21649,A,45,0,45
21650,A,45,0,45
21651,A,45,0,45
21652,G,45,0,45
21653,T,44,0,44
21654,C,47,0,47
21655,A,48,0,48
21656,A,48,0,48
21657,A,48,0,48
21658,G,48,0,48
21659,A,49,0,49
21660,A,49,0,49
21661,A,49,0,49
21662,T,50,0,50
21663,T,48,0,48
21664,A,50,0,50
21665,T,50,0,50
21666,T,50,0,50
21667,G,50,0,50
21668,A,50,0,50
21669,A,48,0,48
21670,G,51,0,51
21671,T,50,0,50
21672,T,50,0,50
21673,T,51,0,51
21674,G,51,0,51
21675,T,53,0,53
21676,G,55,0,55
21677,G,56,0,56
21678,A,56,0,56
21679,T,56,0,56
21680,A,56,0,56
21681,C,57,0,57
21682,G,57,0,57
21683,A,57,0,57
21684,C,57,0,57
21685,C,59,0,59
21686,A,59,0,59
21687,C,59,0,59
21688,G,58,0,58
21689,C,58,0,58
21690,A,57,0,57
21691,A,58,0,58
21692,T,58,0,58
21693,C,58,0,58
21694,A,57,0,57
21695,A,58,0,58
21696,C,58,0,58
21697,A,58,0,58
21698,G,61,0,61
21699,G,61,0,61
21700,T,60,0,60
21701,A,60,0,60
21702,T,60,0,60
21703,A,61,0,61
21704,T,61,0,61
21705,A,60,0,60
21706,A,61,0,61
21707,C,62,0,62
21708,A,62,0,62
21709,A,62,0,62
21710,A,64,0,64
21711,T,64,0,64
21712,C,62,0,62
21713,T,62,0,62
21714,C,64,0,64
21715,A,63,0,63
21716,T,62,0,62
21717,T,62,0,62
21718,C,62,0,62
21719,A,62,0,62
21720,T,62,0,62
21721,T,63,0,63
21722,A,63,0,63
21723,A,63,0,63
21724,A,63,0,63
21725,G,63,0,63
21726,G,63,0,63
21727,A,60,0,60
21728,G,59,0,59
21729,C,59,0,59
21730,A,59,0,59
21731,A,58,0,58
21732,A,58,0,58
21733,A,58,0,58
21734,T,58,0,58
21735,A,58,0,58
21736,T,59,0,59
21737,G,60,0,60
21738,C,60,0,60
21739,A,61,0,61
21740,A,61,0,61
21741,T,61,0,61
21742,T,62,0,62
21743,A,62,0,62
21744,T,62,0,62
21745,C,64,0,64
21746,T,64,0,64
21747,T,64,0,64
21748,C,64,0,64
21749,A,64,0,64
21750,A,64,0,64
21751,C,65,0,65
21752,G,65,0,65
21753,C,65,0,65
21754,A,65,0,65
21755,A,65,0,65
21756,A,65,0,65
21757,C,65,0,65
21758,A,64,0,64
21759,A,64,0,64
21760,G,64,0,64
21761,A,63,0,63
21762,A,62,0,62
21763,A,62,0,62
21764,T,62,0,62
21765,A,62,0,62
21766,A,62,0,62
21767,T,62,0,62
21768,T,62,0,62
21769,T,60,0,60
21770,A,61,0,61
21771,T,63,0,63
21772,A,64,0,64
21773,T,65,0,65
21774,A,65,0,65
21775,A,65,0,65
21776,T,63,0,63
21777,C,64,0,64
21778,A,64,0,64
21779,T,59,0,59
21780,A,59,0,59
21781,T,59,0,59
21782,C,59,0,59
21783,G,59,0,59
21784,T,58,0,58
21785,A,58,0,58
21786,T,58,0,58
21787,T,57,0,57
21788,G,57,0,57
21789,T,56,0,56
21790,T,55,0,55
21791,T,55,0,55
21792,T,54,0,54
21793,T,54,0,54
21794,T,54,0,54
21795,C,56,0,56
21796,T,56,0,56
21797,T,57,0,57
21798,A,57,0,57
21799,T,57,0,57
21800,T,57,0,57
21801,A,58,0,58
21802,T,58,0,58
21803,A,57,0,57
21804,G,57,0,57
21805,G,54,0,54
21806,G,53,0,53
21807,G,53,0,53
21808,C,53,0,53
21809,G,53,0,53
21810,G,52,0,52
21811,T,53,0,53
21812,A,53,0,53
21813,T,53,0,53
21814,T,53,0,53
21815,T,51,0,51
21816,T,51,0,51
21817,T,51,0,51
21818,T,51,0,51
21819,C,51,0,51
21820,T,49,0,49
21821,C,46,0,46
21822,T,46,0,46
21823,A,46,0,46
21824,T,45,0,45
21825,C,45,0,45
21826,T,44,0,44
21827,T,42,0,42
21828,A,41,0,41
21829,T,41,0,41
21830,T,41,0,41
21831,T,41,0,41
21832,T,40,0,40
21833,G,41,0,41
21834,G,41,0,41
21835,G,40,0,40
21836,A,37,0,37
21837,G,37,0,37
21838,A,36,0,36
21839,T,36,0,36
21840,A,36,0,36
21841,T,37,0,37
21842,T,37,0,37
21843,G,38,0,38
21844,C,38,0,38
21845,A,38,0,38
21846,T,38,0,38
21847,A,39,0,39
21848,T,38,0,38
21849,G,35,0,35
21850,C,34,0,34
21851,T,34,0,34
21852,T,34,0,34
21853,C,34,0,34
21854,T,33,0,33
21855,G,32,0,32
21856,A,32,0,32
21857,T,32,0,32
21858,G,31,0,31
21859,C,30,0,30
21860,A,30,0,30
21861,A,29,0,29
21862,C,29,0,29
21863,A,31,0,31
21864,T,31,0,31
21865,C,30,0,30
21866,G,30,0,30
21867,G,30,0,30
21868,G,30,0,30
21869,T,30,0,30
21870,G,30,0,30
21871,G,30,0,30
21872,T,30,0,30
21873,G,31,0,31
21874,G,32,0,32
21875,T,32,0,32
21876,G,31,0,31
21877,C,30,0,30
21878,A,30,0,30
21879,T,30,0,30
21880,C,30,0,30
21881,T,30,0,30
21882,C,30,0,30
21883,T,30,0,30
21884,T,30,0,30
21885,C,29,0,29
21886,C,29,0,29
21887,A,29,0,29
21888,T,29,0,29
21889,G,28,0,28
21890,G,28,0,28
21891,G,28,0,28
21892,A,28,0,28
21893,A,27,0,27
21894,G,27,0,27
21895,C,27,0,27
21896,T,27,0,27
21897,C,27,0,27
21898,C,27,0,27
21899,T,27,0,27
21900,A,27,0,27
21901,T,27,0,27
21902,G,26,0,26
21903,G,26,0,26
21904,A,28,0,28
21905,A,32,0,32
21906,A,32,0,32
21907,A,33,0,33
21908,G,34,0,34
21909,T,34,0,34
21910,T,34,0,34
21911,G,34,0,34
21912,A,35,0,35
21913,G,37,0,37
21914,A,37,0,37
21915,A,36,0,36
21916,A,36,0,36
21917,A,36,0,36
21918,T,36,0,36
21919,C,36,0,36
21920,A,36,0,36
21921,A,36,0,36
21922,T,34,0,34
21923,T,34,0,34
21924,G,33,0,33
21925,C,33,0,33
21926,T,33,0,33
21927,G,33,0,33
21928,G,32,0,32
21929,T,32,0,32
21930,C,32,0,32
21931,C,32,0,32
21932,T,32,0,32
21933,G,33,0,33
21934,T,33,0,33
21935,T,35,0,35
21936,G,35,0,35
21937,C,35,0,35
21938,T,35,0,35
21939,T,35,0,35
21940,T,35,0,35
21941,T,35,0,35
21942,G,36,0,36
21943,G,36,0,36
21944,G,36,0,36
21945,G,35,0,35
21946,T,34,0,34
21947,T,34,0,34
21948,T,34,0,34
21949,C,34,0,34
21950,T,34,0,34
21951,T,34,0,34
21952,T,34,0,34
21953,A,34,0,34
21954,T,34,0,34
21955,T,34,0,34
21956,G,34,0,34
21957,G,34,0,34
21958,G,34,0,34
21959,G,34,0,34
21960,C,34,0,34
21961,T,33,0,33
21962,T,32,0,32
21963,G,32,0,32
21964,T,32,0,32
21965,A,31,0,31
21966,G,32,0,32
21967,C,32,0,32
21968,T,32,0,32
21969,G,33,0,33
21970,G,34,0,34
21971,T,36,0,36
21972,G,36,0,36
21973,G,36,0,36
21974,A,35,0,35
21975,G,37,0,37
21976,C,38,0,38
21977,T,39,0,39
21978,G,39,0,39
21979,C,39,0,39
21980,A,41,0,41
21981,T,42,0,42
21982,T,42,0,42
21983,A,42,0,42
21984,A,41,0,41
21985,T,42,0,42
21986,T,44,0,44
21987,T,44,0,44
21988,T,45,0,45
21989,T,45,0,45
21990,G,45,0,45
21991,G,45,0,45
21992,T,45,0,45
21993,G,45,0,45
21994,G,45,0,45
21995,T,45,0,45
21996,G,47,0,47
21997,A,47,0,47
21998,A,46,0,46
21999,A,46,0,46
22000,T,46,0,46
22001,T,46,0,46
22002,A,47,0,47
22003,G,47,0,47
22004,C,47,0,47
22005,G,47,0,47
22006,A,47,0,47
22007,A,47,0,47
22008,T,47,0,47
22009,T,47,0,47
22010,T,49,0,49
22011,A,49,0,49
22012,C,49,0,49
22013,A,50,0,50
22014,A,48,0,48
22015,A,48,0,48
22016,G,48,0,48
22017,C,48,0,48
22018,G,50,0,50
22019,T,50,0,50
22020,A,50,0,50
22021,T,50,0,50
22022,T,49,0,49
22023,A,49,0,49
22024,T,48,0,48
22025,T,48,0,48
22026,T,49,0,49
22027,A,49,0,49
22028,T,49,0,49
22029,C,49,0,49
22030,T,49,0,49
22031,T,49,0,49
22032,G,52,0,52
22033,T,52,0,52
22034,T,52,0,52
22035,T,52,0,52
22036,T,51,0,51
22037,G,51,0,51
22038,G,50,0,50
22039,T,49,0,49
22040,T,49,0,49
22041,A,49,0,49
22042,T,49,0,49
22043,T,49,0,49
22044,A,49,0,49
22045,G,50,0,50
22046,T,50,0,50
22047,G,50,0,50
22048,T,50,0,50
22049,T,48,0,48
22050,A,49,0,49
22051,T,49,0,49
22052,T,49,0,49
22053,G,50,0,50
22054,T,50,0,50
22055,T,51,0,51
22056,T,47,0,47
22057,T,47,0,47
22058,T,47,0,47
22059,G,46,0,46
22060,C,46,0,46
22061,A,47,0,47
22062,A,47,0,47
22063,A,46,0,46
22064,C,44,0,44
22065,A,44,0,44
22066,G,44,0,44
22067,T,43,0,43
22068,C,44,0,44
22069,T,45,0,45
22070,T,45,0,45
22071,C,46,0,46
22072,T,44,0,44
22073,C,44,0,44
22074,A,44,0,44
22075,C,44,0,44
22076,A,45,0,45
22077,G,45,0,45
22078,G,46,0,46
22079,T,46,0,46
22080,G,46,0,46
22081,C,47,0,47
22082,T,47,0,47
22083,C,47,0,47
22084,T,47,0,47
22085,T,46,0,46
22086,T,46,0,46
22087,T,46,0,46
22088,T,46,0,46
22089,T,46,0,46
22090,C,46,0,46
22091,T,46,0,46
22092,G,46,0,46
22093,G,45,0,45
22094,A,46,0,46
22095,G,47,0,47
22096,C,47,0,47
22097,T,48,0,48
22098,G,48,0,48
22099,T,49,0,49
22100,T,49,0,49
22101,G,49,0,49
22102,T,50,0,50
22103,A,51,0,51
22104,C,51,0,51
22105,C,51,0,51
22106,T,51,0,51
22107,T,52,0,52
22108,C,53,0,53
22109,T,53,0,53
22110,A,53,0,53
22111,A,53,0,53
22112,T,53,0,53
22113,G,54,0,54
22114,T,52,0,52
22115,T,52,0,52
22116,T,52,0,52
22117,T,51,0,51
22118,G,51,0,51
22119,G,51,0,51
22120,T,50,0,50
22121,T,49,0,49
22122,G,48,0,48
22123,G,48,0,48
22124,A,49,0,49
22125,G,49,0,49
22126,G,49,0,49
22127,A,48,0,48
22128,G,48,0,48
22129,T,46,0,46
22130,T,46,0,46
22131,T,46,0,46
22132,A,45,0,45
22133,A,45,0,45
22134,T,45,0,45
22135,G,44,0,44
22136,G,43,0,43
22137,G,42,0,42
22138,A,42,0,42
22139,G,42,0,42
22140,G,41,0,41
22141,A,41,0,41
22142,A,41,0,41
22143,A,40,0,40
22144,A,40,0,40
22145,C,39,0,39
22146,G,39,0,39
22147,G,39,0,39
22148,T,39,0,39
22149,A,39,0,39
22150,T,39,0,39
22151,A,39,0,39
22152,C,40,0,40
22153,A,39,0,39
22154,C,39,0,39
22155,A,39,0,39
22156,A,41,0,41
22157,T,41,0,41
22158,T,41,0,41
22159,G,41,0,41
22160,T,41,0,41
22161,T,39,0,39
22162,T,39,0,39
22163,C,39,0,39
22164,G,38,0,38
22165,C,38,0,38
22166,T,38,0,38
22167,C,38,0,38
22168,T,39,0,39
22169,C,39,0,39
22170,T,39,0,39
22171,T,39,0,39
22172,C,39,0,39
22173,A,39,0,39
22174,T,39,0,39
22175,A,40,0,40
22176,G,40,0,40
22177,A,39,0,39
22178,C,41,0,41
22179,C,40,0,40
22180,T,40,0,40
22181,C,40,0,40
22182,A,41,0,41
22183,A,37,0,37
22184,C,37,0,37
22185,A,37,0,37
22186,A,38,0,38
22187,A,38,0,38
22188,T,38,0,38
22189,T,37,0,37
22190,A,37,0,37
22191,T,38,0,38
22192,G,38,0,38
22193,G,38,0,38
22194,G,38,0,38
22195,T,38,0,38
22196,G,38,0,38
22197,G,39,0,39
22198,A,40,0,40
22199,G,40,0,40
22200,A,40,0,40
22201,G,39,0,39
22202,C,38,0,38
22203,G,38,0,38
22204,A,39,0,39
22205,G,38,0,38
22206,A,39,0,39
22207,G,40,0,40
22208,C,39,0,39
22209,T,38,0,38
22210,T,38,0,38
22211,A,38,0,38
22212,T,40,0,40
22213,G,40,0,40
22214,C,42,0,42
22215,T,41,0,41
22216,G,41,0,41
22217,C,41,0,41
22218,T,41,0,41
22219,A,40,0,40
22220,T,40,0,40
22221,C,41,0,41
22222,A,42,0,42
22223,A,41,0,41
22224,T,41,0,41
22225,G,41,0,41
22226,C,42,0,42
22227,T,41,0,41
22228,T,41,0,41
22229,T,41,0,41
22230,T,41,0,41
22231,A,41,0,41
22232,A,42,0,42
22233,C,43,0,43
22234,T,43,0,43
22235,G,42,0,42
22236,G,42,0,42
22237,T,42,0,42
22238,A,42,0,42
22239,T,42,0,42
22240,T,42,0,42
22241,C,42,0,42
22242,T,42,0,42
22243,T,43,0,43
22244,C,44,0,44
22245,T,44,0,44
22246,T,43,0,43
22247,G,41,0,41
22248,T,39,0,39
22249,T,39,0,39
22250,T,39,0,39
22251,C,39,0,39
22252,A,39,0,39
22253,G,39,0,39
22254,C,39,0,39
22255,G,39,0,39
22256,A,39,0,39
22257,T,39,0,39
22258,G,39,0,39
22259,A,38,0,38
22260,A,37,0,37
22261,C,37,0,37
22262,A,38,0,38
22263,T,39,0,39
22264,T,39,0,39
22265,A,40,0,40
22266,T,40,0,40
22267,A,40,0,40
22268,G,38,0,38
22269,C,38,0,38
22270,A,38,0,38
22271,G,37,0,37
22272,C,38,0,38
22273,A,38,0,38
22274,A,39,0,39
22275,C,40,0,40
22276,A,40,0,40
22277,A,40,0,40
22278,T,41,0,41
22279,T,42,0,42
22280,G,42,0,42
22281,G,42,0,42
22282,G,42,0,42
22283,C,43,0,43
22284,T,43,0,43
22285,T,43,0,43
22286,T,46,0,46
22287,G,46,0,46
22288,T,45,0,45
22289,A,45,0,45
22290,T,46,0,46
22291,C,46,0,46
22292,T,46,0,46
22293,G,48,0,48
22294,G,49,0,49
22295,T,49,0,49
22296,T,49,0,49
22297,T,50,0,50
22298,G,49,0,49
22299,T,49,0,49
22300,T,49,0,49
22301,T,49,0,49
22302,C,49,0,49
22303,T,48,0,48
22304,C,49,0,49
22305,T,49,0,49
22306,T,48,0,48
22307,T,46,0,46
22308,A,47,0,47
22309,T,47,0,47
22310,G,46,0,46
22311,T,46,0,46
22312,T,46,0,46
22313,C,47,0,47
22314,T,47,0,47
22315,A,47,0,47
22316,C,47,0,47
22317,G,47,0,47
22318,G,47,0,47
22319,A,46,0,46
22320,G,46,0,46
22321,A,46,0,46
22322,A,46,0,46
22323,T,46,0,46
22324,G,46,0,46
22325,G,47,0,47
22326,C,47,0,47
22327,A,47,0,47
22328,A,46,0,46
22329,A,44,0,44
22330,A,46,0,46
22331,T,48,0,48
22332,T,49,0,49
22333,T,50,0,50
22334,G,50,0,50
22335,A,50,0,50
22336,T,51,0,51
22337,C,50,0,50
22338,C,49,0,49
22339,C,49,0,49
22340,A,49,0,49
22341,T,49,0,49
22342,T,49,0,49
22343,T,50,0,50
22344,T,50,0,50
22345,A,50,0,50
22346,T,50,0,50
22347,C,52,0,52
22348,T,51,0,51
22349,C,52,0,52
22350,G,52,0,52
22351,A,53,0,53
22352,A,53,0,53
22353,T,54,0,54
22354,T,54,0,54
22355,T,53,0,53
22356,A,53,0,53
22357,C,53,0,53
22358,A,52,0,52
22359,T,52,0,52
22360,T,52,0,52
22361,C,54,0,54
22362,G,55,0,55
22363,T,55,0,55
22364,C,56,0,56
22365,A,55,0,55
22366,A,55,0,55
22367,T,56,0,56
22368,T,57,0,57
22369,A,57,0,57
22370,A,56,0,56
22371,A,56,0,56
22372,A,56,0,56
22373,T,55,0,55
22374,A,55,0,55
22375,T,55,0,55
22376,C,56,0,56
22377,G,57,0,57
22378,T,57,0,57
22379,A,58,0,58
22380,G,61,0,61
22381,T,61,0,61
22382,T,61,0,61
22383,A,61,0,61
22384,T,61,0,61
22385,T,61,0,61
22386,A,61,0,61
22387,C,62,0,62
22388,G,63,0,63
22389,C,64,0,64
22390,T,64,0,64
22391,C,66,0,66
22392,C,66,0,66
22393,C,66,0,66
22394,T,65,0,65
22395,T,65,0,65
22396,T,65,0,65
22397,T,66,0,66
22398,C,69,0,69
22399,A,69,0,69
22400,C,71,0,71
22401,G,72,0,72
22402,T,72,0,72
22403,C,72,0,72
22404,C,71,0,71
22405,A,73,0,73
22406,T,73,0,73
22407,T,73,0,73
22408,T,73,0,73
22409,C,74,0,74
22410,G,75,0,75
22411,T,75,0,75
22412,G,76,0,76
22413,T,75,0,75
22414,T,75,0,75
22415,G,74,0,74
22416,C,74,0,74
22417,A,76,0,76
22418,A,76,0,76
22419,A,76,0,76
22420,A,76,0,76
22421,T,76,0,76
22422,C,75,0,75
22423,A,75,0,75
22424,A,75,0,75
22425,C,75,0,75
22426,A,74,0,74
22427,A,75,0,75
22428,G,75,0,75
22429,G,75,0,75
22430,A,75,0,75
22431,C,79,0,79
22432,G,79,0,79
22433,T,79,0,79
22434,A,79,0,79
22435,T,79,0,79
22436,T,79,0,79
22437,G,75,0,75
22438,A,75,0,75
22439,T,75,0,75
22440,G,75,0,75
22441,C,75,0,75
22442,T,75,0,75
22443,T,75,0,75
22444,A,73,0,73
22445,A,73,0,73
22446,A,73,0,73
22447,T,73,0,73
22448,T,72,0,72
22449,A,72,0,72
22450,A,72,0,72
22451,A,72,0,72
22452,A,73,0,73
22453,C,74,0,74
22454,C,74,0,74
22455,T,73,0,73
22456,T,73,0,73
22457,T,73,0,73
22458,T,72,0,72
22459,C,71,0,71
22460,G,71,0,71
22461,C,71,0,71
22462,T,71,0,71
22463,C,72,0,72
22464,T,72,0,72
22465,A,72,0,72
22466,C,72,0,72
22467,T,72,0,72
22468,A,72,0,72
22469,T,72,0,72
22470,T,72,0,72
22471,G,71,0,71
22472,C,71,0,71
22473,G,72,0,72
22474,G,72,0,72
22475,G,72,0,72
22476,G,71,0,71
22477,C,70,0,70
22478,T,70,0,70
22479,T,70,0,70
22480,C,70,0,70
22481,C,69,0,69
22482,T,67,0,67
22483,G,66,0,66
22484,A,65,0,65
22485,T,65,0,65
22486,C,65,0,65
22487,T,63,0,63
22488,T,63,0,63
22489,T,63,0,63
22490,T,64,0,64
22491,A,64,0,64
22492,A,64,0,64
22493,A,64,0,64
22494,T,65,0,65
22495,T,65,0,65
22496,T,65,0,65
22497,T,65,0,65
22498,G,63,0,63
22499,C,64,0,64
22500,G,63,0,63
22501,G,63,0,63
22502,C,64,0,64
22503,T,64,0,64
22504,T,63,0,63
22505,T,63,0,63
22506,A,63,0,63
22507,A,63,0,63
22508,T,62,0,62
22509,T,62,0,62
22510,G,63,0,63
22511,A,63,0,63
22512,T,61,0,61
22513,G,60,0,60
22514,A,58,0,58
22515,C,58,0,58
22516,G,59,0,59
22517,G,59,0,59
22518,C,59,0,59
22519,A,59,0,59
22520,T,59,0,59
22521,T,59,0,59
22522,A,59,0,59
22523,T,58,0,58
22524,C,58,0,58
22525,T,57,0,57
22526,T,57,0,57
22527,G,56,0,56
22528,G,53,0,53
22529,G,51,0,51
22530,A,51,0,51
22531,A,49,0,49
22532,A,49,0,49
22533,A,51,0,51
22534,G,50,0,50
22535,A,50,0,50
22536,C,51,0,51
22537,G,49,0,49
22538,G,48,0,48
22539,T,47,0,47
22540,T,47,0,47
22541,C,49,0,49
22542,T,46,0,46
22543,T,46,0,46
22544,T,47,0,47
22545,G,47,0,47
22546,T,45,0,45
22547,T,46,0,46
22548,G,44,0,44
22549,G,43,0,43
22550,C,43,0,43
22551,T,42,0,42
22552,G,42,0,42
22553,G,43,0,43
22554,T,43,0,43
22555,T,43,0,43
22556,T,42,0,42
22557,T,44,0,44
22558,T,44,0,44
22559,T,44,0,44
22560,C,44,0,44
22561,A,43,0,43
22562,T,43,0,43
22563,T,42,0,42
22564,C,42,0,42
22565,G,44,0,44
22566,T,43,0,43
22567,G,43,0,43
22568,G,42,0,42
22569,T,42,0,42
22570,G,42,0,42
22571,A,42,0,42
22572,T,41,0,41
22573,G,41,0,41
22574,A,41,0,41
22575,T,40,0,40
22576,C,41,0,41
22577,C,39,0,39
22578,C,39,0,39
22579,A,39,0,39
22580,T,39,0,39
22581,G,39,0,39
22582,T,37,0,37
22583,C,37,0,37
22584,A,37,0,37
22585,G,36,0,36
22586,C,37,0,37
22587,A,37,0,37
22588,A,37,0,37
22589,C,37,0,37
22590,G,37,0,37
22591,G,37,0,37
22592,A,37,0,37
22593,T,37,0,37
22594,A,37,0,37
22595,T,37,0,37
22596,A,37,0,37
22597,G,37,0,37
22598,A,37,0,37
22599,A,37,0,37
22600,C,37,0,37
22601,G,39,0,39
22602,A,39,0,39
22603,A,38,0,38
22604,A,37,0,37
22605,T,37,0,37
22606,T,37,0,37
22607,A,37,0,37
22608,T,37,0,37
22609,A,37,0,37
22610,T,37,0,37
22611,A,37,0,37
22612,A,37,0,37
22613,C,37,0,37
22614,G,36,0,36
22615,G,36,0,36
22616,G,36,0,36
22617,C,36,0,36
22618,T,36,0,36
22619,T,36,0,36
22620,G,39,0,39
22621,G,39,0,39
22622,T,40,0,40
22623,T,41,0,41
22624,A,40,0,40
22625,A,40,0,40
22626,C,39,0,39
22627,A,39,0,39
22628,C,40,0,40
22629,A,40,0,40
22630,T,40,0,40
22631,A,40,0,40
22632,T,40,0,40
22633,C,40,0,40
22634,T,39,0,39
22635,T,39,0,39
22636,T,40,0,40
22637,C,40,0,40
22638,T,40,0,40
22639,C,41,0,41
22640,G,41,0,41
22641,T,38,0,38
22642,T,39,0,39
22643,T,39,0,39
22644,T,39,0,39
22645,C,39,0,39
22646,A,41,0,41
22647,T,42,0,42
22648,T,42,0,42
22649,C,43,0,43
22650,G,43,0,43
22651,G,43,0,43
22652,G,43,0,43
22653,A,41,0,41
22654,T,40,0,40
22655,G,40,0,40
22656,G,39,0,39
22657,G,39,0,39
22658,C,38,0,38
22659,G,38,0,38
22660,A,38,0,38
22661,T,38,0,38
22662,A,38,0,38
22663,T,38,0,38
22664,G,38,0,38
22665,G,38,0,38
22666,G,37,0,37
22667,T,37,0,37
22668,A,37,0,37
22669,G,37,0,37
22670,A,36,0,36
22671,T,36,0,36
22672,G,36,0,36
22673,C,37,0,37
22674,C,38,0,38
22675,A,39,0,39
22676,T,39,0,39
22677,A,39,0,39
22678,C,39,0,39
22679,G,39,0,39
22680,C,41,0,41
22681,A,41,0,41
22682,T,41,0,41
22683,A,42,0,42
22684,G,41,0,41
22685,A,41,0,41
22686,G,44,0,44
22687,T,41,0,41
22688,C,41,0,41
22689,A,41,0,41
22690,C,41,0,41
22691,C,41,0,41
22692,A,39,0,39
22693,A,39,0,39
22694,G,39,0,39
22695,T,40,0,40
22696,T,40,0,40
22697,A,40,0,40
22698,T,39,0,39
22699,T,39,0,39
22700,C,40,0,40
22701,A,41,0,41
22702,G,41,0,41
22703,A,42,0,42
22704,T,41,0,41
22705,C,42,0,42
22706,C,42,0,42
22707,A,42,0,42
22708,G,40,0,40
22709,A,40,0,40
22710,A,40,0,40
22711,T,39,0,39
22712,T,39,0,39
22713,A,39,0,39
22714,T,38,0,38
22715,C,38,0,38
22716,T,37,0,37
22717,C,37,0,37
22718,A,38,0,38
22719,T,37,0,37
22720,T,37,0,37
22721,T,37,0,37
22722,T,37,0,37
22723,C,39,0,39
22724,C,39,0,39
22725,T,39,0,39
22726,G,39,0,39
22727,A,39,0,39
22728,T,39,0,39
22729,C,39,0,39
22730,C,39,0,39
22731,T,38,0,38
22732,A,39,0,39
22733,T,39,0,39
22734,T,39,0,39
22735,A,39,0,39
22736,C,38,0,38
22737,A,38,0,38
22738,G,38,0,38
22739,C,40,0,40
22740,A,44,0,44
22741,T,44,0,44
22742,T,45,0,45
22743,G,45,0,45
22744,A,45,0,45
22745,T,45,0,45
22746,T,45,0,45
22747,G,45,0,45
22748,A,45,0,45
22749,T,45,0,45
22750,G,45,0,45
22751,C,45,0,45
22752,A,44,0,44
22753,G,45,0,45
22754,A,45,0,45
22755,A,45,0,45
22756,A,45,0,45
22757,G,46,0,46
22758,A,46,0,46
22759,C,46,0,46
22760,G,47,0,47
22761,G,47,0,47
22762,T,47,0,47
22763,T,47,0,47
22764,T,48,0,48
22765,T,49,0,49
22766,A,50,0,50
22767,T,50,0,50
22768,T,49,0,49
22769,T,50,0,50
22770,T,50,0,50
22771,A,50,0,50
22772,A,50,0,50
22773,G,51,0,51
22774,C,53,0,53
22775,A,54,0,54
22776,A,54,0,54
22777,A,54,0,54
22778,G,54,0,54
22779,T,52,0,52
22780,G,52,0,52
22781,A,52,0,52
22782,A,53,0,53
22783,G,54,0,54
22784,T,54,0,54
22785,G,55,0,55
22786,C,56,0,56
22787,A,56,0,56
22788,T,57,0,57
22789,T,58,0,58
22790,A,58,0,58
22791,T,58,0,58
22792,G,58,0,58
22793,A,59,0,59
22794,G,59,0,59
22795,A,59,0,59
22796,C,59,0,59
22797,G,57,0,57
22798,G,56,0,56
22799,A,56,0,56
22800,A,55,0,55
22801,T,55,0,55
22802,A,55,0,55
22803,T,55,0,55
22804,G,55,0,55
22805,C,55,0,55
22806,T,55,0,55
22807,T,55,0,55
22808,T,55,0,55
22809,G,55,0,55
22810,T,55,0,55
22811,T,57,0,57
22812,A,58,0,58
22813,A,59,0,59
22814,T,58,0,58
22815,G,58,0,58
22816,C,58,0,58
22817,A,60,0,60
22818,A,59,0,59
22819,T,59,0,59
22820,A,60,0,60
22821,T,60,0,60
22822,C,60,0,60
22823,T,60,0,60
22824,A,59,0,59
22825,C,58,0,58
22826,C,58,0,58
22827,A,58,0,58
22828,C,57,0,57
22829,C,57,0,57
22830,T,57,0,57
22831,A,59,0,59
22832,C,62,0,62
22833,T,62,0,62
22834,C,61,0,61
22835,G,61,0,61
22836,A,61,0,61
22837,A,58,0,58
22838,A,59,0,59
22839,A,60,0,60
22840,T,60,0,60
22841,C,61,0,61
22842,A,61,0,61
22843,T,61,0,61
22844,C,61,0,61
22845,A,60,0,60
22846,A,59,0,59
22847,A,59,0,59
22848,G,59,0,59
22849,T,59,0,59
22850,T,59,0,59
22851,A,59,0,59
22852,G,60,0,60
22853,G,60,0,60
22854,G,59,0,59
22855,G,59,0,59
22856,A,58,0,58
22857,A,58,0,58
22858,A,58,0,58
22859,T,58,0,58
22860,T,58,0,58
22861,G,59,0,59
22862,T,59,0,59
22863,A,59,0,59
22864,T,59,0,59
22865,A,59,0,59
22866,T,58,0,58
22867,G,58,0,58
22868,A,58,0,58
22869,A,60,0,60
22870,G,60,0,60
22871,A,60,0,60
22872,C,60,0,60
22873,G,61,0,61
22874,A,60,0,60
22875,T,60,0,60
22876,A,59,0,59
22877,C,59,0,59
22878,A,59,0,59
22879,G,59,0,59
22880,T,59,0,59
22881,T,60,0,60
22882,G,60,0,60
22883,A,60,0,60
22884,G,60,0,60
22885,T,59,0,59
22886,C,60,0,60
22887,A,60,0,60
22888,A,61,0,61
22889,C,61,0,61
22890,C,61,0,61
22891,A,58,0,58
22892,C,58,0,58
22893,A,57,0,57
22894,C,57,0,57
22895,C,57,0,57
22896,C,56,0,56
22897,G,56,0,56
22898,C,57,0,57
22899,T,58,0,58
22900,G,59,0,59
22901,A,58,0,58
22902,A,59,0,59
22903,C,58,0,58
22904,G,58,0,58
22905,T,58,0,58
22906,T,58,0,58
22907,T,58,0,58
22908,A,57,0,57
22909,C,57,0,57
22910,T,57,0,57
22911,T,57,0,57
22912,G,56,0,56
22913,A,56,0,56
22914,T,56,0,56
22915,G,55,0,55
22916,A,55,0,55
22917,A,54,0,54
22918,T,54,0,54
22919,T,54,0,54
22920,T,53,0,53
22921,A,53,0,53
22922,A,51,0,51
22923,A,53,0,53
22924,A,53,0,53
22925,A,51,0,51
22926,G,50,0,50
22927,A,50,0,50
22928,A,50,0,50
22929,A,50,0,50
22930,A,50,0,50
22931,T,50,0,50
22932,A,50,0,50
22933,G,46,0,46
22934,A,46,0,46
22935,T,46,0,46
22936,G,45,0,45
22937,A,44,0,44
22938,T,46,0,46
22939,T,45,0,45
22940,T,45,0,45
22941,T,44,0,44
22942,T,44,0,44
22943,A,45,0,45
22944,T,45,0,45
22945,A,45,0,45
22946,T,45,0,45
22947,T,45,0,45
22948,G,45,0,45
22949,G,45,0,45
22950,G,45,0,45
22951,A,45,0,45
22952,T,45,0,45
22953,T,45,0,45
22954,G,46,0,46
22955,G,46,0,46
22956,T,46,0,46
22957,G,47,0,47
22958,A,47,0,47
22959,T,47,0,47
22960,C,47,0,47
22961,T,48,0,48
22962,G,47,0,47
22963,C,46,0,46
22964,T,45,0,45
22965,T,45,0,45
22966,A,48,0,48
22967,A,46,0,46
22968,A,45,0,45
22969,A,46,0,46
22970,T,46,0,46
22971,G,44,0,44
22972,C,45,0,45
22973,A,45,0,45
22974,G,45,0,45
22975,A,45,0,45
22976,G,46,0,46
22977,G,46,0,46
22978,A,46,0,46
22979,T,47,0,47
22980,G,50,0,50
22981,A,50,0,50
22982,A,48,0,48
22983,A,48,0,48
22984,A,48,0,48
22985,C,48,0,48
22986,A,48,0,48
22987,A,47,0,47
22988,T,47,0,47
22989,C,45,0,45
22990,A,46,0,46
22991,C,47,0,47
22992,T,45,0,45
22993,A,46,0,46
22994,T,46,0,46
22995,T,47,0,47
22996,A,47,0,47
22997,A,49,0,49
22998,G,49,0,49
22999,A,49,0,49
23000,A,49,0,49
23001,T,49,0,49
23002,G,48,0,48
23003,G,48,0,48
23004,T,48,0,48
23005,G,47,0,47
23006,A,48,0,48
23007,T,48,0,48
23008,G,48,0,48
23009,A,48,0,48
23010,A,48,0,48
23011,G,48,0,48
23012,T,47,0,47
23013,C,49,0,49
23014,T,48,0,48
23015,A,48,0,48
23016,C,48,0,48
23017,G,48,0,48
23018,A,48,0,48
23019,C,48,0,48
23020,A,46,0,46
23021,G,46,0,46
23022,T,46,0,46
23023,G,46,0,46
23024,A,46,0,46
23025,C,45,0,45
23026,C,44,0,44
23027,A,44,0,44
23028,A,44,0,44
23029,C,45,0,45
23030,T,45,0,45
23031,T,47,0,47
23032,G,47,0,47
23033,T,47,0,47
23034,T,46,0,46
23035,A,46,0,46
23036,A,46,0,46
23037,T,45,0,45
23038,T,45,0,45
23039,A,44,0,44
23040,T,44,0,44
23041,T,43,0,43
23042,T,43,0,43
23043,A,43,0,43
23044,C,43,0,43
23045,A,44,0,44
23046,T,44,0,44
23047,T,44,0,44
23048,A,44,0,44
23049,T,45,0,45
23050,G,44,0,44
23051,C,43,0,43
23052,G,43,0,43
23053,A,42,0,42
23054,T,42,0,42
23055,T,44,0,44
23056,A,45,0,45
23057,A,45,0,45
23058,T,45,0,45
23059,G,45,0,45
23060,G,45,0,45
23061,T,45,0,45
23062,G,46,0,46
23063,A,46,0,46
23064,A,46,0,46
23065,G,46,0,46
23066,C,46,0,46
23067,G,44,0,44
23068,A,44,0,44
23069,T,44,0,44
23070,T,45,0,45
23071,G,45,0,45
23072,C,45,0,45
23073,T,46,0,46
23074,C,45,0,45
23075,T,46,0,46
23076,T,46,0,46
23077,C,47,0,47
23078,G,47,0,47
23079,A,47,0,47
23080,A,47,0,47
23081,T,47,0,47
23082,A,47,0,47
23083,C,47,0,47
23084,C,47,0,47
23085,A,46,0,46
23086,G,46,0,46
23087,A,46,0,46
23088,T,46,0,46
23089,T,44,0,44
23090,G,46,0,46
23091,T,46,0,46
23092,C,46,0,46
23093,C,47,0,47
23094,A,47,0,47
23095,A,47,0,47
23096,T,47,0,47
23097,G,47,0,47
23098,T,48,0,48
23099,A,50,0,50
23100,T,50,0,50
23101,T,50,0,50
23102,T,50,0,50
23103,A,51,0,51
23104,G,51,0,51
23105,A,50,0,50
23106,T,50,0,50
23107,T,50,0,50
23108,C,49,0,49
23109,A,50,0,50
23110,T,50,0,50
23111,G,52,0,52
23112,G,51,0,51
23113,C,47,0,47
23114,T,47,0,47
23115,T,47,0,47
23116,G,47,0,47
23117,G,47,0,47
23118,T,48,0,48
23119,T,47,0,47
23120,A,46,0,46
23121,T,46,0,46
23122,A,46,0,46
23123,C,46,0,46
23124,T,46,0,46
23125,G,46,0,46
23126,A,46,0,46
23127,T,47,0,47
23128,T,47,0,47
23129,T,46,0,46
23130,G,45,0,45
23131,T,42,0,42
23132,G,42,0,42
23133,G,41,0,41
23134,C,42,0,42
23135,C,42,0,42
23136,T,43,0,43
23137,G,43,0,43
23138,G,43,0,43
23139,A,43,0,43
23140,G,43,0,43
23141,A,42,0,42
23142,T,43,0,43
23143,A,43,0,43
23144,T,42,0,42
23145,T,43,0,43
23146,C,42,0,42
23147,C,43,0,43
23148,A,41,0,41
23149,C,41,0,41
23150,G,41,0,41
23151,A,41,0,41
23152,C,41,0,41
23153,T,41,0,41
23154,T,41,0,41
23155,G,41,0,41
23156,G,41,0,41
23157,G,41,0,41
23158,G,42,0,42
23159,A,42,0,42
23160,T,42,0,42
23161,A,42,0,42
23162,A,42,0,42
23163,A,42,0,42
23164,T,40,0,40
23165,T,40,0,40
23166,T,40,0,40
23167,A,40,0,40
23168,T,40,0,40
23169,T,40,0,40
23170,T,40,0,40
23171,C,42,0,42
23172,C,42,0,42
23173,T,43,0,43
23174,G,43,0,43
23175,T,43,0,43
23176,A,43,0,43
23177,T,43,0,43
23178,T,43,0,43
23179,T,43,0,43
23180,C,42,0,42
23181,A,42,0,42
23182,A,40,0,40
23183,T,40,0,40
23184,T,40,0,40
23185,G,40,0,40
23186,A,40,0,40
23187,C,40,0,40
23188,G,40,0,40
23189,G,41,0,41
23190,T,43,0,43
23191,T,43,0,43
23192,T,43,0,43
23193,T,42,0,42
23194,C,42,0,42
23195,C,42,0,42
23196,A,42,0,42
23197,A,42,0,42
23198,C,42,0,42
23199,A,42,0,42
23200,G,41,0,41
23201,C,40,0,40
23202,T,40,0,40
23203,A,40,0,40
23204,G,40,0,40
23205,T,40,0,40
23206,T,40,0,40
23207,A,39,0,39
23208,T,39,0,39
23209,C,40,0,40
23210,C,39,0,39
23211,T,39,0,39
23212,G,39,0,39
23213,G,38,0,38
23214,A,38,0,38
23215,A,38,0,38
23216,T,38,0,38
23217,A,38,0,38
23218,T,38,0,38
23219,T,38,0,38
23220,A,38,0,38
23221,G,37,0,37
23222,A,37,0,37
23223,C,38,0,38
23224,A,39,0,39
23225,T,38,0,38
23226,T,37,0,37
23227,C,37,0,37
23228,T,36,0,36
23229,T,36,0,36
23230,G,36,0,36
23231,A,36,0,36
23232,T,36,0,36
23233,G,36,0,36
23234,G,35,0,35
23235,T,37,0,37
23236,T,37,0,37
23237,T,38,0,38
23238,T,38,0,38
23239,C,38,0,38
23240,C,38,0,38
23241,T,37,0,37
23242,T,37,0,37
23243,T,37,0,37
23244,A,36,0,36
23245,C,35,0,35
23246,A,36,0,36
23247,T,36,0,36
23248,T,36,0,36
23249,A,36,0,36
23250,T,34,0,34
23251,A,34,0,34
23252,G,34,0,34
23253,A,34,0,34
23254,T,33,0,33
23255,G,33,0,33
23256,G,33,0,33
23257,T,33,0,33
23258,C,33,0,33
23259,A,33,0,33
23260,A,33,0,33
23261,G,33,0,33
23262,T,32,0,32
23263,C,32,0,32
23264,G,32,0,32
23265,T,32,0,32
23266,T,32,0,32
23267,T,32,0,32
23268,T,31,0,31
23269,A,30,0,30
23270,T,30,0,30
23271,A,31,0,31
23272,T,31,0,31
23273,T,31,0,31
23274,T,30,0,30
23275,A,30,0,30
23276,T,30,0,30
23277,G,31,0,31
23278,G,30,0,30
23279,A,30,0,30
23280,C,30,0,30
23281,C,30,0,30
23282,A,30,0,30
23283,G,30,0,30
23284,C,32,0,32
23285,A,32,0,32
23286,T,32,0,32
23287,G,31,0,31
23288,A,31,0,31
23289,A,30,0,30
23290,G,30,0,30
23291,C,30,0,30
23292,T,30,0,30
23293,G,30,0,30
23294,T,30,0,30
23295,T,30,0,30
23296,G,29,0,29
23297,C,29,0,29
23298,T,29,0,29
23299,G,29,0,29
23300,C,29,0,29
23301,A,29,0,29
23302,T,29,0,29
23303,T,29,0,29
23304,A,29,0,29
23305,A,29,0,29
23306,A,29,0,29
23307,T,29,0,29
23308,A,28,0,28
23309,A,27,0,27
23310,A,27,0,27
23311,T,27,0,27
23312,A,27,0,27
23313,T,26,0,26
23314,A,27,0,27
23315,G,27,0,27
23316,A,28,0,28
23317,T,28,0,28
23318,T,28,0,28
23319,A,28,0,28
23320,A,29,0,29
23321,A,29,0,29
23322,A,27,0,27
23323,T,26,0,26
23324,G,25,0,25
23325,G,25,0,25
23326,C,26,0,26
23327,A,27,0,27
23328,A,28,0,28
23329,C,28,0,28
23330,A,29,0,29
23331,A,29,0,29
23332,A,29,0,29
23333,A,29,0,29
23334,A,29,0,29
23335,G,29,0,29
23336,T,30,0,30
23337,G,30,0,30
23338,A,30,0,30
23339,G,30,0,30
23340,G,28,0,28
23341,G,27,0,27
23342,G,27,0,27
23343,A,27,0,27
23344,T,27,0,27
23345,T,28,0,28
23346,C,29,0,29
23347,T,29,0,29
23348,T,29,0,29
23349,T,31,0,31
23350,T,31,0,31
23351,C,31,0,31
23352,G,31,0,31
23353,C,31,0,31
23354,A,31,0,31
23355,G,31,0,31
23356,G,31,0,31
23357,T,30,0,30
23358,T,30,0,30
23359,T,30,0,30
23360,T,30,0,30
23361,T,30,0,30
23362,A,30,0,30
23363,A,30,0,30
23364,A,30,0,30
23365,A,30,0,30
23366,C,30,0,30
23367,C,30,0,30
23368,A,29,0,29
23369,A,29,0,29
23370,T,30,0,30
23371,A,30,0,30
23372,A,29,0,29
23373,A,30,0,30
23374,G,31,0,31
23375,G,30,0,30
23376,G,30,0,30
23377,A,29,0,29
23378,C,30,0,30
23379,T,30,0,30
23380,A,30,0,30
23381,T,30,0,30
23382,T,31,0,31
23383,A,30,0,30
23384,A,29,0,29
23385,T,30,0,30
23386,A,29,0,29
23387,C,29,0,29
23388,T,29,0,29
23389,G,29,0,29
23390,A,29,0,29
23391,T,29,0,29
23392,G,29,0,29
23393,C,29,0,29
23394,T,29,0,29
23395,T,30,0,30
23396,T,30,0,30
23397,G,32,0,32
23398,T,32,0,32
23399,T,33,0,33
23400,G,33,0,33
23401,A,33,0,33
23402,T,33,0,33
23403,G,34,0,34
23404,G,34,0,34
23405,C,35,0,35
23406,A,35,0,35
23407,C,35,0,35
23408,A,36,0,36
23409,A,36,0,36
23410,C,36,0,36
23411,A,36,0,36
23412,A,37,0,37
23413,G,36,0,36
23414,C,36,0,36
23415,T,36,0,36
23416,G,36,0,36
23417,A,36,0,36
23418,A,35,0,35
23419,A,35,0,35
23420,C,35,0,35
23421,A,33,0,33
23422,G,33,0,33
23423,C,33,0,33
23424,A,33,0,33
23425,A,33,0,33
23426,T,33,0,33
23427,G,33,0,33
23428,A,33,0,33
23429,A,33,0,33
23430,C,33,0,33
23431,G,34,0,34
23432,A,34,0,34
23433,A,34,0,34
23434,G,34,0,34
23435,C,32,0,32
23436,T,32,0,32
23437,C,31,0,31
23438,G,32,0,32
23439,T,32,0,32
23440,T,32,0,32
23441,C,32,0,32
23442,G,33,0,33
23443,G,33,0,33
23444,G,33,0,33
23445,G,33,0,33
23446,A,33,0,33
23447,T,33,0,33
23448,T,33,0,33
23449,G,33,0,33
23450,T,33,0,33
23451,T,33,0,33
23452,G,33,0,33
23453,C,33,0,33
23454,T,33,0,33
23455,T,33,0,33
23456,A,34,0,34
23457,C,34,0,34
23458,G,34,0,34
23459,G,35,0,35
23460,T,35,0,35
23461,T,35,0,35
23462,A,36,0,36
23463,T,36,0,36
23464,T,36,0,36
23465,A,38,0,38
23466,T,38,0,38
23467,T,40,0,40
23468,C,40,0,40
23469,A,40,0,40
23470,C,40,0,40
23471,C,40,0,40
23472,A,40,0,40
23473,A,41,0,41
23474,C,42,0,42
23475,A,43,0,43
23476,A,43,0,43
23477,T,43,0,43
23478,T,43,0,43
23479,G,42,0,42
23480,T,41,0,41
23481,T,42,0,42
23482,T,43,0,43
23483,T,43,0,43
23484,A,44,0,44
23485,A,44,0,44
23486,T,45,0,45
23487,G,44,0,44
23488,C,44,0,44
23489,A,44,0,44
23490,T,44,0,44
23491,G,44,0,44
23492,A,45,0,45
23493,A,45,0,45
23494,G,45,0,45
23495,A,45,0,45
23496,C,44,0,44
23497,C,42,0,42
23498,G,43,0,43
23499,T,42,0,42
23500,G,42,0,42
23501,A,42,0,42
23502,G,41,0,41
23503,G,40,0,40
23504,T,40,0,40
23505,T,40,0,40
23506,T,40,0,40
23507,T,41,0,41
23508,A,43,0,43
23509,G,43,0,43
23510,C,43,0,43
23511,A,44,0,44
23512,G,44,0,44
23513,A,44,0,44
23514,A,44,0,44
23515,A,44,0,44
23516,A,44,0,44
23517,T,45,0,45
23518,G,46,0,46
23519,C,47,0,47
23520,T,47,0,47
23521,A,47,0,47
23522,G,49,0,49
23523,G,48,0,48
23524,T,46,0,46
23525,T,46,0,46
23526,A,46,0,46
23527,A,48,0,48
23528,T,48,0,48
23529,T,47,0,47
23530,A,47,0,47
23531,A,47,0,47
23532,A,47,0,47
23533,C,47,0,47
23534,G,47,0,47
23535,C,48,0,48
23536,G,47,0,47
23537,A,47,0,47
23538,A,48,0,48
23539,A,48,0,48
23540,T,48,0,48
23541,T,48,0,48
23542,G,48,0,48
23543,A,48,0,48
23544,A,49,0,49
23545,C,49,0,49
23546,A,48,0,48
23547,T,47,0,47
23548,A,45,0,45
23549,A,46,0,46
23550,A,46,0,46
23551,G,46,0,46
23552,G,45,0,45
23553,T,45,0,45
23554,T,44,0,44
23555,T,44,0,44
23556,T,45,0,45
23557,G,45,0,45
23558,C,45,0,45
23559,T,45,0,45
23560,G,47,0,47
23561,C,47,0,47
23562,T,46,0,46
23563,C,46,0,46
23564,G,47,0,47
23565,T,48,0,48
23566,A,50,0,50
23567,T,50,0,50
23568,T,50,0,50
23569,G,50,0,50
23570,A,50,0,50
23571,A,50,0,50
23572,A,50,0,50
23573,C,50,0,50
23574,A,51,0,51
23575,G,51,0,51
23576,T,51,0,51
23577,C,51,0,51
23578,A,51,0,51
23579,A,50,0,50
23580,T,51,0,51
23581,A,51,0,51
23582,C,50,0,50
23583,A,49,0,49
23584,A,49,0,49
23585,T,49,0,49
23586,G,49,0,49
23587,G,49,0,49
23588,A,49,0,49
23589,A,49,0,49
23590,G,50,0,50
23591,C,50,0,50
23592,G,51,0,51
23593,T,52,0,52
23594,G,52,0,52
23595,G,52,0,52
23596,T,53,0,53
23597,T,53,0,53
23598,A,53,0,53
23599,G,53,0,53
23600,G,54,0,54
23601,G,54,0,54
23602,A,54,0,54
23603,C,55,0,55
23604,A,55,0,55
23605,A,55,0,55
23606,T,55,0,55
23607,T,54,0,54
23608,G,53,0,53
23609,C,54,0,54
23610,T,52,0,52
23611,G,56,0,56
23612,G,56,0,56
23613,C,57,0,57
23614,C,56,0,56
23615,A,57,0,57
23616,A,56,0,56
23617,A,56,0,56
23618,C,54,0,54
23619,T,54,0,54
23620,T,52,0,52
23621,A,52,0,52
23622,T,52,0,52
23623,C,52,0,52
23624,C,50,0,50
23625,A,49,0,49
23626,A,49,0,49
23627,A,50,0,50
23628,T,50,0,50
23629,A,49,0,49
23630,T,49,0,49
23631,T,49,0,49
23632,A,48,0,48
23633,G,48,0,48
23634,A,48,0,48
23635,C,49,0,49
23636,G,48,0,48
23637,T,48,0,48
23638,C,49,0,49
23639,C,49,0,49
23640,A,49,0,49
23641,T,49,0,49
23642,T,49,0,49
23643,G,48,0,48
23644,A,48,0,48
23645,T,48,0,48
23646,T,48,0,48
23647,A,48,0,48
23648,A,47,0,47
23649,T,46,0,46
23650,A,47,0,47
23651,C,47,0,47
23652,T,47,0,47
23653,C,47,0,47
23654,A,49,0,49
23655,A,50,0,50
23656,A,50,0,50
23657,A,50,0,50
23658,C,51,0,51
23659,C,48,0,48
23660,T,48,0,48
23661,T,49,0,49
23662,G,48,0,48
23663,C,48,0,48
23664,T,48,0,48
23665,G,48,0,48
23666,A,48,0,48
23667,T,47,0,47
23668,A,46,0,46
23669,T,47,0,47
23670,G,47,0,47
23671,T,47,0,47
23672,T,46,0,46
23673,A,45,0,45
23674,C,45,0,45
23675,C,45,0,45
23676,T,45,0,45
23677,C,45,0,45
23678,T,44,0,44
23679,T,44,0,44
23680,T,44,0,44
23681,C,45,0,45
23682,A,44,0,44
23683,A,44,0,44
23684,G,44,0,44
23685,T,42,0,42
23686,G,41,0,41
23687,T,42,0,42
23688,A,42,0,42
23689,T,42,0,42
23690,G,43,0,43
23691,G,43,0,43
23692,C,43,0,43
23693,C,43,0,43
23694,A,43,0,43
23695,G,43,0,43
23696,G,43,0,43
23697,T,44,0,44
23698,T,44,0,44
23699,T,44,0,44
23700,A,44,0,44
23701,C,44,0,44
23702,A,43,0,43
23703,A,43,0,43
23704,A,44,0,44
23705,T,44,0,44
23706,T,45,0,45
23707,A,43,0,43
23708,A,42,0,42
23709,T,42,0,42
23710,C,41,0,41
23711,C,39,0,39
23712,T,39,0,39
23713,T,40,0,40
23714,G,41,0,41
23715,T,40,0,40
23716,C,40,0,40
23717,C,38,0,38
23718,T,38,0,38
23719,C,38,0,38
23720,T,38,0,38
23721,C,38,0,38
23722,T,38,0,38
23723,A,38,0,38
23724,T,38,0,38
23725,C,38,0,38
23726,C,39,0,39
23727,T,40,0,40
23728,G,40,0,40
23729,A,40,0,40
23730,T,41,0,41
23731,A,40,0,40
23732,A,40,0,40
23733,T,40,0,40
23734,T,39,0,39
23735,C,39,0,39
23736,T,37,0,37
23737,C,37,0,37
23738,C,37,0,37
23739,T,37,0,37
23740,G,38,0,38
23741,C,37,0,37
23742,T,37,0,37
23743,T,37,0,37
23744,T,37,0,37
23745,A,37,0,37
23746,T,37,0,37
23747,C,36,0,36
23748,T,36,0,36
23749,C,36,0,36
23750,A,36,0,36
23751,A,36,0,36
23752,G,36,0,36
23753,T,36,0,36
23754,A,35,0,35
23755,G,35,0,35
23756,T,35,0,35
23757,A,36,0,36
23758,A,35,0,35
23759,C,35,0,35
23760,A,36,0,36
23761,A,37,0,37
23762,C,33,0,33
23763,A,33,0,33
23764,G,31,0,31
23765,G,31,0,31
23766,T,30,0,30
23767,G,31,0,31
23768,C,31,0,31
23769,A,31,0,31
23770,A,30,0,30
23771,C,31,0,31
23772,G,31,0,31
23773,C,32,0,32
23774,C,32,0,32
23775,C,32,0,32
23776,T,32,0,32
23777,T,32,0,32
23778,T,31,0,31
23779,C,31,0,31
23780,G,32,0,32
23781,G,33,0,33
23782,G,33,0,33
23783,T,34,0,34
23784,T,34,0,34
23785,A,34,0,34
23786,A,32,0,32
23787,C,32,0,32
23788,T,32,0,32
23789,T,31,0,31
23790,A,31,0,31
23791,C,31,0,31
23792,A,31,0,31
23793,T,31,0,31
23794,G,29,0,29
23795,T,29,0,29
23796,T,29,0,29
23797,G,29,0,29
23798,A,29,0,29
23799,T,29,0,29
23800,G,28,0,28
23801,A,27,0,27
23802,T,27,0,27
23803,G,28,0,28
23804,T,28,0,28
23805,T,27,0,27
23806,G,27,0,27
23807,G,28,0,28
23808,C,29,0,29
23809,C,30,0,30
23810,A,30,0,30
23811,C,30,0,30
23812,A,29,0,29
23813,C,29,0,29
23814,A,29,0,29
23815,C,31,0,31
23816,T,31,0,31
23817,T,31,0,31
23818,G,31,0,31
23819,T,31,0,31
23820,A,30,0,30
23821,T,30,0,30
23822,T,30,0,30
23823,T,30,0,30
23824,G,29,0,29
23825,G,29,0,29
23826,C,29,0,29
23827,C,29,0,29
23828,C,28,0,28
23829,A,29,0,29
23830,A,29,0,29
23831,C,29,0,29
23832,C,28,0,28
23833,G,28,0,28
23834,G,28,0,28
23835,A,28,0,28
23836,G,28,0,28
23837,C,29,0,29
23838,T,28,0,28
23839,G,29,0,29
23840,G,29,0,29
23841,A,29,0,29
23842,A,29,0,29
23843,A,29,0,29
23844,A,30,0,30
23845,T,30,0,30
23846,C,30,0,30
23847,A,30,0,30
23848,A,29,0,29
23849,C,29,0,29
23850,A,29,0,29
23851,C,29,0,29
23852,T,29,0,29
23853,T,29,0,29
23854,T,29,0,29
23855,T,28,0,28
23856,A,29,0,29
23857,G,32,0,32
23858,C,32,0,32
23859,G,32,0,32
23860,T,32,0,32
23861,T,32,0,32
23862,T,32,0,32
23863,C,33,0,33
23864,T,32,0,32
23865,A,32,0,32
23866,T,32,0,32
23867,T,32,0,32
23868,A,32,0,32
23869,G,32,0,32
23870,C,32,0,32
23871,G,31,0,31
23872,C,31,0,31
23873,A,31,0,31
23874,A,31,0,31
23875,G,31,0,31
23876,C,31,0,31
23877,G,31,0,31
23878,C,30,0,30
23879,G,30,0,30
23880,T,30,0,30
23881,A,29,0,29
23882,G,30,0,30
23883,A,30,0,30
23884,T,31,0,31
23885,A,31,0,31
23886,T,32,0,32
23887,T,32,0,32
23888,G,32,0,32
23889,G,32,0,32
23890,T,32,0,32
23891,C,31,0,31
23892,A,31,0,31
23893,A,31,0,31
23894,G,31,0,31
23895,G,30,0,30
23896,G,30,0,30
23897,C,30,0,30
23898,A,30,0,30
23899,A,30,0,30
23900,C,29,0,29
23901,A,29,0,29
23902,G,30,0,30
23903,A,31,0,31
23904,T,31,0,31
23905,A,31,0,31
23906,A,33,0,33
23907,A,34,0,34
23908,G,33,0,33
23909,A,33,0,33
23910,T,34,0,34
23911,G,34,0,34
23912,G,34,0,34
23913,T,34,0,34
23914,A,34,0,34
23915,A,34,0,34
23916,G,34,0,34
23917,C,34,0,34
23918,A,33,0,33
23919,T,34,0,34
23920,T,33,0,33
23921,T,33,0,33
23922,A,32,0,32
23923,C,32,0,32
23924,C,31,0,31
23925,T,31,0,31
23926,G,33,0,33
23927,C,33,0,33
23928,T,33,0,33
23929,A,33,0,33
23930,A,33,0,33
23931,T,32,0,32
23932,A,33,0,33
23933,T,33,0,33
23934,T,33,0,33
23935,A,33,0,33
23936,C,33,0,33
23937,T,33,0,33
23938,G,33,0,33
23939,C,33,0,33
23940,T,33,0,33
23941,T,33,0,33
23942,T,33,0,33
23943,T,34,0,34
23944,G,35,0,35
23945,A,35,0,35
23946,T,35,0,35
23947,A,35,0,35
23948,A,35,0,35
23949,A,35,0,35
23950,G,35,0,35
23951,G,35,0,35
23952,T,35,0,35
23953,C,34,0,34
23954,G,32,0,32
23955,T,32,0,32
23956,T,32,0,32
23957,C,33,0,33
23958,A,33,0,33
23959,T,32,0,32
23960,T,31,0,31
23961,A,31,0,31
23962,T,31,0,31
23963,A,31,0,31
23964,T,31,0,31
23965,G,31,0,31
23966,C,31,0,31
23967,A,31,0,31
23968,T,31,0,31
23969,T,32,0,32
23970,G,32,0,32
23971,T,32,0,32
23972,G,33,0,33
23973,T,33,0,33
23974,T,32,0,32
23975,A,32,0,32
23976,T,32,0,32
23977,G,32,0,32
23978,C,33,0,33
23979,T,33,0,33
23980,A,33,0,33
23981,T,33,0,33
23982,A,33,0,33
23983,G,33,0,33
23984,A,33,0,33
23985,T,33,0,33
23986,G,33,0,33
23987,G,33,0,33
23988,A,32,0,32
23989,C,32,0,32
23990,G,31,0,31
23991,T,31,0,31
23992,C,30,0,30
23993,A,30,0,30
23994,T,31,0,31
23995,T,30,0,30
23996,A,30,0,30
23997,T,30,0,30
23998,G,30,0,30
23999,A,30,0,30
24000,T,31,0,31
24001,A,31,0,31
24002,T,31,0,31
24003,T,31,0,31
24004,G,31,0,31
24005,G,32,0,32
24006,T,32,0,32
24007,G,31,0,31
24008,A,27,0,27
24009,T,27,0,27
24010,A,27,0,27
24011,G,27,0,27
24012,T,27,0,27
24013,G,27,0,27
24014,A,26,0,26
24015,T,27,0,27
24016,A,26,0,26
24017,G,26,0,26
24018,T,26,0,26
24019,G,26,0,26
24020,C,27,0,27
24021,T,27,0,27
24022,G,27,0,27
24023,T,27,0,27
24024,C,28,0,28
24025,G,28,0,28
24026,G,29,0,29
24027,T,29,0,29
24028,G,29,0,29
24029,C,29,0,29
24030,T,29,0,29
24031,C,29,0,29
24032,T,29,0,29
24033,T,28,0,28
24034,A,28,0,28
24035,T,27,0,27
24036,G,27,0,27
24037,C,26,0,26
24038,C,26,0,26
24039,T,26,0,26
24040,C,26,0,26
24041,T,26,0,26
24042,T,26,0,26
24043,G,26,0,26
24044,C,26,0,26
24045,A,26,0,26
24046,G,26,0,26
24047,A,26,0,26
24048,C,27,0,27
24049,A,26,0,26
24050,T,26,0,26
24051,T,26,0,26
24052,G,26,0,26
24053,A,25,0,25
24054,T,25,0,25
24055,A,26,0,26
24056,C,26,0,26
24057,A,26,0,26
24058,G,26,0,26
24059,A,26,0,26
24060,A,26,0,26
24061,G,27,0,27
24062,C,27,0,27
24063,C,27,0,27
24064,G,27,0,27
24065,A,27,0,27
24066,T,28,0,28
24067,A,27,0,27
24068,A,27,0,27
24069,T,27,0,27
24070,C,27,0,27
24071,T,27,0,27
24072,T,26,0,26
24073,T,26,0,26
24074,G,26,0,26
24075,G,27,0,27
24076,G,28,0,28
24077,C,28,0,28
24078,G,29,0,29
24079,C,29,0,29
24080,A,29,0,29
24081,A,29,0,29
24082,G,29,0,29
24083,A,28,0,28
24084,A,28,0,28
24085,T,28,0,28
24086,G,28,0,28
24087,G,28,0,28
24088,A,28,0,28
24089,T,28,0,28
24090,T,28,0,28
24091,G,29,0,29
24092,C,30,0,30
24093,T,30,0,30
24094,G,29,0,29
24095,T,28,0,28
24096,T,28,0,28
24097,T,28,0,28
24098,G,28,0,28
24099,C,28,0,28
24100,T,28,0,28
24101,A,29,0,29
24102,T,29,0,29
24103,G,30,0,30
24104,A,29,0,29
24105,A,30,0,30
24106,T,30,0,30
24107,T,31,0,31
24108,G,30,0,30
24109,C,30,0,30
24110,A,31,0,31
24111,G,31,0,31
24112,A,31,0,31
24113,C,31,0,31
24114,G,31,0,31
24115,G,31,0,31
24116,G,31,0,31
24117,G,31,0,31
24118,C,31,0,31
24119,A,31,0,31
24120,A,32,0,32
24121,G,32,0,32
24122,C,31,0,31
24123,G,30,0,30
24124,C,30,0,30
24125,C,30,0,30
24126,G,31,0,31
24127,T,31,0,31
24128,C,32,0,32
24129,T,32,0,32
24130,C,33,0,33
24131,C,33,0,33
24132,T,33,0,33
24133,C,33,0,33
24134,A,33,0,33
24135,G,33,0,33
24136,C,33,0,33
24137,A,33,0,33
24138,A,33,0,33
24139,A,34,0,34
24140,A,34,0,34
24141,A,36,0,36
24142,A,38,0,38
24143,T,38,0,38
24144,G,39,0,39
24145,G,38,0,38
24146,A,39,0,39
24147,A,39,0,39
24148,A,40,0,40
24149,T,40,0,40
24150,T,40,0,40
24151,C,39,0,39
24152,A,40,0,40
24153,T,40,0,40
24154,C,40,0,40
24155,G,41,0,41
24156,T,42,0,42
24157,G,42,0,42
24158,C,42,0,42
24159,A,42,0,42
24160,A,42,0,42
24161,T,43,0,43
24162,G,43,0,43
24163,A,42,0,42
24164,A,42,0,42
24165,G,42,0,42
24166,C,42,0,42
24167,A,42,0,42
24168,G,42,0,42
24169,A,43,0,43
24170,T,45,0,45
24171,G,44,0,44
24172,A,43,0,43
24173,G,43,0,43
24174,T,43,0,43
24175,A,43,0,43
24176,A,43,0,43
24177,A,43,0,43
24178,A,44,0,44
24179,C,44,0,44
24180,C,44,0,44
24181,C,46,0,46
24182,C,46,0,46
24183,T,46,0,46
24184,A,47,0,47
24185,A,47,0,47
24186,G,47,0,47
24187,A,47,0,47
24188,A,47,0,47
24189,T,47,0,47
24190,A,47,0,47
24191,T,47,0,47
24192,G,47,0,47
24193,C,45,0,45
24194,G,46,0,46
24195,T,46,0,46
24196,T,46,0,46
24197,C,46,0,46
24198,A,46,0,46
24199,C,46,0,46
24200,T,47,0,47
24201,C,49,0,49
24202,A,49,0,49
24203,G,49,0,49
24204,T,50,0,50
24205,A,49,0,49
24206,A,48,0,48
24207,T,48,0,48
24208,T,48,0,48
24209,T,48,0,48
24210,T,48,0,48
24211,G,48,0,48
24212,T,47,0,47
24213,T,46,0,46
24214,A,46,0,46
24215,C,46,0,46
24216,G,46,0,46
24217,A,46,0,46
24218,C,46,0,46
24219,G,46,0,46
24220,A,46,0,46
24221,T,46,0,46
24222,T,47,0,47
24223,C,48,0,48
24224,A,49,0,49
24225,G,49,0,49
24226,A,48,0,48
24227,A,47,0,47
24228,C,47,0,47
24229,C,47,0,47
24230,A,48,0,48
24231,A,48,0,48
24232,G,48,0,48
24233,A,48,0,48
24234,A,49,0,49
24235,A,49,0,49
24236,T,49,0,49
24237,T,50,0,50
24238,C,51,0,51
24239,G,52,0,52
24240,T,54,0,54
24241,G,54,0,54
24242,A,53,0,53
24243,T,53,0,53
24244,G,53,0,53
24245,C,53,0,53
24246,A,55,0,55
24247,C,55,0,55
24248,T,55,0,55
24249,C,56,0,56
24250,G,56,0,56
24251,C,56,0,56
24252,A,55,0,55
24253,C,55,0,55
24254,A,55,0,55
24255,T,55,0,55
24256,T,55,0,55
24257,A,55,0,55
24258,T,56,0,56
24259,A,58,0,58
24260,C,58,0,58
24261,G,57,0,57
24262,A,57,0,57
24263,T,57,0,57
24264,T,57,0,57
24265,T,58,0,58
24266,C,58,0,58
24267,T,58,0,58
24268,G,60,0,60
24269,G,60,0,60
24270,T,60,0,60
24271,G,58,0,58
24272,C,58,0,58
24273,T,58,0,58
24274,A,59,0,59
24275,T,59,0,59
24276,G,59,0,59
24277,G,58,0,58
24278,G,58,0,58
24279,A,57,0,57
24280,C,57,0,57
24281,A,59,0,59
24282,T,59,0,59
24283,T,59,0,59
24284,T,59,0,59
24285,G,59,0,59
24286,T,59,0,59
24287,T,59,0,59
24288,A,60,0,60
24289,G,59,0,59
24290,A,58,0,58
24291,T,58,0,58
24292,G,56,0,56
24293,G,56,0,56
24294,T,56,0,56
24295,C,54,0,54
24296,A,54,0,54
24297,A,52,0,52
24298,G,52,0,52
24299,A,51,0,51
24300,A,51,0,51
24301,C,51,0,51
24302,A,51,0,51
24303,G,51,0,51
24304,T,51,0,51
24305,T,53,0,53
24306,T,52,0,52
24307,G,51,0,51
24308,A,51,0,51
24309,A,51,0,51
24310,G,51,0,51
24311,A,50,0,50
24312,T,49,0,49
24313,C,49,0,49
24314,A,49,0,49
24315,T,49,0,49
24316,A,50,0,50
24317,A,49,0,49
24318,T,49,0,49
24319,G,49,0,49
24320,A,49,0,49
24321,C,49,0,49
24322,T,49,0,49
24323,T,49,0,49
24324,T,49,0,49
24325,A,49,0,49
24326,T,49,0,49
24327,T,49,0,49
24328,G,50,0,50
24329,T,50,0,50
24330,C,51,0,51
24331,T,52,0,52
24332,A,50,0,50
24333,T,50,0,50
24334,G,50,0,50
24335,A,50,0,50
24336,A,49,0,49
24337,A,49,0,49
24338,T,49,0,49
24339,T,49,0,49
24340,G,49,0,49
24341,A,49,0,49
24342,T,50,0,50
24343,G,50,0,50
24344,A,50,0,50
24345,A,49,0,49
24346,C,49,0,49
24347,T,49,0,49
24348,C,48,0,48
24349,A,48,0,48
24350,T,49,0,49
24351,G,49,0,49
24352,A,46,0,46
24353,A,46,0,46
24354,G,46,0,46
24355,C,46,0,46
24356,T,46,0,46
24357,A,47,0,47
24358,G,47,0,47
24359,G,47,0,47
24360,T,46,0,46
24361,G,46,0,46
24362,A,46,0,46
24363,T,46,0,46
24364,A,46,0,46
24365,A,46,0,46
24366,A,48,0,48
24367,A,48,0,48
24368,A,48,0,48
24369,T,48,0,48
24370,G,49,0,49
24371,G,48,0,48
24372,T,49,0,49
24373,T,47,0,47
24374,T,46,0,46
24375,A,46,0,46
24376,C,44,0,44
24377,C,44,0,44
24378,T,43,0,43
24379,G,44,0,44
24380,T,43,0,43
24381,T,43,0,43
24382,T,44,0,44
24383,T,44,0,44
24384,G,44,0,44
24385,T,43,0,43
24386,T,43,0,43
24387,A,43,0,43
24388,T,42,0,42
24389,A,43,0,43
24390,T,42,0,42
24391,C,40,0,40
24392,T,42,0,42
24393,G,42,0,42
24394,T,42,0,42
24395,T,42,0,42
24396,T,42,0,42
24397,A,40,0,40
24398,G,41,0,41
24399,A,41,0,41
24400,C,40,0,40
24401,G,41,0,41
24402,T,41,0,41
24403,T,41,0,41
24404,T,42,0,42
24405,T,41,0,41
24406,G,40,0,40
24407,A,41,0,41
24408,A,42,0,42
24409,A,40,0,40
24410,G,38,0,38
24411,A,38,0,38
24412,A,39,0,39
24413,G,39,0,39
24414,C,40,0,40
24415,T,41,0,41
24416,T,40,0,40
24417,G,41,0,41
24418,A,41,0,41
24419,A,40,0,40
24420,A,40,0,40
24421,G,40,0,40
24422,G,40,0,40
24423,A,40,0,40
24424,C,40,0,40
24425,A,39,0,39
24426,A,41,0,41
24427,C,41,0,41
24428,C,41,0,41
24429,A,41,0,41
24430,T,42,0,42
24431,C,43,0,43
24432,T,41,0,41
24433,A,41,0,41
24434,T,41,0,41
24435,T,41,0,41
24436,C,42,0,42
24437,T,43,0,43
24438,T,44,0,44
24439,T,44,0,44
24440,C,44,0,44
24441,A,45,0,45
24442,C,48,0,48
24443,T,48,0,48
24444,T,47,0,47
24445,G,47,0,47
24446,A,47,0,47
24447,C,47,0,47
24448,G,49,0,49
24449,A,49,0,49
24450,A,49,0,49
24451,G,49,0,49
24452,C,49,0,49
24453,A,50,0,50
24454,T,50,0,50
24455,G,50,0,50
24456,G,47,0,47
24457,A,48,0,48
24458,T,48,0,48
24459,T,47,0,47
24460,A,47,0,47
24461,T,47,0,47
24462,G,47,0,47
24463,C,47,0,47
24464,T,47,0,47
24465,T,47,0,47
24466,G,47,0,47
24467,G,45,0,45
24468,A,45,0,45
24469,C,45,0,45
24470,A,47,0,47
24471,T,47,0,47
24472,C,47,0,47
24473,C,49,0,49
24474,T,48,0,48
24475,G,48,0,48
24476,T,48,0,48
24477,T,49,0,49
24478,T,49,0,49
24479,T,49,0,49
24480,T,49,0,49
24481,C,51,0,51
24482,G,51,0,51
24483,T,50,0,50
24484,G,53,0,53
24485,A,53,0,53
24486,A,51,0,51
24487,A,51,0,51
24488,A,51,0,51
24489,A,51,0,51
24490,A,52,0,52
24491,T,52,0,52
24492,T,52,0,52
24493,C,52,0,52
24494,G,54,0,54
24495,T,55,0,55
24496,G,55,0,55
24497,A,55,0,55
24498,A,55,0,55
24499,T,55,0,55
24500,G,55,0,55
24501,G,55,0,55
24502,T,54,0,54
24503,T,54,0,54
24504,A,54,0,54
24505,A,54,0,54
24506,A,54,0,54
24507,A,54,0,54
24508,G,53,0,53
24509,A,53,0,53
24510,A,53,0,53
24511,T,54,0,54
24512,T,53,0,53
24513,A,53,0,53
24514,A,53,0,53
24515,G,54,0,54
24516,G,53,0,53
24517,A,52,0,52
24518,A,52,0,52
24519,A,52,0,52
24520,A,52,0,52
24521,A,51,0,51
24522,G,52,0,52
24523,A,51,0,51
24524,A,51,0,51
24525,T,51,0,51
24526,T,54,0,54
24527,G,56,0,56
24528,C,57,0,57
24529,C,58,0,58
24530,T,58,0,58
24531,T,58,0,58
24532,G,58,0,58
24533,T,58,0,58
24534,A,59,0,59
24535,A,59,0,59
24536,T,60,0,60
24537,C,60,0,60
24538,A,60,0,60
24539,T,59,0,59
24540,G,59,0,59
24541,G,60,0,60
24542,C,62,0,62
24543,A,61,0,61
24544,A,61,0,61
24545,C,62,0,62
24546,A,62,0,62
24547,C,62,0,62
24548,A,62,0,62
24549,A,62,0,62
24550,A,62,0,62
24551,G,63,0,63
24552,T,63,0,63
24553,C,62,0,62
24554,T,62,0,62
24555,G,62,0,62
24556,T,62,0,62
24557,C,62,0,62
24558,T,61,0,61
24559,G,61,0,61
24560,A,61,0,61
24561,T,62,0,62
24562,G,62,0,62
24563,C,61,0,61
24564,A,61,0,61
24565,G,60,0,60
24566,T,59,0,59
24567,T,59,0,59
24568,C,58,0,58
24569,G,58,0,58
24570,T,57,0,57
24571,T,57,0,57
24572,C,57,0,57
24573,G,57,0,57
24574,G,57,0,57
24575,G,58,0,58
24576,T,59,0,59
24577,A,57,0,57
24578,T,57,0,57
24579,T,57,0,57
24580,C,57,0,57
24581,T,58,0,58
24582,T,56,0,56
24583,G,55,0,55
24584,A,55,0,55
24585,T,56,0,56
24586,G,56,0,56
24587,T,55,0,55
24588,T,53,0,53
24589,T,52,0,52
24590,T,52,0,52
24591,G,52,0,52
24592,T,51,0,51
24593,T,49,0,49
24594,G,49,0,49
24595,G,49,0,49
24596,A,49,0,49
24597,A,50,0,50
24598,C,50,0,50
24599,A,48,0,48
24600,G,48,0,48
24601,T,47,0,47
24602,G,47,0,47
24603,T,47,0,47
24604,C,47,0,47
24605,C,48,0,48
24606,T,48,0,48
24607,A,47,0,47
24608,C,48,0,48
24609,T,47,0,47
24610,A,47,0,47
24611,A,47,0,47
24612,G,47,0,47
24613,A,47,0,47
24614,T,46,0,46
24615,A,47,0,47
24616,T,47,0,47
24617,T,47,0,47
24618,A,48,0,48
24619,C,48,0,48
24620,T,48,0,48
24621,T,47,0,47
24622,C,47,0,47
24623,C,46,0,46
24624,G,45,0,45
24625,A,45,0,45
24626,A,45,0,45
24627,T,45,0,45
24628,G,44,0,44
24629,A,44,0,44
24630,A,44,0,44
24631,G,45,0,45
24632,A,44,0,44
24633,A,43,0,43
24634,G,43,0,43
24635,C,40,0,40
24636,A,41,0,41
24637,G,42,0,42
24638,A,42,0,42
24639,A,42,0,42
24640,A,42,0,42
24641,C,41,0,41
24642,A,41,0,41
24643,A,41,0,41
24644,A,42,0,42
24645,G,40,0,40
24646,G,39,0,39
24647,G,39,0,39
24648,T,39,0,39
24649,G,39,0,39
24650,C,39,0,39
24651,T,39,0,39
24652,G,39,0,39
24653,A,39,0,39
24654,G,40,0,40
24655,G,40,0,40
24656,G,40,0,40
24657,G,40,0,40
24658,G,39,0,39
24659,C,39,0,39
24660,T,39,0,39
24661,C,39,0,39
24662,C,39,0,39
24663,G,40,0,40
24664,G,41,0,41
24665,G,41,0,41
24666,A,40,0,40
24667,G,40,0,40
24668,C,39,0,39
24669,A,39,0,39
24670,G,39,0,39
24671,T,39,0,39
24672,T,40,0,40
24673,G,39,0,39
24674,A,39,0,39
24675,T,39,0,39
24676,C,39,0,39
24677,T,36,0,36
24678,A,34,0,34
24679,T,32,0,32
24680,A,31,0,31
24681,T,30,0,30
24682,A,29,0,29
24683,G,29,0,29
24684,A,28,0,28
24685,A,28,0,28
24686,T,28,0,28
24687,G,28,0,28
24688,A,27,0,27
24689,T,27,0,27
24690,T,26,0,26
24691,G,27,0,27
24692,G,26,0,26
24693,T,25,0,25
24694,T,25,0,25
24695,T,25,0,25
24696,G,24,0,24
24697,A,24,0,24
24698,A,24,0,24
24699,T,24,0,24
24700,G,24,0,24
24701,A,24,0,24
24702,T,23,0,23
24703,A,23,0,23
24704,A,22,0,22
24705,A,23,0,23
24706,G,23,0,23
24707,A,23,0,23
24708,A,23,0,23
24709,A,23,0,23
24710,T,23,0,23
24711,T,23,0,23
24712,C,23,0,23
24713,A,23,0,23
24714,A,23,0,23
24715,A,23,0,23
24716,T,23,0,23
24717,T,23,0,23
24718,A,23,0,23
24719,T,23,0,23
24720,C,24,0,24
24721,A,24,0,24
24722,A,25,0,25
24723,A,25,0,25
24724,A,25,0,25
24725,C,25,0,25
24726,A,24,0,24
24727,G,22,0,22
24728,C,22,0,22
24729,A,22,0,22
24730,A,22,0,22
24731,A,20,0,20
24732,A,20,0,20
24733,A,20,0,20
24734,A,21,0,21
24735,G,21,0,21
24736,A,21,0,21
24737,A,21,0,21
24738,A,21,0,21
24739,A,21,0,21
24740,G,20,0,20
24741,A,21,0,21
24742,C,21,0,21
24743,A,21,0,21
24744,A,21,0,21
24745,T,21,0,21
24746,A,21,0,21
24747,T,21,0,21
24748,T,20,0,20
24749,A,21,0,21
24750,T,21,0,21
24751,T,21,0,21
24752,A,21,0,21
24753,T,21,0,21
24754,A,21,0,21
24755,A,22,0,22
24756,A,23,0,23
24757,T,24,0,24
24758,C,24,0,24
24759,T,24,0,24
24760,A,24,0,24
24761,T,24,0,24
24762,T,24,0,24
24763,C,24,0,24
24764,T,24,0,24
24765,T,24,0,24
24766,G,23,0,23
24767,G,24,0,24
24768,C,24,0,24
24769,C,23,0,23
24770,G,24,0,24
24771,C,24,0,24
24772,C,24,0,24
24773,G,24,0,24
24774,T,24,0,24
24775,C,24,0,24
24776,T,24,0,24
24777,T,24,0,24
24778,T,25,0,25
24779,T,25,0,25
24780,T,25,0,25
24781,G,25,0,25
24782,A,24,0,24
24783,G,24,0,24
24784,T,24,0,24
24785,T,24,0,24
24786,A,24,0,24
24787,G,23,0,23
24788,G,23,0,23
24789,A,23,0,23
24790,T,23,0,23
24791,T,23,0,23
24792,A,23,0,23
24793,G,22,0,22
24794,G,23,0,23
24795,T,22,0,22
24796,G,22,0,22
24797,A,23,0,23
24798,T,23,0,23
24799,G,24,0,24
24800,T,25,0,25
24801,A,25,0,25
24802,G,27,0,27
24803,C,27,0,27
24804,T,27,0,27
24805,C,27,0,27
24806,T,27,0,27
24807,T,27,0,27
24808,T,29,0,29
24809,C,29,0,29
24810,T,29,0,29
24811,T,29,0,29
24812,T,31,0,31
24813,T,31,0,31
24814,G,32,0,32
24815,T,31,0,31
24816,A,32,0,32
24817,G,32,0,32
24818,C,32,0,32
24819,A,32,0,32
24820,A,32,0,32
24821,T,33,0,33
24822,T,33,0,33
24823,T,32,0,32
24824,C,32,0,32
24825,T,32,0,32
24826,A,32,0,32
24827,G,32,0,32
24828,T,32,0,32
24829,A,32,0,32
24830,A,32,0,32
24831,A,33,0,33
24832,G,33,0,33
24833,A,33,0,33
24834,A,35,0,35
24835,G,35,0,35
24836,A,34,0,34
24837,T,35,0,35
24838,C,34,0,34
24839,T,34,0,34
24840,C,35,0,35
24841,G,36,0,36
24842,C,35,0,35
24843,T,35,0,35
24844,G,35,0,35
24845,A,35,0,35
24846,A,36,0,36
24847,G,36,0,36
24848,T,36,0,36
24849,T,39,0,39
24850,A,42,0,42
24851,A,42,0,42
24852,A,42,0,42
24853,A,43,0,43
24854,A,43,0,43
24855,A,43,0,43
24856,C,42,0,42
24857,T,42,0,42
24858,T,43,0,43
24859,A,43,0,43
24860,T,43,0,43
24861,C,43,0,43
24862,A,43,0,43
24863,A,43,0,43
24864,T,43,0,43
24865,G,43,0,43
24866,A,43,0,43
24867,A,43,0,43
24868,G,43,0,43
24869,A,43,0,43
24870,T,43,0,43
24871,G,42,0,42
24872,C,44,0,44
24873,A,43,0,43
24874,A,43,0,43
24875,A,43,0,43
24876,A,43,0,43
24877,A,44,0,44
24878,A,44,0,44
24879,C,44,0,44
24880,T,44,0,44
24881,G,44,0,44
24882,G,44,0,44
24883,C,44,0,44
24884,C,44,0,44
24885,T,43,0,43
24886,T,43,0,43
24887,T,43,0,43
24888,T,43,0,43
24889,A,44,0,44
24890,A,44,0,44
24891,A,44,0,44
24892,T,43,0,43
24893,G,44,0,44
24894,G,44,0,44
24895,C,46,0,46
24896,T,46,0,46
24897,T,46,0,46
24898,G,46,0,46
24899,A,45,0,45
24900,A,45,0,45
24901,A,45,0,45
24902,T,45,0,45
24903,G,45,0,45
24904,A,47,0,47
24905,G,47,0,47
24906,G,45,0,45
24907,G,43,0,43
24908,G,44,0,44
24909,A,44,0,44
24910,G,44,0,44
24911,T,44,0,44
24912,T,46,0,46
24913,A,46,0,46
24914,A,48,0,48
24915,T,49,0,49
24916,T,49,0,49
24917,A,51,0,51
24918,T,50,0,50
24919,G,50,0,50
24920,A,50,0,50
24921,A,50,0,50
24922,A,50,0,50
24923,A,50,0,50
24924,A,50,0,50
24925,T,52,0,52
24926,A,52,0,52
24927,C,52,0,52
24928,C,52,0,52
24929,T,51,0,51
24930,T,52,0,52
24931,G,53,0,53
24932,A,53,0,53
24933,A,53,0,53
24934,A,53,0,53
24935,A,53,0,53
24936,A,53,0,53
24937,A,54,0,54
24938,T,54,0,54
24939,T,54,0,54
24940,T,55,0,55
24941,A,56,0,56
24942,A,56,0,56
24943,A,56,0,56
24944,T,57,0,57
24945,T,57,0,57
24946,T,56,0,56
24947,C,56,0,56
24948,T,56,0,56
24949,T,56,0,56
24950,T,55,0,55
24951,T,54,0,54
24952,T,54,0,54
24953,T,53,0,53
24954,T,54,0,54
24955,G,54,0,54
24956,T,53,0,53
24957,T,54,0,54
24958,C,55,0,55
24959,A,54,0,54
24960,G,55,0,55
24961,T,54,0,54
24962,G,54,0,54
24963,C,52,0,52
24964,A,52,0,52
24965,T,51,0,51
24966,T,51,0,51
24967,T,51,0,51
24968,T,51,0,51
24969,G,51,0,51
24970,T,51,0,51
24971,T,51,0,51
24972,C,50,0,50
24973,A,50,0,50
24974,G,49,0,49
24975,T,49,0,49
24976,T,49,0,49
24977,A,49,0,49
24978,A,49,0,49
24979,T,49,0,49
24980,T,50,0,50
24981,G,50,0,50
24982,T,50,0,50
24983,T,50,0,50
24984,G,50,0,50
24985,C,48,0,48
24986,T,49,0,49
24987,C,50,0,50
24988,T,50,0,50
24989,A,51,0,51
24990,T,51,0,51
24991,G,50,0,50
24992,C,48,0,48
24993,T,48,0,48
24994,T,46,0,46
24995,T,46,0,46
24996,A,46,0,46
24997,T,44,0,44
24998,C,44,0,44
24999,C,44,0,44
25000,A,43,0,43
25001,A,42,0,42
25002,C,42,0,42
25003,G,42,0,42
25004,A,42,0,42
25005,A,42,0,42
25006,T,43,0,43
25007,G,43,0,43
25008,C,43,0,43
25009,T,44,0,44
25010,T,44,0,44
25011,T,44,0,44
25012,T,45,0,45
25013,G,45,0,45
25014,C,45,0,45
25015,A,45,0,45
25016,T,45,0,45
25017,T,45,0,45
25018,T,45,0,45
25019,T,45,0,45
25020,T,45,0,45
25021,T,45,0,45
25022,T,45,0,45
25023,G,44,0,44
25024,T,45,0,45
25025,G,45,0,45
25026,C,45,0,45
25027,A,45,0,45
25028,A,44,0,44
25029,A,44,0,44
25030,T,44,0,44
25031,T,42,0,42
25032,G,42,0,42
25033,T,42,0,42
25034,G,42,0,42
25035,C,42,0,42
25036,A,42,0,42
25037,A,43,0,43
25038,C,43,0,43
25039,T,43,0,43
25040,G,43,0,43
25041,T,44,0,44
25042,T,44,0,44
25043,T,46,0,46
25044,G,45,0,45
25045,G,45,0,45
25046,A,44,0,44
25047,A,44,0,44
25048,C,44,0,44
25049,C,45,0,45
25050,A,46,0,46
25051,A,46,0,46
25052,A,46,0,46
25053,T,46,0,46
25054,G,46,0,46
25055,A,44,0,44
25056,G,44,0,44
25057,C,43,0,43
25058,C,43,0,43
25059,A,41,0,41
25060,A,41,0,41
25061,T,41,0,41
25062,A,41,0,41
25063,T,41,0,41
25064,G,42,0,42
25065,T,40,0,40
25066,T,39,0,39
25067,G,39,0,39
25068,A,37,0,37
25069,A,37,0,37
25070,G,38,0,38
25071,C,41,0,41
25072,T,39,0,39
25073,G,39,0,39
25074,T,39,0,39
25075,T,39,0,39
25076,A,38,0,38
25077,A,38,0,38
25078,C,38,0,38
25079,A,38,0,38
25080,C,38,0,38
25081,A,37,0,37
25082,C,37,0,37
25083,A,38,0,38
25084,A,38,0,38
25085,A,38,0,38
25086,T,38,0,38
25087,T,40,0,40
25088,A,40,0,40
25089,A,40,0,40
25090,C,40,0,40
25091,A,40,0,40
25092,C,38,0,38
25093,A,38,0,38
25094,G,38,0,38
25095,C,38,0,38
25096,T,37,0,37
25097,A,39,0,39
25098,A,39,0,39
25099,A,38,0,38
25100,C,37,0,37
25101,A,37,0,37
25102,A,38,0,38
25103,C,38,0,38
25104,T,38,0,38
25105,T,38,0,38
25106,C,38,0,38
25107,A,38,0,38
25108,A,38,0,38
25109,A,37,0,37
25110,C,38,0,38
25111,G,38,0,38
25112,C,38,0,38
25113,A,39,0,39
25114,G,39,0,39
25115,C,39,0,39
25116,T,39,0,39
25117,T,39,0,39
25118,C,39,0,39
25119,A,39,0,39
25120,A,39,0,39
25121,C,39,0,39
25122,A,39,0,39
25123,A,40,0,40
25124,T,40,0,40
25125,A,40,0,40
25126,T,40,0,40
25127,A,40,0,40
25128,A,41,0,41
25129,A,41,0,41
25130,G,40,0,40
25131,A,39,0,39
25132,T,39,0,39
25133,A,39,0,39
25134,T,41,0,41
25135,G,40,0,40
25136,G,41,0,41
25137,T,41,0,41
25138,G,40,0,40
25139,A,40,0,40
25140,A,40,0,40
25141,A,40,0,40
25142,C,42,0,42
25143,A,43,0,43
25144,G,44,0,44
25145,G,44,0,44
25146,G,44,0,44
25147,G,44,0,44
25148,C,44,0,44
25149,T,44,0,44
25150,T,44,0,44
25151,T,43,0,43
25152,C,43,0,43
25153,A,45,0,45
25154,T,45,0,45
25155,T,45,0,45
25156,T,45,0,45
25157,T,44,0,44
25158,C,44,0,44
25159,T,44,0,44
25160,A,42,0,42
25161,G,42,0,42
25162,T,41,0,41
25163,C,40,0,40
25164,C,39,0,39
25165,A,39,0,39
25166,C,40,0,40
25167,A,40,0,40
25168,A,41,0,41
25169,T,41,0,41
25170,T,41,0,41
25171,T,41,0,41
25172,G,42,0,42
25173,A,42,0,42
25174,T,42,0,42
25175,G,42,0,42
25176,G,42,0,42
25177,T,42,0,42
25178,T,42,0,42
25179,T,43,0,43
25180,G,43,0,43
25181,C,43,0,43
25182,A,43,0,43
25183,G,44,0,44
25184,A,44,0,44
25185,G,44,0,44
25186,T,43,0,43
25187,A,44,0,44
25188,C,44,0,44
25189,T,44,0,44
25190,T,44,0,44
25191,T,44,0,44
25192,G,43,0,43
25193,C,42,0,42
25194,A,41,0,41
25195,A,41,0,41
25196,A,41,0,41
25197,A,41,0,41
25198,A,41,0,41
25199,T,41,0,41
25200,T,40,0,40
25201,G,40,0,40
25202,A,40,0,40
25203,A,40,0,40
25204,A,40,0,40
25205,C,40,0,40
25206,A,40,0,40
25207,A,41,0,41
25208,G,41,0,41
25209,T,41,0,41
25210,T,41,0,41
25211,T,40,0,40
25212,A,40,0,40
25213,T,40,0,40
25214,C,40,0,40
25215,A,39,0,39
25216,A,38,0,38
25217,G,38,0,38
25218,A,39,0,39
25219,T,39,0,39
25220,A,39,0,39
25221,G,38,0,38
25222,T,37,0,37
25223,C,38,0,38
25224,A,38,0,38
25225,G,38,0,38
25226,A,38,0,38
25227,G,38,0,38
25228,C,37,0,37
25229,A,37,0,37
25230,T,36,0,36
25231,T,35,0,35
25232,T,35,0,35
25233,C,34,0,34
25234,T,33,0,33
25235,T,33,0,33
25236,A,33,0,33
25237,T,33,0,33
25238,A,30,0,30
25239,A,29,0,29
25240,T,29,0,29
25241,A,29,0,29
25242,T,30,0,30
25243,G,30,0,30
25244,G,30,0,30
25245,G,30,0,30
25246,A,30,0,30
25247,A,30,0,30
25248,A,29,0,29
25249,T,30,0,30
25250,C,30,0,30
25251,T,29,0,29
25252,A,29,0,29
25253,A,29,0,29
25254,A,29,0,29
25255,T,29,0,29
25256,A,28,0,28
25257,G,28,0,28
25258,C,28,0,28
25259,A,28,0,28
25260,G,27,0,27
25261,G,26,0,26
25262,T,26,0,26
25263,T,26,0,26
25264,C,26,0,26
25265,G,26,0,26
25266,A,27,0,27
25267,A,27,0,27
25268,A,30,0,30
25269,A,30,0,30
25270,A,30,0,30
25271,A,30,0,30
25272,T,30,0,30
25273,G,30,0,30
25274,T,30,0,30
25275,T,30,0,30
25276,T,30,0,30
25277,C,30,0,30
25278,C,30,0,30
25279,T,29,0,29
25280,G,30,0,30
25281,G,30,0,30
25282,T,30,0,30
25283,T,27,0,27
25284,A,27,0,27
25285,T,28,0,28
25286,G,28,0,28
25287,A,27,0,27
25288,A,28,0,28
25289,G,28,0,28
25290,A,29,0,29
25291,T,29,0,29
25292,T,29,0,29
25293,A,26,0,26
25294,T,25,0,25
25295,T,25,0,25
25296,T,25,0,25
25297,A,25,0,25
25298,A,25,0,25
25299,A,25,0,25
25300,A,25,0,25
25301,A,25,0,25
25302,A,25,0,25
25303,C,25,0,25
25304,T,25,0,25
25305,C,27,0,27
25306,T,27,0,27
25307,G,27,0,27
25308,G,27,0,27
25309,T,27,0,27
25310,A,27,0,27
25311,A,27,0,27
25312,G,27,0,27
25313,A,27,0,27
25314,T,28,0,28
25315,G,29,0,29
25316,A,29,0,29
25317,A,28,0,28
25318,T,28,0,28
25319,C,27,0,27
25320,C,27,0,27
25321,A,28,0,28
25322,A,28,0,28
25323,A,27,0,27
25324,A,27,0,27
25325,A,27,0,27
25326,A,27,0,27
25327,A,27,0,27
25328,G,27,0,27
25329,A,27,0,27
25330,T,25,0,25
25331,T,25,0,25
25332,A,25,0,25
25333,T,25,0,25
25334,A,24,0,24
25335,G,24,0,24
25336,A,24,0,24
25337,A,24,0,24
25338,A,24,0,24
25339,G,24,0,24
25340,T,24,0,24
25341,G,24,0,24
25342,G,24,0,24
25343,G,24,0,24
25344,C,25,0,25
25345,G,25,0,25
25346,G,25,0,25
25347,A,25,0,25
25348,A,25,0,25
25349,A,25,0,25
25350,C,26,0,26
25351,G,26,0,26
25352,G,26,0,26
25353,G,27,0,27
25354,T,26,0,26
25355,C,26,0,26
25356,T,26,0,26
25357,T,26,0,26
25358,T,26,0,26
25359,C,26,0,26
25360,T,26,0,26
25361,A,28,0,28
25362,A,28,0,28
25363,T,28,0,28
25364,T,28,0,28
25365,C,28,0,28
25366,A,28,0,28
25367,C,32,0,32
25368,G,33,0,33
25369,T,33,0,33
25370,G,33,0,33
25371,T,33,0,33
25372,T,33,0,33
25373,G,33,0,33
25374,C,32,0,32
25375,G,32,0,32
25376,A,32,0,32
25377,T,32,0,32
25378,T,33,0,33
25379,G,33,0,33
25380,A,33,0,33
25381,A,33,0,33
25382,G,35,0,35
25383,C,35,0,35
25384,T,36,0,36
25385,G,38,0,38
25386,C,38,0,38
25387,A,38,0,38
25388,G,38,0,38
25389,G,38,0,38
25390,G,38,0,38
25391,A,38,0,38
25392,T,37,0,37
25393,T,37,0,37
25394,A,39,0,39
25395,A,39,0,39
25396,C,39,0,39
25397,A,38,0,38
25398,C,38,0,38
25399,T,38,0,38
25400,A,37,0,37
25401,G,37,0,37
25402,C,38,0,38
25403,A,38,0,38
25404,G,38,0,38
25405,T,38,0,38
25406,T,38,0,38
25407,T,38,0,38
25408,T,38,0,38
25409,G,38,0,38
25410,A,38,0,38
25411,T,37,0,37
25412,G,37,0,37
25413,A,38,0,38
25414,T,39,0,39
25415,G,39,0,39
25416,A,39,0,39
25417,A,38,0,38
25418,G,38,0,38
25419,A,36,0,36
25420,T,36,0,36
25421,A,37,0,37
25422,A,37,0,37
25423,A,37,0,37
25424,A,37,0,37
25425,T,37,0,37
25426,G,37,0,37
25427,A,37,0,37
25428,T,38,0,38
25429,G,42,0,42
25430,C,44,0,44
25431,A,43,0,43
25432,A,43,0,43
25433,A,43,0,43
25434,A,43,0,43
25435,A,43,0,43
25436,C,42,0,42
25437,T,42,0,42
25438,T,43,0,43
25439,G,42,0,42
25440,T,43,0,43
25441,T,42,0,42
25442,G,42,0,42
25443,A,42,0,42
25444,T,42,0,42
25445,C,43,0,43
25446,G,43,0,43
25447,T,41,0,41
25448,T,41,0,41
25449,C,42,0,42
25450,A,42,0,42
25451,G,43,0,43
25452,C,44,0,44
25453,A,44,0,44
25454,A,44,0,44
25455,G,44,0,44
25456,C,43,0,43
25457,G,43,0,43
25458,C,43,0,43
25459,A,44,0,44
25460,G,44,0,44
25461,A,47,0,47
25462,A,46,0,46
25463,G,46,0,46
25464,G,47,0,47
25465,G,46,0,46
25466,C,45,0,45
25467,G,45,0,45
25468,T,45,0,45
25469,A,45,0,45
25470,T,45,0,45
25471,G,45,0,45
25472,C,46,0,46
25473,A,46,0,46
25474,A,46,0,46
25475,G,46,0,46
25476,C,46,0,46
25477,C,46,0,46
25478,A,46,0,46
25479,T,46,0,46
25480,T,47,0,47
25481,C,49,0,49
25482,A,49,0,49
25483,A,49,0,49
25484,G,49,0,49
25485,C,49,0,49
25486,T,49,0,49
25487,G,49,0,49
25488,G,48,0,48
25489,A,49,0,49
25490,A,50,0,50
25491,A,50,0,50
25492,T,50,0,50
25493,G,50,0,50
25494,A,51,0,51
25495,A,50,0,50
25496,A,50,0,50
25497,T,50,0,50
25498,T,49,0,49
25499,G,49,0,49
25500,C,49,0,49
25501,G,48,0,48
25502,G,49,0,49
25503,C,49,0,49
25504,A,48,0,48
25505,C,48,0,48
25506,A,48,0,48
25507,A,48,0,48
25508,C,46,0,46
25509,A,47,0,47
25510,A,47,0,47
25511,G,47,0,47
25512,T,45,0,45
25513,T,46,0,46
25514,A,46,0,46
25515,A,44,0,44
25516,A,43,0,43
25517,C,43,0,43
25518,A,41,0,41
25519,A,41,0,41
25520,T,42,0,42
25521,T,42,0,42
25522,G,42,0,42
25523,C,42,0,42
25524,A,42,0,42
25525,A,42,0,42
25526,C,42,0,42
25527,T,42,0,42
25528,A,42,0,42
25529,C,42,0,42
25530,T,42,0,42
25531,T,42,0,42
25532,C,43,0,43
25533,G,41,0,41
25534,T,41,0,41
25535,G,40,0,40
25536,A,38,0,38
25537,T,38,0,38
25538,C,38,0,38
25539,T,38,0,38
25540,T,39,0,39
25541,G,39,0,39
25542,T,39,0,39
25543,T,39,0,39
25544,G,39,0,39
25545,C,38,0,38
25546,T,38,0,38
25547,A,38,0,38
25548,A,39,0,39
25549,T,39,0,39
25550,A,39,0,39
25551,A,39,0,39
25552,T,39,0,39
25553,A,38,0,38
25554,C,38,0,38
25555,C,38,0,38
25556,A,38,0,38
25557,C,38,0,38
25558,T,38,0,38
25559,T,38,0,38
25560,T,38,0,38
25561,G,38,0,38
25562,C,41,0,41
25563,A,41,0,41
25564,A,42,0,42
25565,G,42,0,42
25566,C,40,0,40
25567,A,40,0,40
25568,A,40,0,40
25569,A,40,0,40
25570,T,39,0,39
25571,T,39,0,39
25572,A,38,0,38
25573,C,38,0,38
25574,A,38,0,38
25575,C,38,0,38
25576,A,39,0,39
25577,G,39,0,39
25578,C,39,0,39
25579,C,40,0,40
25580,A,36,0,36
25581,A,35,0,35
25582,T,35,0,35
25583,G,35,0,35
25584,A,35,0,35
25585,G,35,0,35
25586,G,35,0,35
25587,T,34,0,34
25588,G,34,0,34
25589,G,33,0,33
25590,A,33,0,33
25591,G,33,0,33
25592,C,32,0,32
25593,G,32,0,32
25594,T,32,0,32
25595,A,32,0,32
25596,A,32,0,32
25597,A,32,0,32
25598,G,32,0,32
25599,C,34,0,34
25600,A,34,0,34
25601,A,34,0,34
25602,A,33,0,33
25603,A,32,0,32
25604,A,31,0,31
25605,A,31,0,31
25606,T,31,0,31
25607,G,31,0,31
25608,A,32,0,32
25609,A,33,0,33
25610,G,31,0,31
25611,C,31,0,31
25612,T,29,0,29
25613,G,29,0,29
25614,C,29,0,29
25615,T,29,0,29
25616,G,29,0,29
25617,C,29,0,29
25618,T,29,0,29
25619,G,30,0,30
25620,A,30,0,30
25621,A,30,0,30
25622,A,30,0,30
25623,A,30,0,30
25624,G,32,0,32
25625,T,32,0,32
25626,T,33,0,33
25627,T,33,0,33
25628,T,33,0,33
25629,T,33,0,33
25630,T,34,0,34
25631,G,31,0,31
25632,A,30,0,30
25633,T,30,0,30
25634,G,31,0,31
25635,A,31,0,31
25636,A,32,0,32
25637,G,32,0,32
25638,A,34,0,34
25639,A,34,0,34
25640,C,35,0,35
25641,T,34,0,34
25642,A,34,0,34
25643,A,34,0,34
25644,C,34,0,34
25645,T,34,0,34
25646,T,34,0,34
25647,C,34,0,34
25648,T,34,0,34
25649,A,35,0,35
25650,C,35,0,35
25651,A,34,0,34
25652,G,34,0,34
25653,A,34,0,34
25654,T,34,0,34
25655,C,35,0,35
25656,G,35,0,35
25657,T,36,0,36
25658,A,36,0,36
25659,A,36,0,36
25660,T,35,0,35
25661,C,35,0,35
25662,A,37,0,37
25663,T,37,0,37
25664,G,38,0,38
25665,G,38,0,38
25666,A,38,0,38
25667,T,38,0,38
25668,T,38,0,38
25669,T,38,0,38
25670,T,38,0,38
25671,A,38,0,38
25672,A,38,0,38
25673,A,39,0,39
25674,A,40,0,40
25675,A,40,0,40
25676,A,40,0,40
25677,A,41,0,41
25678,T,41,0,41
25679,A,42,0,42
25680,A,42,0,42
25681,A,42,0,42
25682,A,42,0,42
25683,A,41,0,41
25684,A,41,0,41
25685,T,41,0,41
25686,T,41,0,41
25687,A,41,0,41
25688,T,41,0,41
25689,C,42,0,42
25690,A,42,0,42
25691,A,41,0,41
25692,G,41,0,41
25693,T,42,0,42
25694,G,44,0,44
25695,T,44,0,44
25696,T,44,0,44
25697,A,44,0,44
25698,A,45,0,45
25699,G,44,0,44
25700,C,44,0,44
25701,A,44,0,44
25702,A,44,0,44
25703,T,44,0,44
25704,A,47,0,47
25705,A,46,0,46
25706,A,46,0,46
25707,A,46,0,46
25708,A,46,0,46
25709,A,46,0,46
25710,A,46,0,46
25711,T,46,0,46
25712,A,45,0,45
25713,G,43,0,43
25714,T,43,0,43
25715,T,42,0,42
25716,T,41,0,41
25717,T,41,0,41
25718,T,41,0,41
25719,T,42,0,42
25720,T,43,0,43
25721,A,43,0,43
25722,T,43,0,43
25723,T,44,0,44
25724,A,44,0,44
25725,T,44,0,44
25726,T,44,0,44
25727,T,43,0,43
25728,T,44,0,44
25729,T,44,0,44
25730,T,42,0,42
25731,C,42,0,42
25732,T,43,0,43
25733,G,43,0,43
25734,C,43,0,43
25735,T,43,0,43
25736,T,43,0,43
25737,A,43,0,43
25738,T,41,0,41
25739,T,41,0,41
25740,A,41,0,41
25741,T,41,0,41
25742,T,41,0,41
25743,G,42,0,42
25744,G,42,0,42
25745,T,42,0,42
25746,T,42,0,42
25747,G,42,0,42
25748,C,43,0,43
25749,A,43,0,43
25750,C,42,0,42
25751,C,42,0,42
25752,A,42,0,42
25753,T,42,0,42
25754,T,42,0,42
25755,T,42,0,42
25756,T,42,0,42
25757,T,42,0,42
25758,G,42,0,42
25759,C,41,0,41
25760,A,41,0,41
25761,G,41,0,41
25762,A,41,0,41
25763,T,41,0,41
25764,G,42,0,42
25765,T,42,0,42
25766,T,42,0,42
25767,T,42,0,42
25768,C,42,0,42
25769,T,42,0,42
25770,T,41,0,41
25771,T,41,0,41
25772,T,39,0,39
25773,G,39,0,39
25774,C,39,0,39
25775,A,38,0,38
25776,A,38,0,38
25777,A,37,0,37
25778,A,37,0,37
25779,T,37,0,37
25780,C,37,0,37
25781,T,36,0,36
25782,A,36,0,36
25783,T,36,0,36
25784,A,36,0,36
25785,G,34,0,34
25786,A,34,0,34
25787,C,33,0,33
25788,A,33,0,33
25789,G,32,0,32
25790,T,32,0,32
25791,A,32,0,32
25792,C,32,0,32
25793,T,31,0,31
25794,A,31,0,31
25795,A,31,0,31
25796,A,31,0,31
25797,T,31,0,31
25798,C,32,0,32
25799,A,33,0,33
25800,T,33,0,33
25801,T,33,0,33
25802,T,32,0,32
25803,A,32,0,32
25804,A,32,0,32
25805,T,33,0,33
25806,G,33,0,33
25807,G,33,0,33
25808,T,32,0,32
25809,T,34,0,34
25810,T,35,0,35
25811,A,38,0,38
25812,T,39,0,39
25813,T,39,0,39
25814,A,39,0,39
25815,G,38,0,38
25816,A,39,0,39
25817,T,39,0,39
25818,T,39,0,39
25819,T,40,0,40
25820,G,41,0,41
25821,A,42,0,42
25822,T,41,0,41
25823,A,42,0,42
25824,C,41,0,41
25825,A,43,0,43
25826,A,43,0,43
25827,A,43,0,43
25828,A,42,0,42
25829,A,42,0,42
25830,C,41,0,41
25831,A,41,0,41
25832,A,40,0,40
25833,T,41,0,41
25834,C,43,0,43
25835,T,43,0,43
25836,C,43,0,43
25837,A,43,0,43
25838,A,43,0,43
25839,A,43,0,43
25840,G,42,0,42
25841,T,42,0,42
25842,T,43,0,43
25843,G,43,0,43
25844,G,42,0,42
25845,T,40,0,40
25846,A,42,0,42
25847,T,41,0,41
25848,T,42,0,42
25849,C,42,0,42
25850,A,42,0,42
25851,A,42,0,42
25852,A,42,0,42
25853,A,43,0,43
25854,T,44,0,44
25855,T,41,0,41
25856,A,42,0,42
25857,C,42,0,42
25858,A,42,0,42
25859,T,42,0,42
25860,C,42,0,42
25861,A,44,0,44
25862,T,44,0,44
25863,T,44,0,44
25864,A,44,0,44
25865,T,43,0,43
25866,G,43,0,43
25867,G,44,0,44
25868,T,44,0,44
25869,T,44,0,44
25870,T,43,0,43
25871,T,42,0,42
25872,C,42,0,42
25873,G,43,0,43
25874,C,43,0,43
25875,C,45,0,45
25876,T,45,0,45
25877,T,45,0,45
25878,T,45,0,45
25879,T,45,0,45
25880,T,45,0,45
25881,T,45,0,45
25882,G,45,0,45
25883,G,44,0,44
25884,T,44,0,44
25885,T,44,0,44
25886,A,45,0,45
25887,T,45,0,45
25888,T,45,0,45
25889,G,45,0,45
25890,G,46,0,46
25891,C,48,0,48
25892,C,48,0,48
25893,G,48,0,48
25894,C,48,0,48
25895,T,48,0,48
25896,C,48,0,48
25897,T,48,0,48
25898,T,47,0,47
25899,C,46,0,46
25900,A,46,0,46
25901,A,46,0,46
25902,T,46,0,46
25903,T,47,0,47
25904,T,47,0,47
25905,C,48,0,48
25906,T,49,0,49
25907,T,50,0,50
25908,T,51,0,51
25909,T,52,0,52
25910,T,52,0,52
25911,A,52,0,52
25912,G,52,0,52
25913,C,54,0,54
25914,T,53,0,53
25915,T,52,0,52
25916,T,52,0,52
25917,A,52,0,52
25918,T,53,0,53
25919,T,53,0,53
25920,C,53,0,53
25921,C,54,0,54
25922,T,54,0,54
25923,C,54,0,54
25924,T,54,0,54
25925,T,54,0,54
25926,T,54,0,54
25927,T,55,0,55
25928,A,55,0,55
25929,T,56,0,56
25930,T,57,0,57
25931,T,58,0,58
25932,A,57,0,57
25933,A,57,0,57
25934,A,57,0,57
25935,C,57,0,57
25936,A,58,0,58
25937,G,58,0,58
25938,T,59,0,59
25939,C,59,0,59
25940,T,59,0,59
25941,G,59,0,59
25942,A,59,0,59
25943,T,59,0,59
25944,A,60,0,60
25945,T,60,0,60
25946,T,60,0,60
25947,G,60,0,60
25948,C,60,0,60
25949,T,58,0,58
25950,G,57,0,57
25951,A,57,0,57
25952,T,57,0,57
25953,T,58,0,58
25954,T,58,0,58
25955,T,57,0,57
25956,G,57,0,57
25957,T,57,0,57
25958,A,58,0,58
25959,G,59,0,59
25960,G,57,0,57
25961,A,56,0,56
25962,G,53,0,53
25963,A,52,0,52
25964,A,52,0,52
25965,T,56,0,56
25966,T,56,0,56
25967,G,55,0,55
25968,G,56,0,56
25969,T,56,0,56
25970,T,55,0,55
25971,A,54,0,54
25972,A,53,0,53
25973,G,53,0,53
25974,T,51,0,51
25975,T,51,0,51
25976,C,47,0,47
25977,A,47,0,47
25978,T,47,0,47
25979,T,47,0,47
25980,C,47,0,47
25981,T,48,0,48
25982,T,48,0,48
25983,G,48,0,48
25984,T,48,0,48
25985,G,47,0,47
25986,A,47,0,47
25987,T,47,0,47
25988,A,47,0,47
25989,G,48,0,48
25990,G,48,0,48
25991,C,48,0,48
25992,T,48,0,48
25993,T,47,0,47
25994,T,47,0,47
25995,T,47,0,47
25996,T,47,0,47
25997,T,46,0,46
25998,G,46,0,46
25999,C,47,0,47
26000,T,47,0,47
26001,G,47,0,47
26002,C,48,0,48
26003,T,48,0,48
26004,C,48,0,48
26005,T,47,0,47
26006,T,47,0,47
26007,T,46,0,46
26008,T,46,0,46
26009,G,46,0,46
26010,G,46,0,46
26011,A,47,0,47
26012,A,45,0,45
26013,T,45,0,45
26014,A,46,0,46
26015,T,46,0,46
26016,T,46,0,46
26017,C,46,0,46
26018,T,43,0,43
26019,C,43,0,43
26020,A,43,0,43
26021,A,44,0,44
26022,G,44,0,44
26023,A,44,0,44
26024,A,43,0,43
26025,T,44,0,44
26026,G,45,0,45
26027,G,46,0,46
26028,G,46,0,46
26029,G,46,0,46
26030,T,46,0,46
26031,G,46,0,46
26032,A,45,0,45
26033,A,45,0,45
26034,G,45,0,45
26035,C,47,0,47
26036,T,47,0,47
26037,A,46,0,46
26038,T,48,0,48
26039,T,48,0,48
26040,G,48,0,48
26041,T,48,0,48
26042,T,46,0,46
26043,G,46,0,46
26044,A,46,0,46
26045,G,46,0,46
26046,A,46,0,46
26047,G,48,0,48
26048,T,47,0,47
26049,T,47,0,47
26050,T,47,0,47
26051,T,47,0,47
26052,C,47,0,47
26053,G,47,0,47
26054,T,46,0,46
26055,A,46,0,46
26056,C,46,0,46
26057,A,46,0,46
26058,G,45,0,45
26059,C,44,0,44
26060,A,43,0,43
26061,G,43,0,43
26062,C,43,0,43
26063,A,44,0,44
26064,G,41,0,41
26065,C,41,0,41
26066,T,42,0,42
26067,C,42,0,42
26068,A,42,0,42
26069,T,41,0,41
26070,G,41,0,41
26071,C,41,0,41
26072,A,43,0,43
26073,G,44,0,44
26074,G,43,0,43
26075,T,44,0,44
26076,G,44,0,44
26077,G,45,0,45
26078,A,44,0,44
26079,A,44,0,44
26080,G,43,0,43
26081,A,41,0,41
26082,T,41,0,41
26083,C,41,0,41
26084,T,41,0,41
26085,A,42,0,42
26086,G,43,0,43
26087,G,41,0,41
26088,A,41,0,41
26089,G,41,0,41
26090,T,41,0,41
26091,C,41,0,41
26092,T,41,0,41
26093,T,42,0,42
26094,T,42,0,42
26095,T,42,0,42
26096,T,43,0,43
26097,C,43,0,43
26098,C,43,0,43
26099,T,43,0,43
26100,G,43,0,43
26101,G,43,0,43
26102,A,43,0,43
26103,G,44,0,44
26104,T,44,0,44
26105,G,46,0,46
26106,G,46,0,46
26107,T,46,0,46
26108,T,45,0,45
26109,T,44,0,44
26110,T,44,0,44
26111,A,44,0,44
26112,G,44,0,44
26113,A,44,0,44
26114,T,43,0,43
26115,G,42,0,42
26116,A,39,0,39
26117,A,39,0,39
26118,A,39,0,39
26119,G,39,0,39
26120,C,41,0,41
26121,A,42,0,42
26122,T,42,0,42
26123,T,42,0,42
26124,A,43,0,43
26125,A,44,0,44
26126,G,44,0,44
26127,C,45,0,45
26128,T,45,0,45
26129,T,45,0,45
26130,G,45,0,45
26131,C,45,0,45
26132,T,45,0,45
26133,A,46,0,46
26134,T,46,0,46
26135,G,46,0,46
26136,G,46,0,46
26137,C,47,0,47
26138,T,47,0,47
26139,A,47,0,47
26140,T,46,0,46
26141,G,47,0,47
26142,A,47,0,47
26143,T,46,0,46
26144,A,46,0,46
26145,A,46,0,46
26146,A,47,0,47
26147,T,47,0,47
26148,A,45,0,45
26149,C,44,0,44
26150,T,44,0,44
26151,A,45,0,45
26152,G,45,0,45
26153,T,46,0,46
26154,A,47,0,47
26155,C,47,0,47
26156,T,47,0,47
26157,T,47,0,47
26158,G,47,0,47
26159,G,47,0,47
26160,A,47,0,47
26161,A,47,0,47
26162,T,47,0,47
26163,C,47,0,47
26164,C,49,0,49
26165,T,48,0,48
26166,A,48,0,48
26167,T,48,0,48
26168,A,47,0,47
26169,A,47,0,47
26170,C,48,0,48
26171,T,48,0,48
26172,G,48,0,48
26173,C,48,0,48
26174,T,50,0,50
26175,G,50,0,50
26176,T,50,0,50
26177,G,49,0,49
26178,T,49,0,49
26179,T,49,0,49
26180,G,49,0,49
26181,C,48,0,48
26182,T,50,0,50
26183,T,50,0,50
26184,G,48,0,48
26185,C,48,0,48
26186,T,49,0,49
26187,C,54,0,54
26188,T,54,0,54
26189,T,53,0,53
26190,C,55,0,55
26191,A,56,0,56
26192,A,54,0,54
26193,G,54,0,54
26194,C,54,0,54
26195,T,54,0,54
26196,G,54,0,54
26197,C,54,0,54
26198,T,53,0,53
26199,G,53,0,53
26200,T,53,0,53
26201,T,54,0,54
26202,G,54,0,54
26203,T,54,0,54
26204,T,54,0,54
26205,T,54,0,54
26206,T,54,0,54
26207,T,54,0,54
26208,T,54,0,54
26209,T,54,0,54
26210,A,55,0,55
26211,T,55,0,55
26212,G,55,0,55
26213,C,55,0,55
26214,T,54,0,54
26215,T,55,0,55
26216,T,55,0,55
26217,G,54,0,54
26218,G,54,0,54
26219,T,53,0,53
26220,T,52,0,52
26221,T,52,0,52
26222,T,52,0,52
26223,A,52,0,52
26224,T,51,0,51
26225,T,51,0,51
26226,G,51,0,51
26227,C,51,0,51
26228,A,50,0,50
26229,G,50,0,50
26230,T,50,0,50
26231,T,50,0,50
26232,T,50,0,50
26233,T,52,0,52
26234,A,52,0,52
26235,C,52,0,52
26236,T,51,0,51
26237,G,51,0,51
26238,G,51,0,51
26239,C,52,0,52
26240,T,51,0,51
26241,G,51,0,51
26242,T,51,0,51
26243,T,51,0,51
26244,A,50,0,50
26245,C,50,0,50
26246,A,49,0,49
26247,A,49,0,49
26248,T,49,0,49
26249,T,49,0,49
26250,A,48,0,48
26251,T,48,0,48
26252,A,48,0,48
26253,G,50,0,50
26254,A,49,0,49
26255,G,50,0,50
26256,T,48,0,48
26257,C,49,0,49
26258,G,49,0,49
26259,T,49,0,49
26260,A,49,0,49
26261,T,49,0,49
26262,A,49,0,49
26263,T,49,0,49
26264,T,49,0,49
26265,G,49,0,49
26266,T,49,0,49
26267,G,49,0,49
26268,A,49,0,49
26269,T,49,0,49
26270,T,50,0,50
26271,A,50,0,50
26272,A,49,0,49
26273,T,49,0,49
26274,G,49,0,49
26275,C,49,0,49
26276,A,49,0,49
26277,T,49,0,49
26278,C,49,0,49
26279,T,49,0,49
26280,G,51,0,51
26281,T,51,0,51
26282,A,51,0,51
26283,A,50,0,50
26284,T,50,0,50
26285,A,50,0,50
26286,T,50,0,50
26287,T,50,0,50
26288,T,50,0,50
26289,A,50,0,50
26290,T,50,0,50
26291,G,50,0,50
26292,G,49,0,49
26293,G,49,0,49
26294,T,49,0,49
26295,T,49,0,49
26296,T,49,0,49
26297,T,48,0,48
26298,G,48,0,48
26299,G,48,0,48
26300,T,48,0,48
26301,G,47,0,47
26302,C,46,0,46
26303,T,46,0,46
26304,T,46,0,46
26305,C,45,0,45
26306,T,44,0,44
26307,C,44,0,44
26308,A,44,0,44
26309,A,44,0,44
26310,T,44,0,44
26311,G,44,0,44
26312,G,41,0,41
26313,A,42,0,42
26314,C,42,0,42
26315,A,41,0,41
26316,C,41,0,41
26317,G,41,0,41
26318,A,41,0,41
26319,G,41,0,41
26320,A,40,0,40
26321,A,38,0,38
26322,A,38,0,38
26323,T,39,0,39
26324,A,39,0,39
26325,A,37,0,37
26326,G,37,0,37
26327,C,37,0,37
26328,A,37,0,37
26329,T,37,0,37
26330,A,37,0,37
26331,A,36,0,36
26332,C,37,0,37
26333,A,37,0,37
26334,A,37,0,37
26335,C,38,0,38
26336,A,38,0,38
26337,T,37,0,37
26338,T,33,0,33
26339,T,33,0,33
26340,C,34,0,34
26341,G,32,0,32
26342,T,32,0,32
26343,T,32,0,32
26344,A,33,0,33
26345,T,33,0,33
26346,G,33,0,33
26347,C,33,0,33
26348,T,33,0,33
26349,G,33,0,33
26350,T,34,0,34
26351,C,34,0,34
26352,G,34,0,34
26353,C,35,0,35
26354,T,35,0,35
26355,G,35,0,35
26356,T,35,0,35
26357,T,35,0,35
26358,G,35,0,35
26359,G,35,0,35
26360,A,37,0,37
26361,G,38,0,38
26362,C,38,0,38
26363,A,38,0,38
26364,A,38,0,38
26365,A,39,0,39
26366,G,38,0,38
26367,C,39,0,39
26368,T,39,0,39
26369,T,39,0,39
26370,T,39,0,39
26371,T,40,0,40
26372,T,40,0,40
26373,G,39,0,39
26374,T,39,0,39
26375,A,39,0,39
26376,A,40,0,40
26377,T,39,0,39
26378,A,40,0,40
26379,A,40,0,40
26380,C,40,0,40
26381,A,42,0,42
26382,C,42,0,42
26383,T,42,0,42
26384,T,42,0,42
26385,T,42,0,42
26386,T,42,0,42
26387,A,42,0,42
26388,G,43,0,43
26389,T,43,0,43
26390,G,42,0,42
26391,A,42,0,42
26392,C,43,0,43
26393,C,44,0,44
26394,T,44,0,44
26395,T,44,0,44
26396,G,44,0,44
26397,A,44,0,44
26398,T,45,0,45
26399,T,45,0,45
26400,T,45,0,45
26401,C,45,0,45
26402,C,45,0,45
26403,A,45,0,45
26404,A,44,0,44
26405,T,44,0,44
26406,T,43,0,43
26407,C,44,0,44
26408,T,42,0,42
26409,A,42,0,42
26410,T,42,0,42
26411,T,42,0,42
26412,A,42,0,42
26413,T,41,0,41
26414,G,41,0,41
26415,G,41,0,41
26416,A,40,0,40
26417,A,41,0,41
26418,T,41,0,41
26419,G,40,0,40
26420,G,41,0,41
26421,A,40,0,40
26422,A,40,0,40
26423,A,38,0,38
26424,A,38,0,38
26425,A,38,0,38
26426,A,38,0,38
26427,G,38,0,38
26428,C,38,0,38
26429,A,38,0,38
26430,T,38,0,38
26431,A,37,0,37
26432,T,36,0,36
26433,G,36,0,36
26434,T,36,0,36
26435,T,37,0,37
26436,T,37,0,37
26437,A,39,0,39
26438,T,39,0,39
26439,T,39,0,39
26440,C,39,0,39
26441,T,41,0,41
26442,G,42,0,42
26443,A,42,0,42
26444,T,42,0,42
26445,G,42,0,42
26446,C,42,0,42
26447,G,42,0,42
26448,T,42,0,42
26449,C,42,0,42
26450,A,42,0,42
26451,A,42,0,42
26452,A,43,0,43
26453,T,43,0,43
26454,T,45,0,45
26455,G,43,0,43
26456,G,43,0,43
26457,A,43,0,43
26458,C,43,0,43
26459,A,42,0,42
26460,T,41,0,41
26461,T,41,0,41
26462,G,41,0,41
26463,C,41,0,41
26464,T,40,0,40
26465,A,40,0,40
26466,G,40,0,40
26467,G,40,0,40
26468,A,40,0,40
26469,C,40,0,40
26470,T,40,0,40
26471,T,40,0,40
26472,T,40,0,40
26473,C,40,0,40
26474,T,39,0,39
26475,T,39,0,39
26476,T,39,0,39
26477,G,41,0,41
26478,T,41,0,41
26479,T,41,0,41
26480,A,41,0,41
26481,T,41,0,41
26482,G,41,0,41
26483,T,41,0,41
26484,G,41,0,41
26485,C,41,0,41
26486,G,42,0,42
26487,T,42,0,42
26488,A,42,0,42
26489,T,42,0,42
26490,T,43,0,43
26491,T,42,0,42
26492,A,43,0,43
26493,A,43,0,43
26494,C,43,0,43
26495,A,42,0,42
26496,A,42,0,42
26497,A,42,0,42
26498,G,42,0,42
26499,A,42,0,42
26500,C,42,0,42
26501,T,39,0,39
26502,A,39,0,39
26503,T,38,0,38
26504,T,37,0,37
26505,C,37,0,37
26506,C,38,0,38
26507,G,38,0,38
26508,G,37,0,37
26509,A,37,0,37
26510,A,37,0,37
26511,A,35,0,35
26512,T,35,0,35
26513,T,35,0,35
26514,A,35,0,35
26515,T,35,0,35
26516,T,34,0,34
26517,G,35,0,35
26518,C,35,0,35
26519,T,36,0,36
26520,G,38,0,38
26521,G,39,0,39
26522,T,38,0,38
26523,T,38,0,38
26524,T,38,0,38
26525,A,38,0,38
26526,A,39,0,39
26527,T,38,0,38
26528,T,39,0,39
26529,T,36,0,36
26530,C,36,0,36
26531,T,36,0,36
26532,G,35,0,35
26533,G,34,0,34
26534,A,35,0,35
26535,T,35,0,35
26536,C,35,0,35
26537,A,36,0,36
26538,A,36,0,36
26539,G,36,0,36
26540,T,36,0,36
26541,G,37,0,37
26542,G,37,0,37
26543,T,36,0,36
26544,G,35,0,35
26545,G,35,0,35
26546,A,35,0,35
26547,A,35,0,35
26548,G,35,0,35
26549,T,33,0,33
26550,G,33,0,33
26551,G,34,0,34
26552,T,34,0,34
26553,G,34,0,34
26554,C,34,0,34
26555,A,33,0,33
26556,A,33,0,33
26557,C,33,0,33
26558,T,32,0,32
26559,A,32,0,32
26560,T,32,0,32
26561,T,32,0,32
26562,G,32,0,32
26563,G,32,0,32
26564,A,33,0,33
26565,G,33,0,33
26566,C,33,0,33
26567,A,33,0,33
26568,A,32,0,32
26569,T,32,0,32
26570,G,33,0,33
26571,G,33,0,33
26572,C,33,0,33
26573,T,32,0,32
26574,G,32,0,32
26575,G,31,0,31
26576,T,31,0,31
26577,G,31,0,31
26578,C,31,0,31
26579,T,31,0,31
26580,G,31,0,31
26581,C,31,0,31
26582,T,31,0,31
26583,G,31,0,31
26584,T,31,0,31
26585,A,31,0,31
26586,G,32,0,32
26587,G,32,0,32
26588,A,30,0,30
26589,G,30,0,30
26590,C,29,0,29
26591,A,29,0,29
26592,G,27,0,27
26593,C,26,0,26
26594,T,26,0,26
26595,G,26,0,26
26596,C,27,0,27
26597,G,27,0,27
26598,A,27,0,27
26599,G,27,0,27
26600,C,27,0,27
26601,A,25,0,25
26602,T,25,0,25
26603,A,25,0,25
26604,G,26,0,26
26605,C,26,0,26
26606,T,27,0,27
26607,G,27,0,27
26608,C,27,0,27
26609,T,27,0,27
26610,A,27,0,27
26611,T,27,0,27
26612,A,27,0,27
26613,G,27,0,27
26614,C,27,0,27
26615,A,27,0,27
26616,G,27,0,27
26617,C,26,0,26
26618,A,26,0,26
26619,A,26,0,26
26620,C,27,0,27
26621,T,28,0,28
26622,G,27,0,27
26623,G,27,0,27
26624,T,27,0,27
26625,G,27,0,27
26626,G,28,0,28
26627,G,29,0,29
26628,G,27,0,27
26629,C,28,0,28
26630,A,29,0,29
26631,G,29,0,29
26632,C,28,0,28
26633,A,28,0,28
26634,G,28,0,28
26635,C,28,0,28
26636,A,28,0,28
26637,C,27,0,27
26638,C,27,0,27
26639,A,27,0,27
26640,G,28,0,28
26641,C,28,0,28
26642,T,28,0,28
26643,G,28,0,28
26644,C,29,0,29
26645,A,30,0,30
26646,G,30,0,30
26647,C,30,0,30
26648,T,30,0,30
26649,G,30,0,30
26650,G,30,0,30
26651,T,31,0,31
26652,G,31,0,31
26653,G,31,0,31
26654,A,32,0,32
26655,G,32,0,32
26656,C,32,0,32
26657,A,31,0,31
26658,T,31,0,31
26659,C,31,0,31
26660,C,31,0,31
26661,G,30,0,30
26662,C,30,0,30
26663,A,30,0,30
26664,G,30,0,30
26665,C,30,0,30
26666,T,30,0,30
26667,G,30,0,30
26668,G,29,0,29
26669,T,29,0,29
26670,G,29,0,29
26671,G,27,0,27
26672,A,28,0,28
26673,G,28,0,28
26674,C,28,0,28
26675,A,28,0,28
26676,T,27,0,27
26677,C,26,0,26
26678,C,26,0,26
26679,G,25,0,25
26680,C,26,0,26
26681,A,26,0,26
26682,G,26,0,26
26683,C,25,0,25
26684,T,25,0,25
26685,G,25,0,25
26686,G,25,0,25
26687,T,25,0,25
26688,G,25,0,25
26689,G,25,0,25
26690,A,25,0,25
26691,G,28,0,28
26692,C,27,0,27
26693,A,27,0,27
26694,T,27,0,27
26695,C,27,0,27
26696,C,27,0,27
26697,G,27,0,27
26698,C,27,0,27
26699,A,27,0,27
26700,G,27,0,27
26701,C,27,0,27
26702,T,26,0,26
26703,G,27,0,27
26704,G,27,0,27
26705,T,28,0,28
26706,G,28,0,28
26707,G,28,0,28
26708,A,28,0,28
26709,G,29,0,29
26710,C,29,0,29
26711,A,29,0,29
26712,T,29,0,29
26713,C,29,0,29
26714,C,29,0,29
26715,G,28,0,28
26716,C,28,0,28
26717,A,28,0,28
26718,G,27,0,27
26719,C,27,0,27
26720,T,27,0,27
26721,G,26,0,26
26722,G,27,0,27
26723,T,27,0,27
26724,G,27,0,27
26725,G,27,0,27
26726,T,27,0,27
26727,G,28,0,28
26728,G,28,0,28
26729,T,28,0,28
26730,G,28,0,28
26731,G,28,0,28
26732,A,28,0,28
26733,G,29,0,29
26734,C,28,0,28
26735,A,28,0,28
26736,T,28,0,28
26737,C,29,0,29
26738,C,32,0,32
26739,G,32,0,32
26740,C,32,0,32
26741,A,32,0,32
26742,G,32,0,32
26743,C,32,0,32
26744,T,31,0,31
26745,G,31,0,31
26746,G,32,0,32
26747,T,31,0,31
26748,G,32,0,32
26749,G,32,0,32
26750,A,32,0,32
26751,A,32,0,32
26752,T,32,0,32
26753,G,32,0,32
26754,G,32,0,32
26755,G,32,0,32
26756,C,32,0,32
26757,G,31,0,31
26758,G,31,0,31
26759,T,31,0,31
26760,G,32,0,32
26761,G,32,0,32
26762,C,32,0,32
26763,G,31,0,31
26764,G,31,0,31
26765,C,31,0,31
26766,T,31,0,31
26767,C,31,0,31
26768,T,31,0,31
26769,A,31,0,31
26770,T,32,0,32
26771,G,31,0,31
26772,A,30,0,30
26773,T,30,0,30
26774,G,30,0,30
26775,G,30,0,30
26776,G,30,0,30
26777,A,28,0,28
26778,C,27,0,27
26779,C,28,0,28
26780,A,28,0,28
26781,G,28,0,28
26782,G,27,0,27
26783,A,27,0,27
26784,A,27,0,27
26785,G,27,0,27
26786,T,27,0,27
26787,A,27,0,27
26788,A,27,0,27
26789,T,29,0,29
26790,G,29,0,29
26791,T,29,0,29
26792,A,28,0,28
26793,A,29,0,29
26794,A,28,0,28
26795,C,28,0,28
26796,G,27,0,27
26797,C,27,0,27
26798,T,27,0,27
26799,T,28,0,28
26800,C,28,0,28
26801,T,29,0,29
26802,A,30,0,30
26803,A,30,0,30
26804,A,30,0,30
26805,A,30,0,30
26806,T,30,0,30
26807,G,30,0,30
26808,A,30,0,30
26809,C,30,0,30
26810,T,34,0,34
26811,G,34,0,34
26812,G,34,0,34
26813,A,35,0,35
26814,A,35,0,35
26815,A,35,0,35
26816,C,36,0,36
26817,T,36,0,36
26818,C,36,0,36
26819,T,36,0,36
26820,T,36,0,36
26821,T,35,0,35
26822,T,35,0,35
26823,A,34,0,34
26824,A,34,0,34
26825,A,34,0,34
26826,G,34,0,34
26827,A,34,0,34
26828,T,33,0,33
26829,A,34,0,34
26830,G,34,0,34
26831,T,33,0,33
26832,G,34,0,34
26833,G,34,0,34
26834,T,34,0,34
26835,A,34,0,34
26836,G,35,0,35
26837,T,35,0,35
26838,A,35,0,35
26839,A,34,0,34
26840,A,34,0,34
26841,C,35,0,35
26842,C,34,0,34
26843,T,34,0,34
26844,C,33,0,33
26845,A,33,0,33
26846,A,33,0,33
26847,T,33,0,33
26848,C,33,0,33
26849,T,33,0,33
26850,G,35,0,35
26851,G,36,0,36
26852,G,36,0,36
26853,G,36,0,36
26854,G,36,0,36
26855,A,36,0,36
26856,A,36,0,36
26857,A,36,0,36
26858,T,36,0,36
26859,C,36,0,36
26860,C,35,0,35
26861,A,35,0,35
26862,C,36,0,36
26863,G,36,0,36
26864,T,35,0,35
26865,G,36,0,36
26866,T,37,0,37
26867,A,38,0,38
26868,G,38,0,38
26869,C,38,0,38
26870,T,39,0,39
26871,G,39,0,39
26872,G,39,0,39
26873,A,40,0,40
26874,G,41,0,41
26875,G,42,0,42
26876,G,44,0,44
26877,G,43,0,43
26878,A,43,0,43
26879,A,43,0,43
26880,A,43,0,43
26881,A,43,0,43
26882,C,43,0,43
26883,C,44,0,44
26884,G,43,0,43
26885,T,43,0,43
26886,T,43,0,43
26887,C,44,0,44
26888,C,43,0,43
26889,A,41,0,41
26890,C,41,0,41
26891,T,41,0,41
26892,A,42,0,42
26893,G,42,0,42
26894,T,42,0,42
26895,A,42,0,42
26896,C,44,0,44
26897,T,44,0,44
26898,A,44,0,44
26899,G,43,0,43
26900,T,43,0,43
26901,C,43,0,43
26902,A,43,0,43
26903,A,43,0,43
26904,C,43,0,43
26905,C,44,0,44
26906,T,44,0,44
26907,C,44,0,44
26908,A,44,0,44
26909,A,45,0,45
26910,G,46,0,46
26911,C,45,0,45
26912,T,45,0,45
26913,A,45,0,45
26914,A,46,0,46
26915,A,47,0,47
26916,T,47,0,47
26917,C,47,0,47
26918,G,48,0,48
26919,G,48,0,48
26920,T,48,0,48
26921,T,47,0,47
26922,T,47,0,47
26923,C,51,0,51
26924,T,51,0,51
26925,T,51,0,51
26926,C,51,0,51
26927,G,52,0,52
26928,G,51,0,51
26929,A,51,0,51
26930,T,49,0,49
26931,C,49,0,49
26932,A,49,0,49
26933,A,49,0,49
26934,T,50,0,50
26935,C,50,0,50
26936,A,51,0,51
26937,T,51,0,51
26938,C,51,0,51
26939,G,52,0,52
26940,G,49,0,49
26941,T,49,0,49
26942,T,49,0,49
26943,T,49,0,49
26944,C,48,0,48
26945,T,47,0,47
26946,C,47,0,47
26947,C,47,0,47
26948,A,48,0,48
26949,G,48,0,48
26950,A,48,0,48
26951,T,48,0,48
26952,C,47,0,47
26953,A,47,0,47
26954,A,47,0,47
26955,T,47,0,47
26956,C,47,0,47
26957,T,47,0,47
26958,A,47,0,47
26959,A,47,0,47
26960,G,47,0,47
26961,T,43,0,43
26962,C,43,0,43
26963,A,43,0,43
26964,C,43,0,43
26965,C,42,0,42
26966,T,42,0,42
26967,T,42,0,42
26968,T,42,0,42
26969,T,42,0,42
26970,T,42,0,42
26971,T,42,0,42
26972,C,42,0,42
26973,A,42,0,42
26974,A,42,0,42
26975,A,42,0,42
26976,A,42,0,42
26977,T,42,0,42
26978,G,41,0,41
26979,A,43,0,43
26980,G,42,0,42
26981,A,44,0,44
26982,G,44,0,44
26983,A,43,0,43
26984,T,43,0,43
26985,G,42,0,42
26986,T,43,0,43
26987,G,44,0,44
26988,G,44,0,44
26989,C,44,0,44
26990,T,44,0,44
26991,G,44,0,44
26992,A,44,0,44
26993,T,46,0,46
26994,A,47,0,47
26995,T,47,0,47
26996,G,47,0,47
26997,A,47,0,47
26998,C,47,0,47
26999,T,47,0,47
27000,T,47,0,47
27001,T,45,0,45
27002,A,45,0,45
27003,A,45,0,45
27004,A,45,0,45
27005,A,45,0,45
27006,G,45,0,45
27007,G,45,0,45
27008,T,45,0,45
27009,A,45,0,45
27010,C,45,0,45
27011,T,44,0,44
27012,G,44,0,44
27013,G,43,0,43
27014,A,43,0,43
27015,C,42,0,42
27016,A,41,0,41
27017,T,40,0,40
27018,A,39,0,39
27019,T,39,0,39
27020,G,40,0,40
27021,G,39,0,39
27022,C,39,0,39
27023,T,39,0,39
27024,G,39,0,39
27025,C,37,0,37
27026,T,38,0,38
27027,T,37,0,37
27028,T,37,0,37
27029,T,37,0,37
27030,T,37,0,37
27031,G,37,0,37
27032,T,36,0,36
27033,A,36,0,36
27034,T,35,0,35
27035,T,35,0,35
27036,C,35,0,35
27037,C,35,0,35
27038,A,34,0,34
27039,G,34,0,34
27040,G,34,0,34
27041,A,34,0,34
27042,A,34,0,34
27043,T,33,0,33
27044,G,34,0,34
27045,G,34,0,34
27046,A,34,0,34
27047,A,33,0,33
27048,G,32,0,32
27049,A,32,0,32
27050,T,33,0,33
27051,G,33,0,33
27052,C,34,0,34
27053,A,35,0,35
27054,T,35,0,35
27055,C,35,0,35
27056,A,34,0,34
27057,A,34,0,34
27058,A,34,0,34
27059,T,34,0,34
27060,C,33,0,33
27061,T,32,0,32
27062,T,32,0,32
27063,A,32,0,32
27064,G,32,0,32
27065,T,31,0,31
27066,C,31,0,31
27067,T,32,0,32
27068,T,33,0,33
27069,A,33,0,33
27070,A,31,0,31
27071,T,31,0,31
27072,G,31,0,31
27073,C,32,0,32
27074,T,30,0,30
27075,C,30,0,30
27076,C,31,0,31
27077,A,30,0,30
27078,C,29,0,29
27079,C,30,0,30
27080,T,30,0,30
27081,G,33,0,33
27082,C,33,0,33
27083,A,33,0,33
27084,C,33,0,33
27085,C,33,0,33
27086,A,33,0,33
27087,C,33,0,33
27088,C,33,0,33
27089,A,35,0,35
27090,G,34,0,34
27091,A,34,0,34
27092,A,35,0,35
27093,T,35,0,35
27094,A,35,0,35
27095,T,35,0,35
27096,A,35,0,35
27097,A,37,0,37
27098,C,37,0,37
27099,G,36,0,36
27100,A,36,0,36
27101,T,37,0,37
27102,A,38,0,38
27103,T,38,0,38
27104,C,38,0,38
27105,C,38,0,38
27106,A,38,0,38
27107,A,38,0,38
27108,T,38,0,38
27109,T,39,0,39
27110,T,39,0,39
27111,T,40,0,40
27112,C,40,0,40
27113,T,40,0,40
27114,A,40,0,40
27115,G,37,0,37
27116,T,37,0,37
27117,G,38,0,38
27118,A,38,0,38
27119,T,39,0,39
27120,A,37,0,37
27121,A,37,0,37
27122,T,37,0,37
27123,A,37,0,37
27124,A,39,0,39
27125,A,39,0,39
27126,T,39,0,39
27127,C,40,0,40
27128,T,40,0,40
27129,C,40,0,40
27130,A,40,0,40
27131,A,40,0,40
27132,T,40,0,40
27133,C,40,0,40
27134,T,42,0,42
27135,G,42,0,42
27136,A,42,0,42
27137,T,41,0,41
27138,G,40,0,40
27139,A,40,0,40
27140,A,41,0,41
27141,G,41,0,41
27142,C,41,0,41
27143,T,42,0,42
27144,A,39,0,39
27145,A,38,0,38
27146,A,38,0,38
27147,A,38,0,38
27148,C,38,0,38
27149,A,38,0,38
27150,A,38,0,38
27151,G,38,0,38
27152,T,39,0,39
27153,A,38,0,38
27154,A,38,0,38
27155,T,38,0,38
27156,A,37,0,37
27157,T,37,0,37
27158,G,37,0,37
27159,A,37,0,37
27160,T,37,0,37
27161,G,37,0,37
27162,G,37,0,37
27163,A,37,0,37
27164,A,37,0,37
27165,A,36,0,36
27166,A,36,0,36
27167,T,37,0,37
27168,A,37,0,37
27169,C,37,0,37
27170,A,37,0,37
27171,A,36,0,36
27172,T,36,0,36
27173,T,36,0,36
27174,T,36,0,36
27175,C,36,0,36
27176,T,36,0,36
27177,G,35,0,35
27178,G,35,0,35
27179,A,35,0,35
27180,G,36,0,36
27181,C,36,0,36
27182,A,36,0,36
27183,G,37,0,37
27184,A,37,0,37
27185,A,37,0,37
27186,T,37,0,37
27187,C,37,0,37
27188,T,37,0,37
27189,A,37,0,37
27190,T,37,0,37
27191,A,37,0,37
27192,A,37,0,37
27193,T,37,0,37
27194,A,37,0,37
27195,A,37,0,37
27196,A,38,0,38
27197,T,38,0,38
27198,A,39,0,39
27199,A,38,0,38
27200,A,38,0,38
27201,A,37,0,37
27202,A,37,0,37
27203,C,37,0,37
27204,T,36,0,36
27205,A,36,0,36
27206,A,36,0,36
27207,A,37,0,37
27208,G,37,0,37
27209,A,37,0,37
27210,G,37,0,37
27211,A,37,0,37
27212,C,37,0,37
27213,T,37,0,37
27214,T,38,0,38
27215,T,40,0,40
27216,A,40,0,40
27217,G,39,0,39
27218,T,38,0,38
27219,T,37,0,37
27220,T,37,0,37
27221,T,37,0,37
27222,A,37,0,37
27223,T,37,0,37
27224,T,35,0,35
27225,T,36,0,36
27226,T,36,0,36
27227,G,36,0,36
27228,A,36,0,36
27229,G,37,0,37
27230,A,36,0,36
27231,A,36,0,36
27232,A,33,0,33
27233,G,33,0,33
27234,C,33,0,33
27235,A,33,0,33
27236,G,33,0,33
27237,A,33,0,33
27238,T,33,0,33
27239,A,31,0,31
27240,G,30,0,30
27241,T,29,0,29
27242,A,29,0,29
27243,G,29,0,29
27244,T,29,0,29
27245,T,29,0,29
27246,T,29,0,29
27247,C,29,0,29
27248,T,27,0,27
27249,T,27,0,27
27250,T,27,0,27
27251,A,27,0,27
27252,G,27,0,27
27253,T,26,0,26
27254,T,26,0,26
27255,T,25,0,25
27256,G,25,0,25
27257,A,25,0,25
27258,G,25,0,25
27259,A,25,0,25
27260,T,25,0,25
27261,T,25,0,25
27262,G,24,0,24
27263,A,24,0,24
27264,T,25,0,25
27265,A,25,0,25
27266,A,25,0,25
27267,T,25,0,25
27268,T,25,0,25
27269,T,25,0,25
27270,A,24,0,24
27271,C,24,0,24
27272,A,26,0,26
27273,T,26,0,26
27274,T,26,0,26
27275,T,24,0,24
27276,T,24,0,24
27277,A,24,0,24
27278,T,23,0,23
27279,T,23,0,23
27280,G,23,0,23
27281,T,22,0,22
27282,C,21,0,21
27283,G,21,0,21
27284,T,20,0,20
27285,A,19,0,19
27286,A,19,0,19
27287,G,19,0,19
27288,C,19,0,19
27289,T,19,0,19
27290,A,19,0,19
27291,T,19,0,19
27292,G,19,0,19
27293,T,19,0,19
27294,A,19,0,19
27295,A,19,0,19
27296,T,19,0,19
27297,T,19,0,19
27298,T,19,0,19
27299,A,20,0,20
27300,A,20,0,20
27301,A,20,0,20
27302,A,21,0,21
27303,T,20,0,20
27304,C,20,0,20
27305,C,20,0,20
27306,A,20,0,20
27307,T,20,0,20
27308,G,20,0,20
27309,A,21,0,21
27310,T,21,0,21
27311,C,21,0,21
27312,A,21,0,21
27313,C,21,0,21
27314,G,22,0,22
27315,A,22,0,22
27316,T,22,0,22
27317,C,22,0,22
27318,T,21,0,21
27319,G,21,0,21
27320,T,22,0,22
27321,A,22,0,22
27322,G,23,0,23
27323,A,24,0,24
27324,A,24,0,24
27325,G,27,0,27
27326,T,29,0,29
27327,T,29,0,29
27328,A,29,0,29
27329,A,29,0,29
27330,T,30,0,30
27331,T,30,0,30
27332,C,30,0,30
27333,T,30,0,30
27334,T,29,0,29
27335,C,29,0,29
27336,A,29,0,29
27337,T,29,0,29
27338,C,29,0,29
27339,A,30,0,30
27340,A,31,0,31
27341,A,31,0,31
27342,A,32,0,32
27343,A,32,0,32
27344,A,32,0,32
27345,C,32,0,32
27346,T,31,0,31
27347,T,30,0,30
27348,T,30,0,30
27349,T,29,0,29
27350,T,29,0,29
27351,A,27,0,27
27352,G,27,0,27
27353,C,27,0,27
27354,T,27,0,27
27355,T,27,0,27
27356,G,27,0,27
27357,T,27,0,27
27358,T,26,0,26
27359,C,27,0,27
27360,T,27,0,27
27361,T,27,0,27
27362,C,27,0,27
27363,C,27,0,27
27364,T,26,0,26
27365,G,25,0,25
27366,T,25,0,25
27367,T,25,0,25
27368,G,25,0,25
27369,G,24,0,24
27370,G,24,0,24
27371,T,24,0,24
27372,C,24,0,24
27373,T,24,0,24
27374,T,24,0,24
27375,A,24,0,24
27376,C,24,0,24
27377,G,23,0,23
27378,C,23,0,23
27379,T,23,0,23
27380,T,22,0,22
27381,T,23,0,23
27382,T,24,0,24
27383,C,24,0,24
27384,C,24,0,24
27385,T,24,0,24
27386,C,24,0,24
27387,T,25,0,25
27388,T,25,0,25
27389,C,25,0,25
27390,A,25,0,25
27391,G,27,0,27
27392,T,27,0,27
27393,T,27,0,27
27394,T,28,0,28
27395,T,28,0,28
27396,A,28,0,28
27397,C,28,0,28
27398,C,28,0,28
27399,A,28,0,28
27400,C,28,0,28
27401,A,27,0,27
27402,A,28,0,28
27403,C,28,0,28
27404,C,28,0,28
27405,G,28,0,28
27406,G,30,0,30
27407,T,30,0,30
27408,A,30,0,30
27409,A,31,0,31
27410,T,31,0,31
27411,A,34,0,34
27412,C,36,0,36
27413,T,37,0,37
27414,A,37,0,37
27415,A,36,0,36
27416,A,38,0,38
27417,T,38,0,38
27418,C,40,0,40
27419,C,40,0,40
27420,T,40,0,40
27421,A,40,0,40
27422,C,40,0,40
27423,A,39,0,39
27424,G,39,0,39
27425,C,40,0,40
27426,T,40,0,40
27427,A,40,0,40
27428,A,40,0,40
27429,C,40,0,40
27430,A,40,0,40
27431,T,40,0,40
27432,A,40,0,40
27433,A,40,0,40
27434,C,40,0,40
27435,G,40,0,40
27436,A,40,0,40
27437,T,40,0,40
27438,G,40,0,40
27439,C,40,0,40
27440,A,40,0,40
27441,T,40,0,40
27442,A,40,0,40
27443,A,40,0,40
27444,T,41,0,41
27445,A,41,0,41
27446,A,42,0,42
27447,A,43,0,43
27448,A,43,0,43
27449,T,43,0,43
27450,G,42,0,42
27451,T,42,0,42
27452,T,42,0,42
27453,T,42,0,42
27454,T,42,0,42
27455,T,42,0,42
27456,T,42,0,42
27457,T,43,0,43
27458,T,44,0,44
27459,C,44,0,44
27460,A,43,0,43
27461,T,44,0,44
27462,T,48,0,48
27463,T,48,0,48
27464,T,49,0,49
27465,T,49,0,49
27466,A,50,0,50
27467,T,51,0,51
27468,C,51,0,51
27469,C,52,0,52
27470,C,51,0,51
27471,T,50,0,50
27472,C,50,0,50
27473,T,49,0,49
27474,T,47,0,47
27475,T,46,0,46
27476,A,44,0,44
27477,A,42,0,42
27478,A,43,0,43
27479,T,43,0,43
27480,T,43,0,43
27481,T,43,0,43
27482,A,43,0,43
27483,C,43,0,43
27484,T,43,0,43
27485,A,43,0,43
27486,T,43,0,43
27487,G,44,0,44
27488,T,45,0,45
27489,G,45,0,45
27490,G,44,0,44
27491,C,43,0,43
27492,A,43,0,43
27493,A,42,0,42
27494,T,43,0,43
27495,A,43,0,43
27496,T,43,0,43
27497,C,43,0,43
27498,A,43,0,43
27499,T,43,0,43
27500,C,43,0,43
27501,A,43,0,43
27502,T,43,0,43
27503,A,43,0,43
27504,C,43,0,43
27505,T,43,0,43
27506,A,43,0,43
27507,A,43,0,43
27508,G,43,0,43
27509,G,43,0,43
27510,T,42,0,42
27511,A,42,0,42
27512,T,42,0,42
27513,G,42,0,42
27514,A,42,0,42
27515,G,42,0,42
27516,A,42,0,42
27517,T,42,0,42
27518,G,44,0,44
27519,G,43,0,43
27520,T,43,0,43
27521,T,45,0,45
27522,T,47,0,47
27523,A,47,0,47
27524,T,47,0,47
27525,T,47,0,47
27526,G,47,0,47
27527,T,47,0,47
27528,A,47,0,47
27529,T,47,0,47
27530,T,47,0,47
27531,G,48,0,48
27532,G,49,0,49
27533,T,48,0,48
27534,G,48,0,48
27535,T,47,0,47
27536,A,47,0,47
27537,C,48,0,48
27538,A,47,0,47
27539,G,50,0,50
27540,A,51,0,51
27541,T,51,0,51
27542,T,50,0,50
27543,G,49,0,49
27544,A,49,0,49
27545,A,50,0,50
27546,T,50,0,50
27547,T,48,0,48
27548,A,48,0,48
27549,T,48,0,48
27550,C,48,0,48
27551,G,48,0,48
27552,C,48,0,48
27553,G,47,0,47
27554,A,47,0,47
27555,T,47,0,47
27556,C,47,0,47
27557,T,47,0,47
27558,T,47,0,47
27559,T,47,0,47
27560,T,48,0,48
27561,G,48,0,48
27562,T,45,0,45
27563,T,44,0,44
27564,T,43,0,43
27565,T,43,0,43
27566,T,44,0,44
27567,T,42,0,42
27568,T,42,0,42
27569,A,41,0,41
27570,T,41,0,41
27571,G,41,0,41
27572,A,41,0,41
27573,G,41,0,41
27574,C,40,0,40
27575,A,41,0,41
27576,T,40,0,40
27577,T,40,0,40
27578,G,40,0,40
27579,T,40,0,40
27580,T,40,0,40
27581,A,40,0,40
27582,A,41,0,41
27583,T,42,0,42
27584,G,42,0,42
27585,G,42,0,42
27586,G,42,0,42
27587,G,42,0,42
27588,A,42,0,42
27589,A,42,0,42
27590,T,42,0,42
27591,G,42,0,42
27592,T,43,0,43
27593,G,42,0,42
27594,T,42,0,42
27595,A,41,0,41
27596,A,42,0,42
27597,A,42,0,42
27598,T,40,0,40
27599,A,40,0,40
27600,G,40,0,40
27601,T,40,0,40
27602,T,40,0,40
27603,T,40,0,40
27604,A,40,0,40
27605,C,40,0,40
27606,C,41,0,41
27607,T,39,0,39
27608,T,37,0,37
27609,A,36,0,36
27610,A,36,0,36
27611,A,37,0,37
27612,A,37,0,37
27613,A,34,0,34
27614,G,34,0,34
27615,C,34,0,34
27616,G,34,0,34
27617,T,33,0,33
27618,A,33,0,33
27619,T,33,0,33
27620,C,33,0,33
27621,A,33,0,33
27622,A,33,0,33
27623,T,33,0,33
27624,G,33,0,33
27625,T,32,0,32
27626,T,32,0,32
27627,T,33,0,33
27628,C,34,0,34
27629,A,33,0,33
27630,T,32,0,32
27631,A,33,0,33
27632,A,34,0,34
27633,C,34,0,34
27634,A,35,0,35
27635,A,35,0,35
27636,A,35,0,35
27637,A,36,0,36
27638,A,35,0,35
27639,A,35,0,35
27640,T,35,0,35
27641,G,36,0,36
27642,A,36,0,36
27643,G,36,0,36
27644,A,36,0,36
27645,A,36,0,36
27646,G,36,0,36
27647,G,36,0,36
27648,A,37,0,37
27649,A,37,0,37
27650,A,37,0,37
27651,G,37,0,37
27652,A,37,0,37
27653,G,37,0,37
27654,C,36,0,36
27655,C,36,0,36
27656,A,36,0,36
27657,A,36,0,36
27658,A,36,0,36
27659,A,37,0,37
27660,C,39,0,39
27661,T,39,0,39
27662,G,40,0,40
27663,A,40,0,40
27664,C,42,0,42
27665,A,42,0,42
27666,A,43,0,43
27667,T,43,0,43
27668,A,44,0,44
27669,A,43,0,43
27670,A,43,0,43
27671,C,43,0,43
27672,A,41,0,41
27673,A,39,0,39
27674,C,39,0,39
27675,A,39,0,39
27676,A,39,0,39
27677,A,38,0,38
27678,A,38,0,38
27679,A,38,0,38
27680,C,38,0,38
27681,A,38,0,38
27682,T,37,0,37
27683,G,36,0,36
27684,G,36,0,36
27685,G,36,0,36
27686,G,36,0,36
27687,T,36,0,36
27688,A,35,0,35
27689,T,35,0,35
27690,A,33,0,33
27691,T,33,0,33
27692,T,33,0,33
27693,A,33,0,33
27694,A,33,0,33
27695,T,33,0,33
27696,G,32,0,32
27697,A,32,0,32
27698,T,32,0,32
27699,G,32,0,32
27700,A,32,0,32
27701,T,32,0,32
27702,A,33,0,33
27703,T,33,0,33
27704,T,33,0,33
27705,G,34,0,34
27706,A,33,0,33
27707,C,34,0,34
27708,C,34,0,34
27709,G,33,0,33
27710,A,33,0,33
27711,T,33,0,33
27712,T,32,0,32
27713,T,32,0,32
27714,A,31,0,31
27715,C,31,0,31
27716,T,31,0,31
27717,G,30,0,30
27718,A,30,0,30
27719,T,31,0,31
27720,G,30,0,30
27721,T,31,0,31
27722,A,32,0,32
27723,A,33,0,33
27724,A,33,0,33
27725,A,33,0,33
27726,T,32,0,32
27727,G,32,0,32
27728,T,32,0,32
27729,A,34,0,34
27730,T,34,0,34
27731,T,34,0,34
27732,G,34,0,34
27733,C,33,0,33
27734,A,33,0,33
27735,A,34,0,34
27736,T,34,0,34
27737,A,35,0,35
27738,G,35,0,35
27739,G,35,0,35
27740,A,35,0,35
27741,A,35,0,35
27742,G,35,0,35
27743,T,36,0,36
27744,C,37,0,37
27745,C,37,0,37
27746,A,39,0,39
27747,A,38,0,38
27748,C,38,0,38
27749,T,39,0,39
27750,A,40,0,40
27751,A,40,0,40
27752,T,40,0,40
27753,G,40,0,40
27754,T,40,0,40
27755,T,38,0,38
27756,A,38,0,38
27757,T,38,0,38
27758,A,39,0,39
27759,A,40,0,40
27760,A,40,0,40
27761,A,40,0,40
27762,G,40,0,40
27763,A,40,0,40
27764,T,40,0,40
27765,A,40,0,40
27766,T,40,0,40
27767,A,39,0,39
27768,A,39,0,39
27769,C,39,0,39
27770,T,39,0,39
27771,G,39,0,39
27772,A,39,0,39
27773,T,39,0,39
27774,A,39,0,39
27775,G,43,0,43
27776,A,43,0,43
27777,A,42,0,42
27778,C,41,0,41
27779,G,40,0,40
27780,C,40,0,40
27781,T,40,0,40
27782,T,40,0,40
27783,A,39,0,39
27784,G,39,0,39
27785,T,38,0,38
27786,A,38,0,38
27787,T,39,0,39
27788,A,40,0,40
27789,A,40,0,40
27790,C,40,0,40
27791,T,40,0,40
27792,A,39,0,39
27793,T,39,0,39
27794,T,39,0,39
27795,A,39,0,39
27796,C,40,0,40
27797,A,40,0,40
27798,G,41,0,41
27799,G,40,0,40
27800,A,39,0,39
27801,C,39,0,39
27802,C,40,0,40
27803,A,40,0,40
27804,C,40,0,40
27805,G,41,0,41
27806,A,41,0,41
27807,A,41,0,41
27808,A,41,0,41
27809,C,43,0,43
27810,C,41,0,41
27811,A,40,0,40
27812,C,40,0,40
27813,A,39,0,39
27814,A,39,0,39
27815,A,39,0,39
27816,A,40,0,40
27817,G,39,0,39
27818,C,39,0,39
27819,A,39,0,39
27820,A,39,0,39
27821,A,41,0,41
27822,A,42,0,42
27823,G,42,0,42
27824,A,42,0,42
27825,A,42,0,42
27826,G,43,0,43
27827,C,44,0,44
27828,A,44,0,44
27829,A,46,0,46
27830,T,46,0,46
27831,G,46,0,46
27832,C,46,0,46
27833,A,46,0,46
27834,C,46,0,46
27835,T,46,0,46
27836,T,46,0,46
27837,T,46,0,46
27838,T,46,0,46
27839,G,46,0,46
27840,C,46,0,46
27841,C,46,0,46
27842,C,45,0,45
27843,A,45,0,45
27844,T,45,0,45
27845,T,45,0,45
27846,T,46,0,46
27847,G,47,0,47
27848,T,47,0,47
27849,A,47,0,47
27850,G,47,0,47
27851,T,47,0,47
27852,T,47,0,47
27853,T,46,0,46
27854,T,46,0,46
27855,G,46,0,46
27856,A,44,0,44
27857,G,44,0,44
27858,A,44,0,44
27859,T,44,0,44
27860,C,44,0,44
27861,A,44,0,44
27862,T,44,0,44
27863,T,44,0,44
27864,T,44,0,44
27865,T,43,0,43
27866,C,43,0,43
27867,C,44,0,44
27868,C,46,0,46
27869,C,46,0,46
27870,T,45,0,45
27871,C,43,0,43
27872,A,43,0,43
27873,C,43,0,43
27874,G,43,0,43
27875,C,43,0,43
27876,G,43,0,43
27877,C,43,0,43
27878,T,43,0,43
27879,T,43,0,43
27880,A,42,0,42
27881,A,42,0,42
27882,A,42,0,42
27883,T,43,0,43
27884,T,43,0,43
27885,A,42,0,42
27886,A,41,0,41
27887,G,41,0,41
27888,A,40,0,40
27889,T,40,0,40
27890,G,39,0,39
27891,T,39,0,39
27892,C,41,0,41
27893,T,41,0,41
27894,C,40,0,40
27895,A,40,0,40
27896,T,40,0,40
27897,A,38,0,38
27898,A,38,0,38
27899,T,39,0,39
27900,A,39,0,39
27901,T,38,0,38
27902,A,39,0,39
27903,T,39,0,39
27904,A,39,0,39
27905,A,41,0,41
27906,A,40,0,40
27907,T,40,0,40
27908,A,40,0,40
27909,C,39,0,39
27910,G,38,0,38
27911,A,38,0,38
27912,T,38,0,38
27913,A,37,0,37
27914,A,40,0,40
27915,A,39,0,39
27916,T,39,0,39
27917,G,39,0,39
27918,A,39,0,39
27919,T,39,0,39
27920,A,40,0,40
27921,C,40,0,40
27922,A,40,0,40
27923,A,40,0,40
27924,G,40,0,40
27925,T,40,0,40
27926,C,39,0,39
27927,A,39,0,39
27928,T,39,0,39
27929,A,39,0,39
27930,T,39,0,39
27931,T,39,0,39
27932,T,41,0,41
27933,T,41,0,41
27934,T,41,0,41
27935,G,42,0,42
27936,T,41,0,41
27937,A,43,0,43
27938,A,41,0,41
27939,A,40,0,40
27940,A,40,0,40
27941,T,40,0,40
27942,C,40,0,40
27943,T,41,0,41
27944,T,41,0,41
27945,C,41,0,41
27946,G,43,0,43
27947,A,42,0,42
27948,G,42,0,42
27949,A,42,0,42
27950,T,42,0,42
27951,C,42,0,42
27952,T,42,0,42
27953,G,41,0,41
27954,T,42,0,42
27955,T,42,0,42
27956,T,42,0,42
27957,G,42,0,42
27958,A,41,0,41
27959,T,40,0,40
27960,A,38,0,38
27961,T,38,0,38
27962,T,38,0,38
27963,C,37,0,37
27964,A,38,0,38
27965,T,38,0,38
27966,T,38,0,38
27967,A,38,0,38
27968,G,38,0,38
27969,A,38,0,38
27970,T,38,0,38
27971,G,38,0,38
27972,G,37,0,37
27973,A,37,0,37
27974,A,37,0,37
27975,T,37,0,37
27976,A,37,0,37
27977,T,36,0,36
27978,C,35,0,35
27979,T,35,0,35
27980,G,33,0,33
27981,A,33,0,33
27982,T,33,0,33
27983,T,33,0,33
27984,T,33,0,33
27985,G,34,0,34
27986,G,34,0,34
27987,T,34,0,34
27988,A,34,0,34
27989,G,34,0,34
27990,A,34,0,34
27991,G,34,0,34
27992,G,34,0,34
27993,A,34,0,34
27994,T,34,0,34
27995,G,34,0,34
27996,G,34,0,34
27997,C,34,0,34
27998,T,33,0,33
27999,C,33,0,33
28000,T,33,0,33
28001,A,33,0,33
28002,T,35,0,35
28003,T,35,0,35
28004,T,35,0,35
28005,G,35,0,35
28006,A,35,0,35
28007,T,35,0,35
28008,A,37,0,37
28009,T,37,0,37
28010,T,37,0,37
28011,C,37,0,37
28012,T,37,0,37
28013,T,37,0,37
28014,T,37,0,37
28015,C,37,0,37
28016,A,37,0,37
28017,T,37,0,37
28018,A,37,0,37
28019,A,35,0,35
28020,A,35,0,35
28021,A,35,0,35
28022,G,35,0,35
28023,T,35,0,35
28024,A,35,0,35
28025,A,35,0,35
28026,T,35,0,35
28027,T,35,0,35
28028,T,35,0,35
28029,T,35,0,35
28030,A,34,0,34
28031,T,34,0,34
28032,T,34,0,34
28033,T,34,0,34
28034,C,33,0,33
28035,C,33,0,33
28036,T,33,0,33
28037,T,33,0,33
28038,T,33,0,33
28039,G,32,0,32
28040,A,32,0,32
28041,A,32,0,32
28042,G,32,0,32
28043,A,29,0,29
28044,A,29,0,29
28045,T,29,0,29
28046,A,29,0,29
28047,G,32,0,32
28048,A,32,0,32
28049,A,32,0,32
28050,T,32,0,32
28051,T,32,0,32
28052,G,33,0,33
28053,G,33,0,33
28054,A,33,0,33
28055,T,33,0,33
28056,T,31,0,31
28057,G,32,0,32
28058,A,32,0,32
28059,T,32,0,32
28060,C,32,0,32
28061,C,34,0,34
28062,A,33,0,33
28063,A,33,0,33
28064,T,33,0,33
28065,A,30,0,30
28066,T,29,0,29
28067,T,31,0,31
28068,G,33,0,33
28069,A,34,0,34
28070,T,34,0,34
28071,T,33,0,33
28072,A,33,0,33
28073,G,34,0,34
28074,G,34,0,34
28075,T,34,0,34
28076,A,34,0,34
28077,A,35,0,35
28078,T,35,0,35
28079,T,35,0,35
28080,T,35,0,35
28081,T,35,0,35
28082,G,35,0,35
28083,G,35,0,35
28084,T,35,0,35
28085,T,36,0,36
28086,T,35,0,35
28087,T,35,0,35
28088,A,34,0,34
28089,A,34,0,34
28090,A,34,0,34
28091,A,35,0,35
28092,T,36,0,36
28093,T,36,0,36
28094,C,35,0,35
28095,C,35,0,35
28096,T,35,0,35
28097,T,33,0,33
28098,T,33,0,33
28099,T,34,0,34
28100,T,34,0,34
28101,G,34,0,34
28102,T,33,0,33
28103,A,32,0,32
28104,T,34,0,34
28105,G,34,0,34
28106,A,34,0,34
28107,G,33,0,33
28108,C,33,0,33
28109,T,34,0,34
28110,C,34,0,34
28111,T,34,0,34
28112,C,35,0,35
28113,T,35,0,35
28114,T,36,0,36
28115,A,35,0,35
28116,A,36,0,36
28117,A,36,0,36
28118,C,35,0,35
28119,C,35,0,35
28120,A,36,0,36
28121,T,36,0,36
28122,T,36,0,36
28123,G,37,0,37
28124,T,37,0,37
28125,G,37,0,37
28126,A,37,0,37
28127,A,37,0,37
28128,A,37,0,37
28129,A,38,0,38
28130,G,38,0,38
28131,T,39,0,39
28132,T,39,0,39
28133,C,39,0,39
28134,T,39,0,39
28135,G,39,0,39
28136,T,38,0,38
28137,C,38,0,38
28138,G,37,0,37
28139,A,37,0,37
28140,C,37,0,37
28141,C,37,0,37
28142,A,37,0,37
28143,T,37,0,37
28144,A,37,0,37
28145,T,37,0,37
28146,C,36,0,36
28147,G,36,0,36
28148,T,37,0,37
28149,G,37,0,37
28150,C,38,0,38
28151,T,38,0,38
28152,T,38,0,38
28153,T,36,0,36
28154,T,36,0,36
28155,T,36,0,36
28156,T,36,0,36
28157,C,36,0,36
28158,C,35,0,35
28159,A,35,0,35
28160,T,35,0,35
28161,T,35,0,35
28162,A,35,0,35
28163,A,36,0,36
28164,C,36,0,36
28165,G,36,0,36
28166,C,36,0,36
28167,C,36,0,36
28168,T,36,0,36
28169,C,37,0,37
28170,C,37,0,37
28171,A,37,0,37
28172,T,37,0,37
28173,C,37,0,37
28174,A,39,0,39
28175,A,39,0,39
28176,A,39,0,39
28177,C,41,0,41
28178,C,41,0,41
28179,A,42,0,42
28180,A,42,0,42
28181,A,42,0,42
28182,T,42,0,42
28183,T,42,0,42
28184,A,42,0,42
28185,G,42,0,42
28186,A,42,0,42
28187,G,43,0,43
28188,T,43,0,43
28189,A,43,0,43
28190,A,43,0,43
28191,T,43,0,43
28192,A,43,0,43
28193,C,44,0,44
28194,T,44,0,44
28195,A,46,0,46
28196,T,46,0,46
28197,T,47,0,47
28198,A,44,0,44
28199,T,44,0,44
28200,T,45,0,45
28201,A,45,0,45
28202,T,45,0,45
28203,T,44,0,44
28204,T,42,0,42
28205,T,42,0,42
28206,T,46,0,46
28207,G,47,0,47
28208,T,47,0,47
28209,T,47,0,47
28210,T,48,0,48
28211,T,48,0,48
28212,C,46,0,46
28213,T,47,0,47
28214,G,47,0,47
28215,T,47,0,47
28216,C,47,0,47
28217,T,47,0,47
28218,T,44,0,44
28219,A,43,0,43
28220,T,42,0,42
28221,T,42,0,42
28222,A,42,0,42
28223,G,42,0,42
28224,A,41,0,41
28225,T,42,0,42
28226,T,42,0,42
28227,G,41,0,41
28228,A,40,0,40
28229,C,41,0,41
28230,A,41,0,41
28231,C,41,0,41
28232,T,40,0,40
28233,C,40,0,40
28234,C,39,0,39
28235,T,38,0,38
28236,C,37,0,37
28237,T,37,0,37
28238,A,39,0,39
28239,A,39,0,39
28240,A,39,0,39
28241,A,39,0,39
28242,C,40,0,40
28243,A,38,0,38
28244,A,38,0,38
28245,T,38,0,38
28246,T,41,0,41
28247,A,42,0,42
28248,T,44,0,44
28249,C,45,0,45
28250,A,45,0,45
28251,A,45,0,45
28252,A,46,0,46
28253,A,46,0,46
28254,C,46,0,46
28255,A,45,0,45
28256,C,46,0,46
28257,G,46,0,46
28258,A,46,0,46
28259,T,47,0,47
28260,G,46,0,46
28261,A,47,0,47
28262,C,47,0,47
28263,C,46,0,46
28264,T,46,0,46
28265,G,45,0,45
28266,T,45,0,45
28267,A,45,0,45
28268,C,47,0,47
28269,G,47,0,47
28270,A,47,0,47
28271,G,46,0,46
28272,A,46,0,46
28273,T,47,0,47
28274,A,46,0,46
28275,A,47,0,47
28276,A,47,0,47
28277,T,47,0,47
28278,T,47,0,47
28279,A,47,0,47
28280,A,47,0,47
28281,A,47,0,47
28282,A,48,0,48
28283,A,48,0,48
28284,C,48,0,48
28285,T,48,0,48
28286,G,48,0,48
28287,T,48,0,48
28288,T,49,0,49
28289,T,49,0,49
28290,G,49,0,49
28291,G,49,0,49
28292,A,49,0,49
28293,T,49,0,49
28294,T,50,0,50
28295,C,51,0,51
28296,C,50,0,50
28297,A,50,0,50
28298,T,50,0,50
28299,T,50,0,50
28300,A,51,0,51
28301,G,50,0,50
28302,C,52,0,52
28303,A,54,0,54
28304,A,54,0,54
28305,A,54,0,54
28306,G,54,0,54
28307,A,54,0,54
28308,T,54,0,54
28309,T,54,0,54
28310,T,53,0,53
28311,C,53,0,53
28312,T,53,0,53
28313,A,54,0,54
28314,T,53,0,53
28315,A,54,0,54
28316,A,54,0,54
28317,A,54,0,54
28318,T,54,0,54
28319,T,54,0,54
28320,T,53,0,53
28321,T,53,0,53
28322,T,53,0,53
28323,T,54,0,54
28324,T,54,0,54
28325,T,52,0,52
28326,C,52,0,52
28327,A,52,0,52
28328,T,51,0,51
28329,T,51,0,51
28330,T,51,0,51
28331,G,52,0,52
28332,T,52,0,52
28333,T,52,0,52
28334,T,52,0,52
28335,T,52,0,52
28336,T,53,0,53
28337,T,54,0,54
28338,C,53,0,53
28339,T,52,0,52
28340,G,53,0,53
28341,T,53,0,53
28342,C,54,0,54
28343,A,54,0,54
28344,C,54,0,54
28345,A,54,0,54
28346,T,53,0,53
28347,G,53,0,53
28348,A,52,0,52
28349,A,52,0,52
28350,T,52,0,52
28351,T,51,0,51
28352,G,52,0,52
28353,T,52,0,52
28354,A,52,0,52
28355,G,52,0,52
28356,G,52,0,52
28357,T,48,0,48
28358,A,47,0,47
28359,T,47,0,47
28360,T,47,0,47
28361,A,46,0,46
28362,C,46,0,46
28363,C,47,0,47
28364,T,46,0,46
28365,C,46,0,46
28366,T,46,0,46
28367,G,48,0,48
28368,T,49,0,49
28369,T,50,0,50
28370,C,52,0,52
28371,T,52,0,52
28372,A,53,0,53
28373,T,53,0,53
28374,T,53,0,53
28375,T,54,0,54
28376,G,53,0,53
28377,T,53,0,53
28378,A,53,0,53
28379,T,53,0,53
28380,C,52,0,52
28381,A,52,0,52
28382,G,52,0,52
28383,T,50,0,50
28384,G,50,0,50
28385,T,50,0,50
28386,T,51,0,51
28387,G,51,0,51
28388,A,53,0,53
28389,T,51,0,51
28390,G,51,0,51
28391,A,51,0,51
28392,A,51,0,51
28393,T,50,0,50
28394,T,50,0,50
28395,T,50,0,50
28396,T,48,0,48
28397,T,47,0,47
28398,G,46,0,46
28399,T,44,0,44
28400,T,43,0,43
28401,G,43,0,43
28402,T,43,0,43
28403,G,42,0,42
28404,T,42,0,42
28405,A,42,0,42
28406,A,43,0,43
28407,T,43,0,43
28408,G,43,0,43
28409,G,43,0,43
28410,A,42,0,42
28411,T,42,0,42
28412,G,41,0,41
28413,T,41,0,41
28414,T,41,0,41
28415,T,42,0,42
28416,T,42,0,42
28417,T,42,0,42
28418,A,42,0,42
28419,C,40,0,40
28420,A,39,0,39
28421,A,39,0,39
28422,T,39,0,39
28423,T,39,0,39
28424,T,38,0,38
28425,T,39,0,39
28426,G,39,0,39
28427,T,39,0,39
28428,T,39,0,39
28429,A,39,0,39
28430,T,39,0,39
28431,C,37,0,37
28432,G,38,0,38
28433,G,37,0,37
28434,C,38,0,38
28435,A,38,0,38
28436,A,38,0,38
28437,A,38,0,38
28438,A,40,0,40
28439,A,40,0,40
28440,T,39,0,39
28441,T,39,0,39
28442,T,39,0,39
28443,C,39,0,39
28444,A,39,0,39
28445,G,39,0,39
28446,A,39,0,39
28447,T,39,0,39
28448,T,39,0,39
28449,T,39,0,39
28450,T,39,0,39
28451,T,38,0,38
28452,T,38,0,38
28453,G,36,0,36
28454,A,34,0,34
28455,G,36,0,36
28456,A,36,0,36
28457,A,36,0,36
28458,A,36,0,36
28459,A,37,0,37
28460,G,38,0,38
28461,G,38,0,38
28462,A,38,0,38
28463,T,38,0,38
28464,T,37,0,37
28465,T,37,0,37
28466,T,37,0,37
28467,C,37,0,37
28468,A,36,0,36
28469,C,36,0,36
28470,A,37,0,37
28471,C,37,0,37
28472,G,38,0,38
28473,G,40,0,40
28474,T,39,0,39
28475,G,39,0,39
28476,A,39,0,39
28477,A,39,0,39
28478,A,39,0,39
28479,A,39,0,39
28480,T,39,0,39
28481,T,38,0,38
28482,T,37,0,37
28483,T,37,0,37
28484,T,37,0,37
28485,G,38,0,38
28486,C,38,0,38
28487,T,37,0,37
28488,T,36,0,36
28489,T,36,0,36
28490,C,37,0,37
28491,G,36,0,36
28492,C,36,0,36
28493,A,35,0,35
28494,A,36,0,36
28495,G,36,0,36
28496,T,36,0,36
28497,T,35,0,35
28498,T,35,0,35
28499,A,35,0,35
28500,T,35,0,35
28501,T,35,0,35
28502,T,35,0,35
28503,T,34,0,34
28504,A,34,0,34
28505,T,34,0,34
28506,C,35,0,35
28507,C,37,0,37
28508,A,37,0,37
28509,T,38,0,38
28510,T,38,0,38
28511,T,38,0,38
28512,T,38,0,38
28513,G,38,0,38
28514,A,38,0,38
28515,T,38,0,38
28516,T,38,0,38
28517,A,37,0,37
28518,T,34,0,34
28519,C,34,0,34
28520,C,34,0,34
28521,A,33,0,33
28522,T,33,0,33
28523,T,32,0,32
28524,G,32,0,32
28525,A,33,0,33
28526,A,32,0,32
28527,T,32,0,32
28528,T,32,0,32
28529,T,32,0,32
28530,T,32,0,32
28531,T,32,0,32
28532,A,32,0,32
28533,T,31,0,31
28534,G,32,0,32
28535,C,32,0,32
28536,A,32,0,32
28537,T,32,0,32
28538,C,33,0,33
28539,T,31,0,31
28540,A,31,0,31
28541,T,31,0,31
28542,T,31,0,31
28543,A,31,0,31
28544,C,31,0,31
28545,A,31,0,31
28546,A,31,0,31
28547,C,31,0,31
28548,T,31,0,31
28549,T,31,0,31
28550,T,31,0,31
28551,G,31,0,31
28552,G,31,0,31
28553,A,31,0,31
28554,A,31,0,31
28555,T,31,0,31
28556,T,31,0,31
28557,T,30,0,30
28558,T,30,0,30
28559,T,29,0,29
28560,T,29,0,29
28561,T,30,0,30
28562,C,30,0,30
28563,T,31,0,31
28564,T,31,0,31
28565,C,31,0,31
28566,G,30,0,30
28567,C,31,0,31
28568,A,31,0,31
28569,A,31,0,31
28570,A,31,0,31
28571,A,31,0,31
28572,A,31,0,31
28573,A,31,0,31
28574,C,31,0,31
28575,A,31,0,31
28576,A,31,0,31
28577,A,31,0,31
28578,A,31,0,31
28579,T,31,0,31
28580,C,31,0,31
28581,A,31,0,31
28582,A,31,0,31
28583,C,30,0,30
28584,T,29,0,29
28585,T,28,0,28
28586,G,28,0,28
28587,A,28,0,28
28588,C,29,0,29
28589,C,27,0,27
28590,T,29,0,29
28591,T,29,0,29
28592,C,29,0,29
28593,A,29,0,29
28594,A,30,0,30
28595,A,30,0,30
28596,C,30,0,30
28597,G,29,0,29
28598,A,29,0,29
28599,A,28,0,28
28600,T,28,0,28
28601,A,28,0,28
28602,C,29,0,29
28603,A,29,0,29
28604,A,30,0,30
28605,G,30,0,30
28606,A,29,0,29
28607,T,29,0,29
28608,A,28,0,28
28609,G,28,0,28
28610,T,28,0,28
28611,C,28,0,28
28612,T,29,0,29
28613,A,30,0,30
28614,G,30,0,30
28615,T,32,0,32
28616,G,32,0,32
28617,T,32,0,32
28618,T,32,0,32
28619,T,33,0,33
28620,A,33,0,33
28621,T,32,0,32
28622,T,32,0,32
28623,C,31,0,31
28624,T,29,0,29
28625,T,30,0,30
28626,A,30,0,30
28627,T,30,0,30
28628,C,30,0,30
28629,C,30,0,30
28630,T,30,0,30
28631,A,30,0,30
28632,A,30,0,30
28633,T,30,0,30
28634,A,30,0,30
28635,T,30,0,30
28636,G,29,0,29
28637,G,29,0,29
28638,C,29,0,29
28639,A,29,0,29
28640,A,29,0,29
28641,T,28,0,28
28642,T,28,0,28
28643,A,29,0,29
28644,T,30,0,30
28645,A,29,0,29
28646,T,30,0,30
28647,T,30,0,30
28648,A,33,0,33
28649,C,33,0,33
28650,C,33,0,33
28651,A,33,0,33
28652,C,33,0,33
28653,A,34,0,34
28654,A,34,0,34
28655,A,34,0,34
28656,T,34,0,34
28657,G,33,0,33
28658,A,32,0,32
28659,C,32,0,32
28660,T,31,0,31
28661,G,32,0,32
28662,T,32,0,32
28663,T,32,0,32
28664,A,32,0,32
28665,G,31,0,31
28666,T,32,0,32
28667,A,35,0,35
28668,T,36,0,36
28669,A,36,0,36
28670,T,37,0,37
28671,C,37,0,37
28672,A,37,0,37
28673,A,37,0,37
28674,C,37,0,37
28675,T,37,0,37
28676,A,37,0,37
28677,A,38,0,38
28678,A,38,0,38
28679,C,38,0,38
28680,A,38,0,38
28681,A,38,0,38
28682,A,38,0,38
28683,G,39,0,39
28684,A,39,0,39
28685,A,39,0,39
28686,A,39,0,39
28687,G,39,0,39
28688,C,39,0,39
28689,A,38,0,38
28690,A,38,0,38
28691,A,38,0,38
28692,C,38,0,38
28693,C,38,0,38
28694,G,38,0,38
28695,T,38,0,38
28696,T,39,0,39
28697,A,39,0,39
28698,G,41,0,41
28699,G,41,0,41
28700,T,41,0,41
28701,A,41,0,41
28702,T,41,0,41
28703,G,42,0,42
28704,A,44,0,44
28705,T,44,0,44
28706,C,45,0,45
28707,A,45,0,45
28708,G,46,0,46
28709,T,46,0,46
28710,G,46,0,46
28711,T,47,0,47
28712,C,47,0,47
28713,C,47,0,47
28714,T,46,0,46
28715,T,46,0,46
28716,T,48,0,48
28717,C,49,0,49
28718,A,49,0,49
28719,T,49,0,49
28720,G,49,0,49
28721,A,49,0,49
28722,A,49,0,49
28723,T,49,0,49
28724,G,49,0,49
28725,A,49,0,49
28726,T,49,0,49
28727,C,48,0,48
28728,T,48,0,48
28729,T,48,0,48
28730,G,47,0,47
28731,T,47,0,47
28732,G,47,0,47
28733,C,48,0,48
28734,T,48,0,48
28735,T,48,0,48
28736,T,48,0,48
28737,C,48,0,48
28738,T,48,0,48
28739,A,47,0,47
28740,C,48,0,48
28741,T,46,0,46
28742,A,47,0,47
28743,A,47,0,47
28744,G,47,0,47
28745,G,48,0,48
28746,A,49,0,49
28747,T,49,0,49
28748,T,49,0,49
28749,C,49,0,49
28750,A,50,0,50
28751,G,50,0,50
28752,A,50,0,50
28753,A,49,0,49
28754,G,49,0,49
28755,A,47,0,47
28756,G,46,0,46
28757,C,45,0,45
28758,A,45,0,45
28759,G,44,0,44
28760,A,44,0,44
28761,T,44,0,44
28762,C,44,0,44
28763,A,43,0,43
28764,T,42,0,42
28765,T,42,0,42
28766,A,41,0,41
28767,C,41,0,41
28768,T,41,0,41
28769,A,41,0,41
28770,A,41,0,41
28771,T,41,0,41
28772,G,41,0,41
28773,T,41,0,41
28774,T,42,0,42
28775,G,44,0,44
28776,A,43,0,43
28777,A,44,0,44
28778,C,45,0,45
28779,T,45,0,45
28780,C,45,0,45
28781,A,45,0,45
28782,T,45,0,45
28783,T,45,0,45
28784,T,45,0,45
28785,T,45,0,45
28786,T,45,0,45
28787,G,45,0,45
28788,A,45,0,45
28789,T,45,0,45
28790,C,43,0,43
28791,T,44,0,44
28792,C,44,0,44
28793,A,44,0,44
28794,A,43,0,43
28795,A,42,0,42
28796,G,42,0,42
28797,C,41,0,41
28798,A,41,0,41
28799,G,39,0,39
28800,C,39,0,39
28801,A,39,0,39
28802,G,39,0,39
28803,G,39,0,39
28804,A,39,0,39
28805,A,39,0,39
28806,T,39,0,39
28807,A,39,0,39
28808,A,41,0,41
28809,A,41,0,41
28810,A,41,0,41
28811,G,40,0,40
28812,T,39,0,39
28813,T,40,0,40
28814,T,40,0,40
28815,T,42,0,42
28816,T,42,0,42
28817,T,41,0,41
28818,T,38,0,38
28819,A,38,0,38
28820,G,39,0,39
28821,T,38,0,38
28822,T,38,0,38
28823,T,37,0,37
28824,T,37,0,37
28825,G,37,0,37
28826,G,36,0,36
28827,C,36,0,36
28828,T,35,0,35
28829,T,35,0,35
28830,G,35,0,35
28831,G,35,0,35
28832,A,35,0,35
28833,T,35,0,35
28834,A,34,0,34
28835,C,34,0,34
28836,T,33,0,33
28837,T,33,0,33
28838,C,33,0,33
28839,G,34,0,34
28840,G,34,0,34
28841,A,34,0,34
28842,A,34,0,34
28843,C,34,0,34
28844,A,34,0,34
28845,G,34,0,34
28846,A,34,0,34
28847,T,33,0,33
28848,T,33,0,33
28849,A,33,0,33
28850,A,32,0,32
28851,T,32,0,32
28852,T,33,0,33
28853,C,33,0,33
28854,G,33,0,33
28855,C,31,0,31
28856,A,31,0,31
28857,T,30,0,30
28858,G,30,0,30
28859,A,29,0,29
28860,A,29,0,29
28861,T,29,0,29
28862,A,28,0,28
28863,C,28,0,28
28864,A,28,0,28
28865,A,28,0,28
28866,T,28,0,28
28867,A,26,0,26
28868,G,26,0,26
28869,T,26,0,26
28870,T,26,0,26
28871,T,26,0,26
28872,T,26,0,26
28873,G,26,0,26
28874,G,27,0,27
28875,A,27,0,27
28876,T,27,0,27
28877,A,27,0,27
28878,A,27,0,27
28879,A,27,0,27
28880,G,27,0,27
28881,C,28,0,28
28882,T,28,0,28
28883,G,28,0,28
28884,T,26,0,26
28885,T,26,0,26
28886,C,26,0,26
28887,T,26,0,26
28888,A,26,0,26
28889,A,26,0,26
28890,A,26,0,26
28891,A,26,0,26
28892,A,26,0,26
28893,T,25,0,25
28894,G,25,0,25
28895,T,25,0,25
28896,T,26,0,26
28897,T,25,0,25
28898,C,25,0,25
28899,T,25,0,25
28900,T,26,0,26
28901,G,25,0,25
28902,C,26,0,26
28903,G,26,0,26
28904,T,26,0,26
28905,C,26,0,26
28906,T,26,0,26
28907,C,26,0,26
28908,A,26,0,26
28909,A,27,0,27
28910,G,27,0,27
28911,A,27,0,27
28912,C,28,0,28
28913,A,28,0,28
28914,A,27,0,27
28915,A,27,0,27
28916,A,28,0,28
28917,A,28,0,28
28918,A,28,0,28
28919,C,28,0,28
28920,T,28,0,28
28921,A,28,0,28
28922,G,28,0,28
28923,C,28,0,28
28924,A,29,0,29
28925,T,30,0,30
28926,T,28,0,28
28927,G,28,0,28
28928,T,28,0,28
28929,C,28,0,28
28930,A,29,0,29
28931,C,28,0,28
28932,C,28,0,28
28933,A,28,0,28
28934,A,28,0,28
28935,C,30,0,30
28936,A,30,0,30
28937,A,30,0,30
28938,C,32,0,32
28939,C,33,0,33
28940,T,33,0,33
28941,T,33,0,33
28942,T,33,0,33
28943,T,33,0,33
28944,T,33,0,33
28945,C,33,0,33
28946,C,33,0,33
28947,G,33,0,33
28948,T,33,0,33
28949,G,33,0,33
28950,G,33,0,33
28951,T,33,0,33
28952,A,33,0,33
28953,T,33,0,33
28954,A,33,0,33
28955,T,33,0,33
28956,C,32,0,32
28957,A,32,0,32
28958,G,31,0,31
28959,A,29,0,29
28960,A,28,0,28
28961,T,28,0,28
28962,T,28,0,28
28963,A,28,0,28
28964,G,29,0,29
28965,A,29,0,29
28966,A,29,0,29
28967,A,29,0,29
28968,A,30,0,30
28969,A,30,0,30
28970,G,30,0,30
28971,C,29,0,29
28972,G,29,0,29
28973,G,29,0,29
28974,G,29,0,29
28975,C,29,0,29
28976,A,29,0,29
28977,T,29,0,29
28978,T,29,0,29
28979,A,29,0,29
28980,T,29,0,29
28981,T,29,0,29
28982,G,30,0,30
28983,C,30,0,30
28984,T,31,0,31
28985,A,31,0,31
28986,A,31,0,31
28987,A,31,0,31
28988,C,31,0,31
28989,A,31,0,31
28990,A,30,0,30
28991,A,30,0,30
28992,A,30,0,30
28993,C,30,0,30
28994,C,29,0,29
28995,A,29,0,29
28996,T,29,0,29
28997,A,29,0,29
28998,G,29,0,29
28999,A,29,0,29
29000,G,27,0,27
29001,G,27,0,27
29002,T,27,0,27
29003,T,26,0,26
29004,G,26,0,26
29005,G,26,0,26
29006,T,26,0,26
29007,A,26,0,26
29008,T,26,0,26
29009,T,27,0,27
29010,T,27,0,27
29011,T,28,0,28
29012,A,28,0,28
29013,T,28,0,28
29014,A,29,0,29
29015,A,28,0,28
29016,A,28,0,28
29017,T,28,0,28
29018,C,29,0,29
29019,C,27,0,27
29020,A,27,0,27
29021,G,26,0,26
29022,A,26,0,26
29023,T,26,0,26
29024,T,26,0,26
29025,T,27,0,27
29026,T,29,0,29
29027,T,29,0,29
29028,T,29,0,29
29029,A,29,0,29
29030,T,29,0,29
29031,T,29,0,29
29032,G,29,0,29
29033,G,30,0,30
29034,A,30,0,30
29035,T,31,0,31
29036,C,31,0,31
29037,G,31,0,31
29038,T,32,0,32
29039,A,32,0,32
29040,A,32,0,32
29041,G,32,0,32
29042,T,31,0,31
29043,C,31,0,31
29044,A,31,0,31
29045,A,31,0,31
29046,T,31,0,31
29047,T,30,0,30
29048,G,31,0,31
29049,T,32,0,32
29050,T,32,0,32
29051,T,31,0,31
29052,T,30,0,30
29053,T,29,0,29
29054,A,29,0,29
29055,A,29,0,29
29056,A,29,0,29
29057,A,29,0,29
#,region_unique_average_cov,38.2764
#,region_repeat_average_cov,0
#,region_average_cov,38.2764
#,number_of_positions,29057
